order_item_id,order_id,product_id,quantity,unit_price,discount
1,1,66,2,57.22,0.0
2,1,65,2,70.93,0.15
3,1,56,1,529.61,0.0
4,2,66,1,57.22,0.1
5,2,7,3,1377.26,0.0
6,3,36,1,737.92,0.1
7,3,70,2,154.12,0.05
8,3,61,3,15.25,0.0
9,3,30,3,1285.27,0.0
10,3,17,2,791.03,0.05
11,4,26,2,1693.23,0.05
12,4,68,1,243.23,0.1
13,5,55,1,902.48,0.05
14,6,56,3,529.61,0.0
15,6,30,2,1285.27,0.0
16,7,1,1,1223.71,0.0
17,7,34,2,547.42,0.0
18,7,64,1,257.94,0.15
19,8,13,3,722.89,0.2
20,8,29,1,828.29,0.0
21,9,37,2,858.94,0.1
22,9,3,1,1424.23,0.1
23,10,35,2,1435.25,0.0
24,10,26,1,1693.23,0.1
25,10,44,1,187.21,0.1
26,11,10,3,767.94,0.0
27,11,47,3,265.05,0.0
28,12,16,3,2083.72,0.0
29,13,23,3,927.42,0.1
30,13,29,2,828.29,0.0
31,13,22,2,1168.73,0.0
32,13,59,2,698.91,0.0
33,13,47,3,265.05,0.1
34,14,49,2,436.75,0.15
35,14,45,3,212.68,0.0
36,15,35,2,1435.25,0.15
37,16,11,2,427.22,0.0
38,16,39,1,215.23,0.2
39,17,20,3,975.19,0.1
40,17,29,1,828.29,0.05
41,18,34,3,547.42,0.1
42,18,36,3,737.92,0.0
43,18,53,1,930.36,0.05
44,19,30,2,1285.27,0.0
45,20,14,1,1221.37,0.0
46,20,65,2,70.93,0.05
47,20,22,1,1168.73,0.05
48,21,45,1,212.68,0.1
49,22,60,1,32.21,0.0
50,22,13,2,722.89,0.1
51,22,70,1,154.12,0.2
52,22,59,2,698.91,0.0
53,22,46,1,246.91,0.15
54,23,69,2,159.6,0.1
55,23,48,1,778.9,0.0
56,24,29,3,828.29,0.0
57,24,12,1,1306.73,0.0
58,25,32,3,437.67,0.0
59,25,47,3,265.05,0.0
60,25,6,2,1049.63,0.0
61,26,5,1,386.74,0.0
62,27,54,3,563.51,0.0
63,27,30,2,1285.27,0.2
64,27,68,2,243.23,0.2
65,28,59,2,698.91,0.05
66,29,32,3,437.67,0.0
67,29,53,1,930.36,0.0
68,29,62,2,57.48,0.05
69,30,37,1,858.94,0.2
70,31,69,2,159.6,0.1
71,32,31,1,861.0,0.0
72,32,70,1,154.12,0.0
73,33,65,2,70.93,0.0
74,33,7,1,1377.26,0.0
75,33,59,1,698.91,0.05
76,34,63,3,238.99,0.1
77,34,49,3,436.75,0.0
78,34,65,1,70.93,0.0
79,35,11,1,427.22,0.05
80,36,42,2,415.72,0.05
81,37,14,3,1221.37,0.0
82,37,58,3,432.03,0.0
83,38,49,1,436.75,0.0
84,38,64,3,257.94,0.0
85,39,70,2,154.12,0.1
86,40,35,2,1435.25,0.1
87,40,45,3,212.68,0.1
88,40,41,3,157.13,0.0
89,40,25,1,1883.96,0.15
90,40,53,1,930.36,0.0
91,41,37,1,858.94,0.05
92,41,57,2,951.01,0.1
93,42,41,2,157.13,0.0
94,42,35,1,1435.25,0.05
95,42,51,3,275.03,0.05
96,42,59,3,698.91,0.15
97,43,8,2,1443.84,0.1
98,44,2,2,501.92,0.05
99,44,45,3,212.68,0.0
100,44,70,1,154.12,0.0
101,45,28,1,862.43,0.05
102,45,30,1,1285.27,0.0
103,45,47,3,265.05,0.0
104,45,67,1,149.05,0.0
105,46,15,1,269.11,0.05
106,46,69,2,159.6,0.05
107,47,48,3,778.9,0.05
108,47,38,3,388.12,0.0
109,47,26,3,1693.23,0.05
110,47,56,1,529.61,0.0
111,48,51,2,275.03,0.2
112,48,5,1,386.74,0.0
113,48,39,1,215.23,0.1
114,48,68,1,243.23,0.1
115,49,10,2,767.94,0.1
116,49,12,2,1306.73,0.05
117,49,52,3,838.96,0.0
118,50,5,2,386.74,0.05
119,50,58,1,432.03,0.1
120,50,60,3,32.21,0.0
121,51,40,3,452.35,0.15
122,51,17,1,791.03,0.15
123,51,18,3,1824.52,0.0
124,52,40,1,452.35,0.0
125,52,20,1,975.19,0.1
126,52,67,2,149.05,0.05
127,52,68,2,243.23,0.1
128,53,23,3,927.42,0.0
129,54,17,3,791.03,0.05
130,54,18,2,1824.52,0.05
131,55,14,3,1221.37,0.0
132,55,25,1,1883.96,0.05
133,56,60,3,32.21,0.0
134,56,36,2,737.92,0.0
135,56,45,1,212.68,0.05
136,57,42,3,415.72,0.0
137,57,16,2,2083.72,0.05
138,58,45,3,212.68,0.1
139,58,61,2,15.25,0.1
140,58,29,2,828.29,0.0
141,58,24,1,772.31,0.15
142,58,4,2,888.26,0.1
143,59,54,2,563.51,0.0
144,59,57,2,951.01,0.1
145,59,22,3,1168.73,0.0
146,60,25,2,1883.96,0.2
147,61,25,2,1883.96,0.15
148,61,45,3,212.68,0.0
149,61,37,3,858.94,0.1
150,62,38,1,388.12,0.0
151,62,48,2,778.9,0.05
152,63,68,1,243.23,0.0
153,63,60,3,32.21,0.0
154,64,17,1,791.03,0.0
155,64,32,3,437.67,0.0
156,65,31,1,861.0,0.05
157,65,57,1,951.01,0.05
158,65,63,3,238.99,0.1
159,66,64,1,257.94,0.0
160,66,57,1,951.01,0.05
161,67,40,2,452.35,0.0
162,68,48,1,778.9,0.0
163,69,42,3,415.72,0.05
164,70,3,2,1424.23,0.05
165,70,47,2,265.05,0.0
166,70,31,1,861.0,0.0
167,71,30,2,1285.27,0.1
168,72,14,2,1221.37,0.05
169,72,36,3,737.92,0.0
170,72,60,3,32.21,0.05
171,73,27,1,2117.33,0.15
172,73,64,2,257.94,0.0
173,73,60,2,32.21,0.0
174,73,58,1,432.03,0.0
175,74,11,2,427.22,0.1
176,75,39,1,215.23,0.0
177,75,67,2,149.05,0.2
178,76,62,3,57.48,0.0
179,76,42,3,415.72,0.0
180,76,20,1,975.19,0.05
181,77,21,3,2183.44,0.05
182,77,54,3,563.51,0.1
183,77,57,3,951.01,0.05
184,77,16,1,2083.72,0.0
185,78,8,2,1443.84,0.05
186,78,16,1,2083.72,0.05
187,79,40,2,452.35,0.0
188,79,15,3,269.11,0.1
189,80,52,1,838.96,0.0
190,80,25,2,1883.96,0.0
191,80,29,2,828.29,0.2
192,81,24,2,772.31,0.05
193,81,25,1,1883.96,0.0
194,81,22,1,1168.73,0.1
195,82,8,2,1443.84,0.05
196,83,10,2,767.94,0.0
197,83,70,2,154.12,0.0
198,84,57,3,951.01,0.0
199,84,67,2,149.05,0.0
200,84,69,3,159.6,0.0
201,85,22,1,1168.73,0.1
202,85,35,2,1435.25,0.0
203,85,65,3,70.93,0.1
204,86,36,3,737.92,0.1
205,86,35,1,1435.25,0.2
206,87,28,3,862.43,0.1
207,87,17,3,791.03,0.15
208,88,48,3,778.9,0.05
209,88,12,2,1306.73,0.15
210,89,51,1,275.03,0.15
211,89,12,2,1306.73,0.0
212,90,4,3,888.26,0.1
213,90,23,1,927.42,0.0
214,90,11,3,427.22,0.05
215,91,10,2,767.94,0.15
216,91,42,3,415.72,0.15
217,91,27,2,2117.33,0.0
218,92,36,1,737.92,0.1
219,92,35,2,1435.25,0.05
220,93,23,2,927.42,0.0
221,93,29,2,828.29,0.0
222,93,24,3,772.31,0.1
223,94,58,1,432.03,0.0
224,95,29,3,828.29,0.0
225,96,65,2,70.93,0.1
226,96,19,1,777.06,0.15
227,96,38,1,388.12,0.0
228,97,11,2,427.22,0.1
229,98,34,1,547.42,0.1
230,98,63,2,238.99,0.0
231,98,64,1,257.94,0.05
232,98,26,2,1693.23,0.05
233,99,60,1,32.21,0.0
234,100,55,2,902.48,0.0
235,100,66,2,57.22,0.0
236,101,51,3,275.03,0.1
237,101,25,1,1883.96,0.15
238,102,31,2,861.0,0.05
239,102,11,2,427.22,0.0
240,102,35,2,1435.25,0.0
241,102,42,2,415.72,0.0
242,102,66,1,57.22,0.05
243,103,41,2,157.13,0.0
244,104,60,1,32.21,0.0
245,105,19,2,777.06,0.0
246,105,56,3,529.61,0.0
247,105,30,2,1285.27,0.0
248,105,32,2,437.67,0.0
249,106,18,3,1824.52,0.05
250,106,62,3,57.48,0.15
251,107,62,1,57.48,0.15
252,107,59,2,698.91,0.0
253,108,64,3,257.94,0.05
254,108,8,2,1443.84,0.1
255,109,23,2,927.42,0.1
256,109,43,2,488.15,0.0
257,109,36,1,737.92,0.1
258,109,10,2,767.94,0.15
259,109,9,3,1413.9,0.05
260,110,39,3,215.23,0.0
261,110,9,2,1413.9,0.05
262,111,6,2,1049.63,0.0
263,111,4,3,888.26,0.15
264,111,10,3,767.94,0.1
265,111,21,3,2183.44,0.15
266,111,40,2,452.35,0.0
267,112,16,2,2083.72,0.0
268,112,35,3,1435.25,0.15
269,112,54,3,563.51,0.1
270,113,10,2,767.94,0.0
271,113,8,2,1443.84,0.15
272,114,59,3,698.91,0.05
273,114,17,2,791.03,0.0
274,114,31,2,861.0,0.1
275,115,25,1,1883.96,0.0
276,116,52,3,838.96,0.0
277,117,37,2,858.94,0.1
278,117,33,1,889.22,0.05
279,118,1,3,1223.71,0.05
280,119,31,2,861.0,0.0
281,120,34,2,547.42,0.1
282,120,26,3,1693.23,0.0
283,120,60,3,32.21,0.1
284,121,62,2,57.48,0.0
285,122,39,2,215.23,0.15
286,123,3,2,1424.23,0.05
287,124,15,2,269.11,0.0
288,125,33,1,889.22,0.0
289,126,3,3,1424.23,0.0
290,126,45,2,212.68,0.1
291,127,38,1,388.12,0.05
292,128,51,3,275.03,0.05
293,128,43,2,488.15,0.1
294,129,22,2,1168.73,0.0
295,129,5,1,386.74,0.05
296,130,8,2,1443.84,0.1
297,130,43,2,488.15,0.0
298,130,2,3,501.92,0.05
299,131,70,2,154.12,0.05
300,132,38,1,388.12,0.1
301,132,1,3,1223.71,0.15
302,133,4,2,888.26,0.05
303,133,14,2,1221.37,0.0
304,133,16,2,2083.72,0.05
305,133,15,1,269.11,0.0
306,134,37,1,858.94,0.05
307,134,1,1,1223.71,0.05
308,134,32,2,437.67,0.1
309,134,22,3,1168.73,0.0
310,135,9,2,1413.9,0.05
311,136,68,2,243.23,0.15
312,137,44,3,187.21,0.05
313,137,61,2,15.25,0.15
314,138,16,3,2083.72,0.1
315,139,48,3,778.9,0.0
316,139,18,2,1824.52,0.0
317,139,40,1,452.35,0.0
318,139,17,1,791.03,0.0
319,140,59,2,698.91,0.15
320,140,8,1,1443.84,0.05
321,140,44,3,187.21,0.2
322,140,66,1,57.22,0.1
323,140,1,3,1223.71,0.1
324,141,38,3,388.12,0.1
325,142,35,3,1435.25,0.0
326,142,7,1,1377.26,0.2
327,142,69,3,159.6,0.0
328,143,28,2,862.43,0.0
329,143,66,2,57.22,0.0
330,144,55,3,902.48,0.1
331,144,23,1,927.42,0.1
332,145,8,1,1443.84,0.1
333,146,4,2,888.26,0.0
334,147,23,1,927.42,0.0
335,147,22,2,1168.73,0.0
336,147,12,1,1306.73,0.0
337,148,10,3,767.94,0.05
338,149,29,3,828.29,0.1
339,149,28,2,862.43,0.0
340,150,10,1,767.94,0.0
341,151,12,1,1306.73,0.15
342,151,66,1,57.22,0.1
343,152,30,3,1285.27,0.0
344,152,25,3,1883.96,0.05
345,152,6,3,1049.63,0.0
346,153,32,2,437.67,0.0
347,153,3,2,1424.23,0.0
348,153,50,2,118.49,0.05
349,154,51,2,275.03,0.1
350,154,55,3,902.48,0.0
351,155,31,2,861.0,0.2
352,156,18,3,1824.52,0.0
353,156,47,2,265.05,0.0
354,157,3,3,1424.23,0.0
355,157,27,1,2117.33,0.1
356,157,18,3,1824.52,0.1
357,158,50,1,118.49,0.1
358,158,39,1,215.23,0.05
359,158,53,2,930.36,0.05
360,158,41,2,157.13,0.0
361,159,6,3,1049.63,0.2
362,159,28,2,862.43,0.1
363,159,9,2,1413.9,0.0
364,160,69,3,159.6,0.0
365,160,52,1,838.96,0.0
366,160,9,2,1413.9,0.1
367,161,25,3,1883.96,0.0
368,161,5,1,386.74,0.0
369,162,13,1,722.89,0.2
370,163,51,2,275.03,0.15
371,163,33,1,889.22,0.0
372,163,13,1,722.89,0.0
373,164,36,3,737.92,0.05
374,164,40,3,452.35,0.1
375,164,8,3,1443.84,0.0
376,164,1,2,1223.71,0.1
377,164,17,1,791.03,0.2
378,165,62,1,57.48,0.1
379,165,26,3,1693.23,0.1
380,166,7,3,1377.26,0.05
381,166,46,2,246.91,0.1
382,166,24,1,772.31,0.0
383,167,9,1,1413.9,0.2
384,168,17,3,791.03,0.0
385,169,38,3,388.12,0.05
386,169,49,2,436.75,0.2
387,169,9,3,1413.9,0.05
388,170,61,3,15.25,0.2
389,170,46,3,246.91,0.1
390,171,58,2,432.03,0.15
391,171,38,3,388.12,0.0
392,171,22,1,1168.73,0.15
393,172,25,3,1883.96,0.0
394,172,3,1,1424.23,0.0
395,172,64,2,257.94,0.0
396,173,65,1,70.93,0.0
397,173,17,2,791.03,0.0
398,173,44,1,187.21,0.0
399,174,50,1,118.49,0.0
400,174,12,2,1306.73,0.0
401,174,54,2,563.51,0.15
402,175,50,1,118.49,0.05
403,175,38,3,388.12,0.0
404,176,30,1,1285.27,0.0
405,176,32,1,437.67,0.1
406,177,66,2,57.22,0.1
407,177,1,3,1223.71,0.0
408,178,14,1,1221.37,0.1
409,179,23,1,927.42,0.0
410,180,39,3,215.23,0.0
411,180,65,3,70.93,0.15
412,181,68,3,243.23,0.05
413,181,1,3,1223.71,0.0
414,181,18,2,1824.52,0.0
415,182,7,1,1377.26,0.0
416,182,68,1,243.23,0.1
417,182,51,3,275.03,0.0
418,183,68,1,243.23,0.1
419,184,51,3,275.03,0.15
420,184,40,1,452.35,0.1
421,185,4,3,888.26,0.15
422,185,59,1,698.91,0.0
423,185,37,1,858.94,0.0
424,186,24,3,772.31,0.0
425,187,25,3,1883.96,0.1
426,187,19,1,777.06,0.1
427,187,1,3,1223.71,0.05
428,187,53,2,930.36,0.1
429,188,54,1,563.51,0.05
430,188,7,3,1377.26,0.0
431,189,9,1,1413.9,0.0
432,189,44,2,187.21,0.0
433,189,65,2,70.93,0.15
434,190,46,3,246.91,0.15
435,190,37,2,858.94,0.0
436,191,8,2,1443.84,0.05
437,191,57,1,951.01,0.1
438,191,16,1,2083.72,0.2
439,192,37,2,858.94,0.05
440,192,41,3,157.13,0.0
441,193,50,3,118.49,0.1
442,194,68,3,243.23,0.1
443,194,8,3,1443.84,0.0
444,194,5,1,386.74,0.0
445,195,7,3,1377.26,0.0
446,195,53,1,930.36,0.1
447,195,69,1,159.6,0.05
448,196,66,1,57.22,0.0
449,196,33,2,889.22,0.0
450,196,60,2,32.21,0.15
451,197,70,2,154.12,0.0
452,197,53,3,930.36,0.0
453,198,20,3,975.19,0.0
454,199,22,3,1168.73,0.0
455,200,48,2,778.9,0.0
456,201,19,3,777.06,0.0
457,202,25,2,1883.96,0.0
458,203,61,3,15.25,0.1
459,203,20,2,975.19,0.05
460,204,13,1,722.89,0.1
461,204,26,3,1693.23,0.1
462,205,64,1,257.94,0.0
463,205,31,2,861.0,0.0
464,205,57,3,951.01,0.05
465,206,4,2,888.26,0.0
466,207,23,3,927.42,0.1
467,207,68,3,243.23,0.05
468,208,47,3,265.05,0.0
469,208,1,3,1223.71,0.15
470,208,30,1,1285.27,0.0
471,209,15,3,269.11,0.0
472,209,10,2,767.94,0.15
473,210,44,1,187.21,0.15
474,210,62,3,57.48,0.15
475,211,45,2,212.68,0.0
476,211,22,3,1168.73,0.1
477,212,33,1,889.22,0.0
478,212,23,3,927.42,0.0
479,212,61,3,15.25,0.0
480,213,17,3,791.03,0.0
481,214,23,1,927.42,0.0
482,214,30,2,1285.27,0.0
483,215,25,2,1883.96,0.05
484,215,61,1,15.25,0.2
485,215,44,2,187.21,0.15
486,216,60,1,32.21,0.05
487,216,7,1,1377.26,0.05
488,217,32,1,437.67,0.05
489,217,17,3,791.03,0.1
490,217,67,1,149.05,0.0
491,218,42,3,415.72,0.05
492,219,51,2,275.03,0.0
493,220,68,2,243.23,0.0
494,220,49,1,436.75,0.0
495,220,27,1,2117.33,0.05
496,221,2,2,501.92,0.0
497,221,15,3,269.11,0.1
498,222,14,3,1221.37,0.05
499,222,23,3,927.42,0.05
500,223,54,2,563.51,0.05
501,224,24,2,772.31,0.0
502,224,48,2,778.9,0.0
503,225,6,1,1049.63,0.1
504,225,70,2,154.12,0.1
505,226,40,3,452.35,0.0
506,226,14,2,1221.37,0.05
507,226,52,2,838.96,0.0
508,226,31,2,861.0,0.1
509,227,50,2,118.49,0.0
510,227,44,1,187.21,0.0
511,227,53,1,930.36,0.15
512,228,31,3,861.0,0.2
513,228,4,3,888.26,0.05
514,229,7,2,1377.26,0.05
515,229,65,3,70.93,0.05
516,229,68,3,243.23,0.0
517,230,27,2,2117.33,0.05
518,230,30,1,1285.27,0.0
519,230,54,2,563.51,0.0
520,231,39,1,215.23,0.0
521,231,37,1,858.94,0.1
522,232,63,1,238.99,0.05
523,232,52,1,838.96,0.1
524,233,11,3,427.22,0.05
525,233,63,2,238.99,0.0
526,234,10,3,767.94,0.15
527,235,8,2,1443.84,0.0
528,236,6,2,1049.63,0.15
529,237,68,2,243.23,0.0
530,238,21,2,2183.44,0.0
531,238,16,3,2083.72,0.05
532,239,51,1,275.03,0.0
533,240,49,3,436.75,0.0
534,240,30,2,1285.27,0.15
535,240,25,1,1883.96,0.15
536,241,70,2,154.12,0.0
537,241,35,3,1435.25,0.0
538,241,44,1,187.21,0.05
539,241,69,2,159.6,0.0
540,242,63,3,238.99,0.0
541,242,55,2,902.48,0.0
542,242,50,2,118.49,0.0
543,242,60,1,32.21,0.05
544,242,27,2,2117.33,0.05
545,243,62,1,57.48,0.15
546,244,35,3,1435.25,0.15
547,245,2,3,501.92,0.0
548,245,51,2,275.03,0.0
549,245,37,2,858.94,0.05
550,246,15,2,269.11,0.0
551,246,35,3,1435.25,0.1
552,246,33,2,889.22,0.1
553,246,26,1,1693.23,0.15
554,247,9,2,1413.9,0.0
555,247,7,3,1377.26,0.05
556,248,22,2,1168.73,0.0
557,248,32,3,437.67,0.1
558,249,43,3,488.15,0.05
559,249,44,3,187.21,0.05
560,250,36,3,737.92,0.1
561,251,30,2,1285.27,0.0
562,251,53,2,930.36,0.05
563,252,32,3,437.67,0.2
564,252,67,3,149.05,0.0
565,252,35,1,1435.25,0.05
566,253,2,2,501.92,0.0
567,253,21,1,2183.44,0.1
568,254,12,2,1306.73,0.0
569,254,44,2,187.21,0.05
570,255,15,2,269.11,0.1
571,255,25,2,1883.96,0.2
572,256,68,1,243.23,0.1
573,257,30,3,1285.27,0.05
574,257,1,2,1223.71,0.2
575,258,52,3,838.96,0.15
576,258,70,1,154.12,0.05
577,258,5,2,386.74,0.2
578,258,1,2,1223.71,0.0
579,259,64,3,257.94,0.15
580,259,14,2,1221.37,0.05
581,259,45,3,212.68,0.0
582,260,1,1,1223.71,0.15
583,261,41,3,157.13,0.0
584,261,27,3,2117.33,0.05
585,261,28,1,862.43,0.0
586,261,29,3,828.29,0.0
587,262,64,2,257.94,0.0
588,262,65,2,70.93,0.1
589,262,10,2,767.94,0.1
590,263,32,1,437.67,0.05
591,263,14,1,1221.37,0.15
592,263,24,1,772.31,0.1
593,264,64,3,257.94,0.05
594,264,68,3,243.23,0.0
595,265,28,1,862.43,0.1
596,265,25,2,1883.96,0.0
597,266,35,3,1435.25,0.0
598,266,69,1,159.6,0.0
599,267,30,2,1285.27,0.05
600,267,27,3,2117.33,0.0
601,267,10,1,767.94,0.1
602,268,48,1,778.9,0.05
603,268,45,3,212.68,0.1
604,268,3,3,1424.23,0.05
605,269,40,1,452.35,0.0
606,270,25,3,1883.96,0.1
607,270,45,1,212.68,0.0
608,270,70,1,154.12,0.0
609,270,43,3,488.15,0.1
610,271,44,2,187.21,0.05
611,271,37,1,858.94,0.1
612,272,21,2,2183.44,0.0
613,272,58,2,432.03,0.15
614,273,61,2,15.25,0.05
615,273,47,1,265.05,0.05
616,273,48,2,778.9,0.1
617,273,69,2,159.6,0.0
618,274,36,1,737.92,0.15
619,274,67,3,149.05,0.0
620,274,26,3,1693.23,0.1
621,275,69,3,159.6,0.0
622,275,39,3,215.23,0.15
623,275,11,1,427.22,0.0
624,276,13,2,722.89,0.0
625,276,10,2,767.94,0.2
626,277,55,3,902.48,0.0
627,277,5,1,386.74,0.05
628,278,15,1,269.11,0.1
629,279,4,2,888.26,0.15
630,279,41,3,157.13,0.0
631,279,28,3,862.43,0.05
632,279,1,1,1223.71,0.0
633,280,27,3,2117.33,0.15
634,281,8,2,1443.84,0.0
635,282,41,2,157.13,0.0
636,282,35,2,1435.25,0.0
637,282,53,3,930.36,0.2
638,283,4,2,888.26,0.0
639,283,6,3,1049.63,0.0
640,283,8,2,1443.84,0.0
641,283,66,3,57.22,0.2
642,283,52,1,838.96,0.0
643,284,60,1,32.21,0.05
644,285,25,2,1883.96,0.0
645,285,29,1,828.29,0.15
646,286,33,2,889.22,0.05
647,286,13,1,722.89,0.05
648,286,20,3,975.19,0.0
649,287,14,1,1221.37,0.0
650,288,36,2,737.92,0.2
651,289,29,3,828.29,0.15
652,289,35,1,1435.25,0.0
653,289,20,3,975.19,0.0
654,290,52,1,838.96,0.0
655,290,9,1,1413.9,0.0
656,290,54,1,563.51,0.2
657,291,15,2,269.11,0.0
658,291,18,1,1824.52,0.1
659,291,14,1,1221.37,0.0
660,291,7,1,1377.26,0.0
661,292,42,1,415.72,0.0
662,293,29,3,828.29,0.1
663,293,42,3,415.72,0.2
664,293,27,1,2117.33,0.05
665,293,13,2,722.89,0.15
666,294,47,2,265.05,0.15
667,294,46,2,246.91,0.15
668,295,48,1,778.9,0.1
669,296,8,3,1443.84,0.0
670,296,32,2,437.67,0.0
671,296,69,3,159.6,0.0
672,297,29,2,828.29,0.0
673,297,8,1,1443.84,0.0
674,297,47,2,265.05,0.1
675,298,12,1,1306.73,0.15
676,298,25,3,1883.96,0.0
677,299,53,2,930.36,0.2
678,299,69,2,159.6,0.1
679,300,33,1,889.22,0.2
680,300,27,2,2117.33,0.1
681,300,51,2,275.03,0.1
682,301,27,3,2117.33,0.2
683,302,34,1,547.42,0.05
684,302,31,3,861.0,0.1
685,302,26,3,1693.23,0.0
686,303,55,1,902.48,0.1
687,303,14,1,1221.37,0.2
688,304,6,1,1049.63,0.05
689,304,65,2,70.93,0.0
690,304,47,3,265.05,0.0
691,304,52,1,838.96,0.0
692,305,64,1,257.94,0.0
693,306,45,3,212.68,0.2
694,306,23,3,927.42,0.05
695,306,66,3,57.22,0.0
696,307,15,3,269.11,0.05
697,307,56,3,529.61,0.1
698,307,8,3,1443.84,0.1
699,308,49,1,436.75,0.0
700,308,17,2,791.03,0.0
701,309,47,3,265.05,0.1
702,309,7,2,1377.26,0.0
703,309,64,2,257.94,0.15
704,310,34,3,547.42,0.05
705,311,34,3,547.42,0.05
706,311,9,2,1413.9,0.05
707,312,25,1,1883.96,0.0
708,313,47,3,265.05,0.1
709,313,16,3,2083.72,0.1
710,314,14,1,1221.37,0.0
711,314,26,3,1693.23,0.1
712,315,17,2,791.03,0.1
713,316,30,2,1285.27,0.2
714,316,52,3,838.96,0.0
715,317,4,3,888.26,0.0
716,317,55,2,902.48,0.0
717,318,20,3,975.19,0.0
718,319,61,2,15.25,0.0
719,319,51,2,275.03,0.1
720,320,23,1,927.42,0.0
721,321,51,1,275.03,0.05
722,321,59,3,698.91,0.15
723,321,64,1,257.94,0.1
724,322,50,1,118.49,0.0
725,322,43,2,488.15,0.1
726,322,13,3,722.89,0.0
727,323,68,2,243.23,0.1
728,323,40,3,452.35,0.0
729,323,23,1,927.42,0.05
730,324,47,2,265.05,0.0
731,324,32,1,437.67,0.05
732,325,37,1,858.94,0.2
733,326,63,3,238.99,0.0
734,326,44,3,187.21,0.1
735,326,59,2,698.91,0.0
736,327,46,3,246.91,0.0
737,327,8,1,1443.84,0.05
738,328,35,3,1435.25,0.0
739,329,6,3,1049.63,0.1
740,330,29,3,828.29,0.0
741,330,36,1,737.92,0.0
742,331,52,3,838.96,0.1
743,331,48,3,778.9,0.0
744,332,36,2,737.92,0.0
745,332,43,3,488.15,0.0
746,333,61,2,15.25,0.05
747,333,54,2,563.51,0.05
748,334,22,1,1168.73,0.1
749,334,31,3,861.0,0.0
750,335,17,3,791.03,0.0
751,335,63,1,238.99,0.05
752,335,40,1,452.35,0.05
753,336,69,3,159.6,0.1
754,336,66,2,57.22,0.0
755,336,24,3,772.31,0.0
756,337,9,3,1413.9,0.05
757,337,39,1,215.23,0.0
758,338,49,3,436.75,0.05
759,338,47,1,265.05,0.05
760,339,45,3,212.68,0.0
761,339,2,2,501.92,0.1
762,339,55,2,902.48,0.05
763,340,8,2,1443.84,0.0
764,340,13,2,722.89,0.1
765,341,67,1,149.05,0.05
766,342,29,3,828.29,0.15
767,342,8,3,1443.84,0.05
768,343,14,3,1221.37,0.05
769,343,33,1,889.22,0.1
770,344,27,1,2117.33,0.0
771,344,21,1,2183.44,0.15
772,344,33,3,889.22,0.0
773,345,24,3,772.31,0.0
774,346,33,1,889.22,0.2
775,347,36,2,737.92,0.0
776,347,24,2,772.31,0.15
777,347,29,3,828.29,0.05
778,348,58,1,432.03,0.0
779,348,27,3,2117.33,0.05
780,348,43,3,488.15,0.05
781,349,62,3,57.48,0.0
782,349,54,1,563.51,0.05
783,350,47,3,265.05,0.15
784,350,12,1,1306.73,0.0
785,351,12,3,1306.73,0.05
786,351,16,1,2083.72,0.0
787,352,4,2,888.26,0.15
788,352,19,1,777.06,0.1
789,353,58,3,432.03,0.15
790,353,36,3,737.92,0.05
791,354,30,3,1285.27,0.0
792,354,37,1,858.94,0.15
793,354,45,2,212.68,0.0
794,354,55,3,902.48,0.0
795,354,7,1,1377.26,0.0
796,355,56,3,529.61,0.0
797,356,62,3,57.48,0.05
798,356,63,2,238.99,0.0
799,356,52,3,838.96,0.15
800,356,58,1,432.03,0.0
801,357,19,3,777.06,0.0
802,358,55,3,902.48,0.0
803,358,10,2,767.94,0.0
804,358,30,1,1285.27,0.0
805,358,60,1,32.21,0.05
806,359,37,1,858.94,0.05
807,359,53,3,930.36,0.15
808,360,38,1,388.12,0.05
809,360,56,3,529.61,0.05
810,360,55,2,902.48,0.0
811,360,9,3,1413.9,0.0
812,361,4,2,888.26,0.2
813,361,43,2,488.15,0.1
814,362,70,2,154.12,0.1
815,362,28,1,862.43,0.0
816,362,10,3,767.94,0.0
817,363,17,2,791.03,0.0
818,363,69,1,159.6,0.2
819,364,21,2,2183.44,0.05
820,364,29,2,828.29,0.0
821,365,53,1,930.36,0.2
822,366,43,2,488.15,0.0
823,367,38,1,388.12,0.0
824,367,8,2,1443.84,0.0
825,368,19,2,777.06,0.1
826,369,42,3,415.72,0.1
827,369,62,3,57.48,0.05
828,370,48,2,778.9,0.0
829,370,4,1,888.26,0.1
830,370,50,1,118.49,0.0
831,371,5,1,386.74,0.1
832,371,4,3,888.26,0.0
833,372,45,1,212.68,0.0
834,372,26,2,1693.23,0.2
835,372,15,2,269.11,0.0
836,373,47,2,265.05,0.0
837,373,70,1,154.12,0.1
838,373,59,2,698.91,0.0
839,373,60,2,32.21,0.1
840,373,1,1,1223.71,0.0
841,374,8,3,1443.84,0.0
842,375,20,1,975.19,0.15
843,375,32,1,437.67,0.0
844,375,21,1,2183.44,0.0
845,376,35,3,1435.25,0.05
846,376,39,1,215.23,0.1
847,376,6,1,1049.63,0.0
848,377,63,1,238.99,0.0
849,377,47,2,265.05,0.0
850,378,70,1,154.12,0.05
851,378,38,1,388.12,0.0
852,378,44,1,187.21,0.0
853,378,12,3,1306.73,0.0
854,378,9,1,1413.9,0.0
855,379,3,3,1424.23,0.15
856,379,53,2,930.36,0.05
857,380,12,3,1306.73,0.1
858,380,36,3,737.92,0.05
859,380,5,1,386.74,0.1
860,380,18,1,1824.52,0.05
861,380,34,3,547.42,0.0
862,381,9,3,1413.9,0.0
863,382,48,3,778.9,0.0
864,382,53,3,930.36,0.15
865,383,52,2,838.96,0.1
866,383,15,2,269.11,0.05
867,383,53,3,930.36,0.05
868,383,29,2,828.29,0.1
869,383,68,3,243.23,0.0
870,384,28,3,862.43,0.15
871,385,12,3,1306.73,0.0
872,386,1,2,1223.71,0.0
873,386,50,2,118.49,0.05
874,386,62,1,57.48,0.1
875,387,55,2,902.48,0.15
876,387,45,1,212.68,0.0
877,387,42,3,415.72,0.0
878,387,8,3,1443.84,0.0
879,387,44,2,187.21,0.0
880,388,11,3,427.22,0.0
881,389,62,3,57.48,0.1
882,389,56,3,529.61,0.0
883,390,25,1,1883.96,0.1
884,391,43,2,488.15,0.1
885,391,41,1,157.13,0.15
886,391,42,1,415.72,0.0
887,392,35,2,1435.25,0.05
888,393,14,2,1221.37,0.0
889,393,10,2,767.94,0.1
890,394,21,2,2183.44,0.05
891,395,17,2,791.03,0.0
892,395,44,1,187.21,0.0
893,396,21,2,2183.44,0.1
894,396,5,1,386.74,0.1
895,396,15,3,269.11,0.05
896,397,8,1,1443.84,0.1
897,397,41,3,157.13,0.0
898,397,68,1,243.23,0.0
899,397,1,3,1223.71,0.0
900,398,10,3,767.94,0.05
901,399,65,3,70.93,0.05
902,400,39,1,215.23,0.0
903,400,41,3,157.13,0.0
904,400,35,1,1435.25,0.05
905,401,4,1,888.26,0.1
906,401,3,2,1424.23,0.1
907,401,28,1,862.43,0.1
908,401,68,1,243.23,0.05
909,402,57,3,951.01,0.05
910,403,26,3,1693.23,0.1
911,403,11,3,427.22,0.0
912,404,49,1,436.75,0.1
913,404,59,1,698.91,0.1
914,405,17,3,791.03,0.05
915,406,44,2,187.21,0.0
916,406,29,2,828.29,0.05
917,406,39,2,215.23,0.1
918,407,50,2,118.49,0.1
919,407,24,2,772.31,0.1
920,407,16,3,2083.72,0.05
921,408,56,1,529.61,0.1
922,408,20,1,975.19,0.0
923,409,10,3,767.94,0.0
924,409,29,1,828.29,0.0
925,409,39,3,215.23,0.0
926,409,42,3,415.72,0.0
927,410,53,3,930.36,0.1
928,411,48,1,778.9,0.0
929,411,23,2,927.42,0.15
930,412,11,2,427.22,0.0
931,412,5,2,386.74,0.0
932,413,12,1,1306.73,0.0
933,413,4,3,888.26,0.0
934,413,10,1,767.94,0.0
935,414,38,2,388.12,0.0
936,415,54,2,563.51,0.05
937,416,7,2,1377.26,0.0
938,417,5,1,386.74,0.0
939,417,45,2,212.68,0.0
940,417,40,3,452.35,0.1
941,417,26,3,1693.23,0.0
942,418,21,3,2183.44,0.0
943,418,1,1,1223.71,0.2
944,419,58,2,432.03,0.1
945,420,19,2,777.06,0.0
946,420,8,1,1443.84,0.0
947,420,18,2,1824.52,0.0
948,421,26,1,1693.23,0.0
949,421,14,1,1221.37,0.0
950,421,8,2,1443.84,0.0
951,422,6,1,1049.63,0.0
952,423,27,3,2117.33,0.0
953,424,25,2,1883.96,0.05
954,425,44,3,187.21,0.05
955,425,31,1,861.0,0.1
956,426,30,2,1285.27,0.05
957,426,68,3,243.23,0.05
958,426,32,1,437.67,0.15
959,426,29,3,828.29,0.0
960,426,55,1,902.48,0.05
961,427,10,3,767.94,0.05
962,427,5,2,386.74,0.05
963,428,63,3,238.99,0.05
964,429,53,1,930.36,0.0
965,430,30,2,1285.27,0.0
966,430,65,1,70.93,0.0
967,431,33,1,889.22,0.0
968,431,52,3,838.96,0.1
969,431,53,2,930.36,0.0
970,432,47,1,265.05,0.1
971,432,22,2,1168.73,0.1
972,432,60,3,32.21,0.1
973,433,16,1,2083.72,0.05
974,433,8,3,1443.84,0.1
975,433,30,3,1285.27,0.15
976,434,68,3,243.23,0.0
977,434,36,3,737.92,0.0
978,434,43,1,488.15,0.0
979,434,44,2,187.21,0.2
980,434,69,1,159.6,0.0
981,435,48,2,778.9,0.05
982,435,53,2,930.36,0.0
983,436,17,1,791.03,0.0
984,437,49,2,436.75,0.0
985,438,50,1,118.49,0.2
986,438,32,3,437.67,0.1
987,438,39,2,215.23,0.0
988,439,70,3,154.12,0.0
989,439,20,1,975.19,0.1
990,439,31,1,861.0,0.05
991,439,11,2,427.22,0.15
992,440,24,3,772.31,0.0
993,440,50,2,118.49,0.2
994,440,45,1,212.68,0.05
995,441,69,3,159.6,0.0
996,441,52,3,838.96,0.0
997,442,15,2,269.11,0.05
998,443,9,3,1413.9,0.1
999,443,23,2,927.42,0.0
1000,444,61,1,15.25,0.05
1001,444,3,2,1424.23,0.1
1002,445,52,3,838.96,0.05
1003,445,44,1,187.21,0.15
1004,445,43,1,488.15,0.1
1005,446,67,3,149.05,0.05
1006,446,22,3,1168.73,0.0
1007,446,60,1,32.21,0.05
1008,447,20,1,975.19,0.05
1009,448,30,3,1285.27,0.1
1010,448,38,2,388.12,0.05
1011,449,46,2,246.91,0.0
1012,450,12,1,1306.73,0.05
1013,450,43,1,488.15,0.15
1014,450,67,3,149.05,0.0
1015,451,4,2,888.26,0.0
1016,451,49,2,436.75,0.0
1017,452,33,1,889.22,0.2
1018,452,17,2,791.03,0.1
1019,452,21,2,2183.44,0.15
1020,453,1,3,1223.71,0.0
1021,453,66,2,57.22,0.05
1022,454,44,1,187.21,0.1
1023,454,21,1,2183.44,0.0
1024,455,57,2,951.01,0.05
1025,456,34,3,547.42,0.15
1026,456,15,3,269.11,0.05
1027,456,66,2,57.22,0.0
1028,457,3,3,1424.23,0.1
1029,458,9,1,1413.9,0.2
1030,458,70,1,154.12,0.0
1031,459,25,1,1883.96,0.05
1032,459,35,1,1435.25,0.1
1033,460,7,3,1377.26,0.1
1034,460,63,2,238.99,0.1
1035,461,66,1,57.22,0.0
1036,461,39,2,215.23,0.0
1037,462,3,3,1424.23,0.05
1038,463,14,3,1221.37,0.0
1039,463,68,3,243.23,0.1
1040,464,55,3,902.48,0.0
1041,464,3,3,1424.23,0.0
1042,464,8,3,1443.84,0.1
1043,465,24,1,772.31,0.05
1044,465,45,3,212.68,0.0
1045,465,41,3,157.13,0.0
1046,466,2,3,501.92,0.1
1047,466,58,2,432.03,0.1
1048,466,33,3,889.22,0.0
1049,467,28,1,862.43,0.15
1050,467,64,2,257.94,0.0
1051,468,3,2,1424.23,0.15
1052,468,10,2,767.94,0.0
1053,469,65,1,70.93,0.0
1054,469,59,2,698.91,0.1
1055,469,42,1,415.72,0.1
1056,470,38,1,388.12,0.0
1057,470,36,2,737.92,0.0
1058,470,41,3,157.13,0.15
1059,470,51,1,275.03,0.0
1060,471,14,3,1221.37,0.0
1061,471,66,3,57.22,0.15
1062,472,40,3,452.35,0.0
1063,472,70,1,154.12,0.2
1064,473,48,3,778.9,0.05
1065,474,29,3,828.29,0.1
1066,474,50,1,118.49,0.0
1067,475,51,3,275.03,0.0
1068,475,58,1,432.03,0.0
1069,476,53,3,930.36,0.0
1070,476,20,2,975.19,0.0
1071,476,33,1,889.22,0.15
1072,476,50,2,118.49,0.1
1073,477,4,2,888.26,0.0
1074,478,57,1,951.01,0.15
1075,478,1,1,1223.71,0.1
1076,479,61,1,15.25,0.1
1077,480,1,3,1223.71,0.05
1078,480,68,2,243.23,0.05
1079,480,61,3,15.25,0.0
1080,481,17,2,791.03,0.05
1081,481,33,2,889.22,0.05
1082,481,65,2,70.93,0.05
1083,482,33,1,889.22,0.0
1084,483,63,2,238.99,0.0
1085,483,48,1,778.9,0.1
1086,483,53,1,930.36,0.0
1087,483,14,2,1221.37,0.15
1088,484,57,1,951.01,0.05
1089,484,38,2,388.12,0.1
1090,484,62,1,57.48,0.0
1091,484,43,2,488.15,0.2
1092,484,9,1,1413.9,0.15
1093,485,66,3,57.22,0.0
1094,486,45,1,212.68,0.0
1095,486,53,2,930.36,0.0
1096,486,23,2,927.42,0.15
1097,486,21,3,2183.44,0.0
1098,486,33,2,889.22,0.0
1099,487,31,2,861.0,0.15
1100,487,68,2,243.23,0.0
1101,487,49,1,436.75,0.0
1102,487,45,3,212.68,0.1
1103,487,9,2,1413.9,0.05
1104,488,2,3,501.92,0.05
1105,488,28,2,862.43,0.1
1106,488,5,3,386.74,0.15
1107,488,34,1,547.42,0.05
1108,489,52,1,838.96,0.0
1109,489,35,1,1435.25,0.0
1110,490,69,2,159.6,0.0
1111,491,30,2,1285.27,0.05
1112,491,60,3,32.21,0.0
1113,491,61,3,15.25,0.0
1114,491,2,1,501.92,0.05
1115,492,4,2,888.26,0.0
1116,492,70,2,154.12,0.15
1117,492,15,2,269.11,0.1
1118,493,35,2,1435.25,0.2
1119,493,40,2,452.35,0.0
1120,494,9,3,1413.9,0.0
1121,494,2,1,501.92,0.0
1122,494,30,1,1285.27,0.1
1123,495,37,3,858.94,0.05
1124,496,18,2,1824.52,0.1
1125,496,69,1,159.6,0.0
1126,496,1,1,1223.71,0.0
1127,496,5,1,386.74,0.15
1128,497,43,1,488.15,0.2
1129,497,45,3,212.68,0.15
1130,498,9,2,1413.9,0.1
1131,498,1,1,1223.71,0.05
1132,498,69,2,159.6,0.0
1133,499,46,2,246.91,0.05
1134,499,14,2,1221.37,0.0
1135,499,67,1,149.05,0.1
1136,499,66,2,57.22,0.05
1137,499,34,3,547.42,0.0
1138,500,31,2,861.0,0.1
1139,500,55,2,902.48,0.0
1140,500,18,3,1824.52,0.1
1141,500,36,1,737.92,0.0
1142,501,50,1,118.49,0.1
1143,501,9,3,1413.9,0.0
1144,501,11,1,427.22,0.1
1145,502,56,3,529.61,0.15
1146,502,47,1,265.05,0.15
1147,502,3,3,1424.23,0.0
1148,502,31,3,861.0,0.0
1149,502,58,2,432.03,0.1
1150,503,22,3,1168.73,0.0
1151,503,26,2,1693.23,0.0
1152,503,55,3,902.48,0.15
1153,504,20,1,975.19,0.05
1154,504,53,3,930.36,0.0
1155,505,38,2,388.12,0.15
1156,505,45,1,212.68,0.1
1157,505,51,1,275.03,0.0
1158,506,36,1,737.92,0.05
1159,506,18,2,1824.52,0.1
1160,507,51,3,275.03,0.0
1161,507,35,2,1435.25,0.2
1162,507,66,2,57.22,0.0
1163,508,33,2,889.22,0.0
1164,509,24,2,772.31,0.0
1165,510,70,1,154.12,0.05
1166,510,65,1,70.93,0.0
1167,510,27,2,2117.33,0.1
1168,510,50,2,118.49,0.0
1169,511,56,3,529.61,0.0
1170,511,42,1,415.72,0.0
1171,511,17,3,791.03,0.0
1172,512,32,3,437.67,0.05
1173,512,43,3,488.15,0.1
1174,513,7,2,1377.26,0.0
1175,513,19,3,777.06,0.1
1176,513,51,2,275.03,0.2
1177,514,10,2,767.94,0.05
1178,515,26,2,1693.23,0.1
1179,515,48,1,778.9,0.05
1180,515,55,1,902.48,0.0
1181,516,68,3,243.23,0.0
1182,517,44,3,187.21,0.0
1183,517,26,1,1693.23,0.0
1184,517,7,3,1377.26,0.05
1185,518,70,3,154.12,0.0
1186,518,23,1,927.42,0.05
1187,518,10,1,767.94,0.1
1188,519,32,1,437.67,0.05
1189,519,35,1,1435.25,0.05
1190,520,53,1,930.36,0.0
1191,520,27,2,2117.33,0.1
1192,520,33,1,889.22,0.15
1193,520,40,2,452.35,0.05
1194,521,42,3,415.72,0.0
1195,521,68,3,243.23,0.0
1196,522,66,1,57.22,0.0
1197,522,29,1,828.29,0.0
1198,522,26,2,1693.23,0.0
1199,522,23,3,927.42,0.1
1200,523,8,1,1443.84,0.2
1201,524,9,2,1413.9,0.1
1202,525,52,1,838.96,0.2
1203,525,33,3,889.22,0.05
1204,526,2,1,501.92,0.0
1205,526,66,3,57.22,0.05
1206,527,70,3,154.12,0.0
1207,527,16,1,2083.72,0.0
1208,528,37,3,858.94,0.0
1209,529,27,1,2117.33,0.05
1210,529,35,2,1435.25,0.0
1211,530,8,3,1443.84,0.0
1212,530,6,3,1049.63,0.0
1213,531,68,3,243.23,0.1
1214,531,61,1,15.25,0.1
1215,532,60,2,32.21,0.05
1216,533,26,1,1693.23,0.0
1217,533,22,2,1168.73,0.0
1218,533,37,3,858.94,0.0
1219,533,60,1,32.21,0.1
1220,534,57,2,951.01,0.0
1221,534,48,2,778.9,0.1
1222,535,52,3,838.96,0.0
1223,535,40,1,452.35,0.0
1224,535,11,3,427.22,0.1
1225,535,66,1,57.22,0.0
1226,535,41,2,157.13,0.1
1227,536,66,3,57.22,0.0
1228,536,54,3,563.51,0.05
1229,537,2,1,501.92,0.1
1230,537,22,3,1168.73,0.1
1231,538,50,1,118.49,0.05
1232,539,24,2,772.31,0.05
1233,539,14,3,1221.37,0.1
1234,540,49,1,436.75,0.0
1235,540,40,1,452.35,0.0
1236,541,22,2,1168.73,0.0
1237,541,4,3,888.26,0.05
1238,541,40,3,452.35,0.15
1239,542,29,3,828.29,0.0
1240,542,23,2,927.42,0.0
1241,542,31,2,861.0,0.15
1242,543,22,2,1168.73,0.05
1243,543,9,3,1413.9,0.1
1244,543,19,1,777.06,0.05
1245,543,55,3,902.48,0.15
1246,543,38,3,388.12,0.0
1247,544,56,1,529.61,0.2
1248,544,34,1,547.42,0.05
1249,544,7,2,1377.26,0.2
1250,544,55,2,902.48,0.2
1251,545,34,3,547.42,0.05
1252,545,13,3,722.89,0.0
1253,546,8,3,1443.84,0.1
1254,547,48,1,778.9,0.1
1255,548,33,3,889.22,0.0
1256,549,2,1,501.92,0.05
1257,549,8,1,1443.84,0.1
1258,550,25,2,1883.96,0.2
1259,550,34,2,547.42,0.0
1260,551,33,2,889.22,0.05
1261,551,59,1,698.91,0.1
1262,552,61,2,15.25,0.05
1263,553,53,3,930.36,0.05
1264,553,58,2,432.03,0.05
1265,553,3,3,1424.23,0.0
1266,554,29,3,828.29,0.0
1267,554,59,2,698.91,0.1
1268,555,27,1,2117.33,0.1
1269,556,38,1,388.12,0.1
1270,556,32,1,437.67,0.0
1271,557,18,1,1824.52,0.1
1272,557,61,2,15.25,0.0
1273,557,13,3,722.89,0.1
1274,558,4,2,888.26,0.15
1275,558,56,1,529.61,0.0
1276,558,5,3,386.74,0.0
1277,559,38,3,388.12,0.0
1278,559,10,2,767.94,0.0
1279,560,49,1,436.75,0.1
1280,560,61,3,15.25,0.05
1281,561,31,2,861.0,0.15
1282,561,55,3,902.48,0.0
1283,561,58,2,432.03,0.0
1284,562,9,3,1413.9,0.0
1285,562,7,2,1377.26,0.15
1286,563,1,2,1223.71,0.1
1287,563,7,2,1377.26,0.05
1288,564,10,2,767.94,0.2
1289,564,33,2,889.22,0.15
1290,564,14,1,1221.37,0.05
1291,565,33,1,889.22,0.0
1292,565,68,3,243.23,0.15
1293,565,32,1,437.67,0.05
1294,566,18,3,1824.52,0.15
1295,566,26,2,1693.23,0.15
1296,566,40,2,452.35,0.0
1297,567,54,1,563.51,0.05
1298,568,34,2,547.42,0.0
1299,568,49,1,436.75,0.15
1300,568,25,3,1883.96,0.0
1301,569,43,2,488.15,0.05
1302,569,65,2,70.93,0.15
1303,569,25,3,1883.96,0.15
1304,570,19,1,777.06,0.15
1305,570,2,1,501.92,0.0
1306,571,31,3,861.0,0.05
1307,571,19,1,777.06,0.05
1308,571,44,1,187.21,0.1
1309,572,13,1,722.89,0.05
1310,572,7,2,1377.26,0.0
1311,572,3,1,1424.23,0.0
1312,573,67,2,149.05,0.0
1313,574,32,2,437.67,0.0
1314,575,67,2,149.05,0.05
1315,576,58,1,432.03,0.1
1316,576,67,1,149.05,0.1
1317,577,40,1,452.35,0.0
1318,577,12,1,1306.73,0.1
1319,577,23,2,927.42,0.0
1320,578,51,1,275.03,0.0
1321,579,47,2,265.05,0.15
1322,579,67,3,149.05,0.0
1323,580,35,2,1435.25,0.1
1324,580,40,3,452.35,0.05
1325,581,62,2,57.48,0.2
1326,581,64,2,257.94,0.1
1327,581,14,2,1221.37,0.1
1328,581,26,3,1693.23,0.1
1329,582,46,2,246.91,0.0
1330,582,26,3,1693.23,0.1
1331,583,59,2,698.91,0.2
1332,583,10,2,767.94,0.1
1333,584,2,3,501.92,0.15
1334,584,61,3,15.25,0.2
1335,585,66,2,57.22,0.1
1336,585,8,1,1443.84,0.0
1337,586,43,3,488.15,0.0
1338,586,28,1,862.43,0.0
1339,586,46,2,246.91,0.2
1340,587,53,3,930.36,0.0
1341,587,27,2,2117.33,0.1
1342,588,47,3,265.05,0.15
1343,588,23,3,927.42,0.1
1344,589,19,3,777.06,0.2
1345,589,22,3,1168.73,0.0
1346,590,37,2,858.94,0.1
1347,590,32,1,437.67,0.2
1348,591,5,1,386.74,0.2
1349,592,58,3,432.03,0.0
1350,592,15,1,269.11,0.1
1351,592,13,1,722.89,0.15
1352,592,29,3,828.29,0.05
1353,593,32,1,437.67,0.0
1354,593,14,1,1221.37,0.0
1355,594,24,1,772.31,0.0
1356,594,56,1,529.61,0.0
1357,594,1,1,1223.71,0.0
1358,595,25,3,1883.96,0.0
1359,595,70,1,154.12,0.1
1360,595,17,2,791.03,0.0
1361,596,50,1,118.49,0.0
1362,596,11,3,427.22,0.05
1363,596,12,2,1306.73,0.15
1364,596,18,2,1824.52,0.05
1365,597,1,2,1223.71,0.0
1366,598,15,1,269.11,0.0
1367,598,44,2,187.21,0.0
1368,599,13,3,722.89,0.1
1369,599,42,2,415.72,0.1
1370,600,41,3,157.13,0.0
1371,600,31,3,861.0,0.0
1372,601,35,1,1435.25,0.0
1373,601,49,2,436.75,0.1
1374,601,48,2,778.9,0.15
1375,602,57,3,951.01,0.0
1376,603,40,1,452.35,0.0
1377,604,31,2,861.0,0.0
1378,604,63,1,238.99,0.0
1379,605,63,1,238.99,0.0
1380,606,1,3,1223.71,0.1
1381,606,13,3,722.89,0.2
1382,607,56,1,529.61,0.0
1383,607,8,1,1443.84,0.0
1384,608,32,1,437.67,0.0
1385,608,58,2,432.03,0.0
1386,609,13,1,722.89,0.1
1387,609,26,1,1693.23,0.0
1388,609,11,1,427.22,0.05
1389,610,28,1,862.43,0.0
1390,611,54,2,563.51,0.05
1391,611,32,3,437.67,0.0
1392,612,14,2,1221.37,0.05
1393,613,21,2,2183.44,0.05
1394,613,20,1,975.19,0.15
1395,613,49,1,436.75,0.0
1396,614,40,3,452.35,0.15
1397,614,47,2,265.05,0.15
1398,614,50,2,118.49,0.05
1399,614,67,1,149.05,0.0
1400,615,41,2,157.13,0.0
1401,615,7,2,1377.26,0.0
1402,615,10,3,767.94,0.0
1403,616,58,2,432.03,0.1
1404,617,42,3,415.72,0.05
1405,617,67,3,149.05,0.0
1406,617,57,2,951.01,0.0
1407,618,58,2,432.03,0.05
1408,618,59,3,698.91,0.2
1409,618,17,3,791.03,0.0
1410,619,9,2,1413.9,0.1
1411,619,33,1,889.22,0.0
1412,619,59,1,698.91,0.0
1413,620,56,3,529.61,0.0
1414,620,7,3,1377.26,0.0
1415,620,28,2,862.43,0.1
1416,620,27,2,2117.33,0.05
1417,620,13,1,722.89,0.0
1418,621,45,3,212.68,0.05
1419,621,23,1,927.42,0.05
1420,622,68,1,243.23,0.0
1421,623,12,3,1306.73,0.2
1422,623,69,1,159.6,0.0
1423,624,62,3,57.48,0.1
1424,625,12,2,1306.73,0.1
1425,625,22,3,1168.73,0.1
1426,626,37,3,858.94,0.2
1427,627,1,2,1223.71,0.2
1428,627,6,3,1049.63,0.0
1429,628,13,3,722.89,0.0
1430,628,19,3,777.06,0.0
1431,628,21,3,2183.44,0.1
1432,629,30,3,1285.27,0.0
1433,630,34,3,547.42,0.1
1434,630,62,3,57.48,0.0
1435,631,62,1,57.48,0.0
1436,631,35,1,1435.25,0.05
1437,632,5,2,386.74,0.05
1438,632,30,3,1285.27,0.0
1439,632,57,3,951.01,0.0
1440,633,4,1,888.26,0.0
1441,633,22,1,1168.73,0.0
1442,634,60,2,32.21,0.15
1443,634,40,2,452.35,0.05
1444,635,5,2,386.74,0.1
1445,636,58,2,432.03,0.05
1446,636,27,1,2117.33,0.1
1447,637,69,3,159.6,0.05
1448,637,39,2,215.23,0.1
1449,637,55,1,902.48,0.15
1450,638,31,2,861.0,0.0
1451,639,34,1,547.42,0.1
1452,639,46,1,246.91,0.0
1453,639,23,2,927.42,0.05
1454,640,10,1,767.94,0.05
1455,640,39,1,215.23,0.1
1456,641,35,1,1435.25,0.0
1457,641,10,1,767.94,0.0
1458,642,13,2,722.89,0.05
1459,642,52,3,838.96,0.0
1460,642,42,2,415.72,0.0
1461,643,5,2,386.74,0.0
1462,643,56,1,529.61,0.15
1463,643,60,3,32.21,0.0
1464,644,54,2,563.51,0.0
1465,644,64,1,257.94,0.15
1466,645,17,2,791.03,0.0
1467,645,57,2,951.01,0.1
1468,645,28,2,862.43,0.05
1469,645,62,2,57.48,0.2
1470,646,68,3,243.23,0.0
1471,647,68,1,243.23,0.1
1472,647,13,1,722.89,0.05
1473,648,60,3,32.21,0.0
1474,648,37,2,858.94,0.0
1475,648,22,1,1168.73,0.05
1476,648,20,3,975.19,0.0
1477,648,23,1,927.42,0.0
1478,649,21,3,2183.44,0.1
1479,649,39,2,215.23,0.0
1480,649,16,1,2083.72,0.05
1481,650,19,1,777.06,0.1
1482,650,46,1,246.91,0.0
1483,650,42,3,415.72,0.1
1484,650,12,3,1306.73,0.15
1485,651,47,2,265.05,0.0
1486,651,27,2,2117.33,0.0
1487,652,43,1,488.15,0.0
1488,652,40,2,452.35,0.05
1489,653,43,3,488.15,0.0
1490,654,26,3,1693.23,0.2
1491,655,22,3,1168.73,0.0
1492,656,62,2,57.48,0.0
1493,656,40,1,452.35,0.0
1494,656,51,1,275.03,0.0
1495,657,21,1,2183.44,0.15
1496,657,53,1,930.36,0.0
1497,658,17,1,791.03,0.0
1498,658,28,3,862.43,0.0
1499,659,12,3,1306.73,0.15
1500,660,41,1,157.13,0.05
1501,660,19,3,777.06,0.0
1502,660,4,3,888.26,0.0
1503,661,19,3,777.06,0.0
1504,662,42,2,415.72,0.0
1505,662,12,2,1306.73,0.05
1506,663,28,2,862.43,0.0
1507,663,43,1,488.15,0.05
1508,663,16,3,2083.72,0.0
1509,664,2,1,501.92,0.0
1510,665,50,2,118.49,0.05
1511,665,47,2,265.05,0.0
1512,666,27,2,2117.33,0.1
1513,667,56,3,529.61,0.05
1514,667,67,1,149.05,0.2
1515,668,24,2,772.31,0.05
1516,669,40,2,452.35,0.0
1517,669,27,1,2117.33,0.1
1518,670,67,2,149.05,0.0
1519,670,20,1,975.19,0.0
1520,671,67,2,149.05,0.0
1521,671,65,3,70.93,0.05
1522,671,1,2,1223.71,0.0
1523,672,14,2,1221.37,0.15
1524,672,17,2,791.03,0.0
1525,673,17,3,791.03,0.05
1526,673,59,2,698.91,0.05
1527,673,51,3,275.03,0.05
1528,673,42,3,415.72,0.0
1529,673,9,2,1413.9,0.1
1530,674,7,3,1377.26,0.0
1531,674,14,1,1221.37,0.0
1532,675,53,2,930.36,0.1
1533,675,14,2,1221.37,0.15
1534,676,52,2,838.96,0.15
1535,676,34,1,547.42,0.0
1536,676,11,3,427.22,0.0
1537,677,4,2,888.26,0.05
1538,677,21,2,2183.44,0.1
1539,678,26,3,1693.23,0.15
1540,678,20,2,975.19,0.1
1541,678,52,3,838.96,0.15
1542,679,46,1,246.91,0.2
1543,680,24,1,772.31,0.2
1544,680,46,2,246.91,0.0
1545,681,25,2,1883.96,0.0
1546,681,20,2,975.19,0.0
1547,682,34,1,547.42,0.2
1548,682,25,2,1883.96,0.1
1549,682,44,1,187.21,0.2
1550,682,48,1,778.9,0.0
1551,683,3,3,1424.23,0.0
1552,683,27,2,2117.33,0.0
1553,684,53,3,930.36,0.0
1554,685,19,3,777.06,0.0
1555,686,47,2,265.05,0.1
1556,686,6,2,1049.63,0.0
1557,687,22,3,1168.73,0.0
1558,687,39,3,215.23,0.0
1559,687,57,3,951.01,0.0
1560,687,17,3,791.03,0.05
1561,688,22,1,1168.73,0.0
1562,689,35,3,1435.25,0.05
1563,690,58,3,432.03,0.0
1564,691,64,2,257.94,0.0
1565,691,38,1,388.12,0.0
1566,692,20,1,975.19,0.0
1567,692,24,1,772.31,0.0
1568,693,19,3,777.06,0.05
1569,693,14,1,1221.37,0.0
1570,694,20,3,975.19,0.05
1571,694,43,2,488.15,0.1
1572,695,64,2,257.94,0.1
1573,696,37,1,858.94,0.05
1574,696,34,2,547.42,0.15
1575,697,67,3,149.05,0.05
1576,697,55,2,902.48,0.0
1577,698,65,1,70.93,0.0
1578,699,48,2,778.9,0.05
1579,699,8,2,1443.84,0.0
1580,699,52,2,838.96,0.05
1581,700,44,2,187.21,0.0
1582,700,26,1,1693.23,0.15
1583,701,48,2,778.9,0.0
1584,702,13,3,722.89,0.1
1585,702,37,1,858.94,0.0
1586,703,41,2,157.13,0.0
1587,703,27,1,2117.33,0.0
1588,704,52,1,838.96,0.0
1589,704,57,3,951.01,0.1
1590,705,53,3,930.36,0.0
1591,706,57,3,951.01,0.1
1592,707,5,3,386.74,0.05
1593,707,44,1,187.21,0.1
1594,708,52,1,838.96,0.05
1595,708,24,2,772.31,0.0
1596,708,21,3,2183.44,0.1
1597,708,3,3,1424.23,0.0
1598,709,15,3,269.11,0.1
1599,710,40,3,452.35,0.05
1600,711,49,1,436.75,0.05
1601,711,17,2,791.03,0.15
1602,711,10,2,767.94,0.0
1603,712,8,3,1443.84,0.05
1604,712,38,2,388.12,0.05
1605,713,42,3,415.72,0.1
1606,713,39,2,215.23,0.0
1607,713,25,1,1883.96,0.2
1608,714,41,1,157.13,0.0
1609,714,17,1,791.03,0.05
1610,715,26,3,1693.23,0.05
1611,716,1,2,1223.71,0.0
1612,717,2,1,501.92,0.0
1613,717,67,1,149.05,0.0
1614,717,6,1,1049.63,0.05
1615,717,32,2,437.67,0.15
1616,717,10,3,767.94,0.0
1617,718,7,3,1377.26,0.2
1618,719,7,3,1377.26,0.0
1619,719,18,1,1824.52,0.0
1620,720,16,2,2083.72,0.05
1621,720,9,3,1413.9,0.05
1622,720,33,1,889.22,0.05
1623,721,27,3,2117.33,0.0
1624,721,60,2,32.21,0.15
1625,721,57,3,951.01,0.15
1626,721,39,1,215.23,0.0
1627,721,40,2,452.35,0.15
1628,722,15,2,269.11,0.1
1629,722,25,1,1883.96,0.05
1630,723,1,1,1223.71,0.05
1631,724,45,3,212.68,0.2
1632,724,35,2,1435.25,0.15
1633,724,48,3,778.9,0.15
1634,725,48,2,778.9,0.05
1635,725,37,2,858.94,0.0
1636,725,39,3,215.23,0.0
1637,726,70,3,154.12,0.0
1638,726,44,2,187.21,0.1
1639,727,30,2,1285.27,0.2
1640,728,18,3,1824.52,0.15
1641,728,47,3,265.05,0.15
1642,729,54,1,563.51,0.0
1643,730,68,1,243.23,0.0
1644,730,25,3,1883.96,0.0
1645,730,21,2,2183.44,0.0
1646,731,48,2,778.9,0.0
1647,731,37,3,858.94,0.1
1648,732,21,3,2183.44,0.0
1649,733,69,3,159.6,0.2
1650,733,24,2,772.31,0.05
1651,734,51,3,275.03,0.0
1652,734,57,1,951.01,0.05
1653,735,3,3,1424.23,0.0
1654,735,35,3,1435.25,0.0
1655,736,65,3,70.93,0.2
1656,736,55,3,902.48,0.0
1657,737,26,3,1693.23,0.0
1658,737,14,2,1221.37,0.1
1659,738,67,2,149.05,0.0
1660,738,9,2,1413.9,0.0
1661,739,56,1,529.61,0.0
1662,739,20,3,975.19,0.05
1663,739,70,1,154.12,0.1
1664,740,46,3,246.91,0.05
1665,740,60,3,32.21,0.0
1666,741,38,3,388.12,0.1
1667,742,44,1,187.21,0.0
1668,743,32,3,437.67,0.0
1669,743,22,1,1168.73,0.0
1670,744,4,2,888.26,0.0
1671,745,13,3,722.89,0.0
1672,745,55,2,902.48,0.05
1673,746,10,2,767.94,0.05
1674,747,38,3,388.12,0.0
1675,747,45,2,212.68,0.1
1676,747,56,1,529.61,0.1
1677,747,19,1,777.06,0.05
1678,747,15,1,269.11,0.0
1679,748,1,3,1223.71,0.0
1680,749,37,3,858.94,0.05
1681,749,31,1,861.0,0.0
1682,749,13,2,722.89,0.0
1683,750,59,1,698.91,0.0
1684,750,68,1,243.23,0.2
1685,751,11,1,427.22,0.1
1686,751,15,3,269.11,0.1
1687,752,10,1,767.94,0.05
1688,752,23,3,927.42,0.0
1689,752,26,3,1693.23,0.05
1690,753,61,2,15.25,0.0
1691,753,30,3,1285.27,0.0
1692,754,9,2,1413.9,0.1
1693,754,54,3,563.51,0.1
1694,754,25,1,1883.96,0.15
1695,755,17,3,791.03,0.0
1696,756,27,3,2117.33,0.05
1697,756,48,3,778.9,0.0
1698,757,64,1,257.94,0.05
1699,757,1,2,1223.71,0.05
1700,758,45,3,212.68,0.0
1701,759,15,3,269.11,0.0
1702,759,22,2,1168.73,0.0
1703,759,42,1,415.72,0.05
1704,760,15,1,269.11,0.0
1705,761,68,2,243.23,0.05
1706,762,59,3,698.91,0.0
1707,762,48,2,778.9,0.15
1708,763,1,3,1223.71,0.0
1709,763,62,3,57.48,0.1
1710,763,14,3,1221.37,0.0
1711,763,67,1,149.05,0.0
1712,764,21,2,2183.44,0.2
1713,764,52,3,838.96,0.05
1714,764,42,2,415.72,0.15
1715,764,15,1,269.11,0.2
1716,765,18,3,1824.52,0.0
1717,766,69,2,159.6,0.1
1718,767,48,2,778.9,0.0
1719,767,30,1,1285.27,0.0
1720,768,36,1,737.92,0.0
1721,768,64,1,257.94,0.0
1722,769,15,2,269.11,0.05
1723,769,66,1,57.22,0.1
1724,769,4,1,888.26,0.05
1725,770,51,3,275.03,0.05
1726,770,62,1,57.48,0.0
1727,770,40,2,452.35,0.0
1728,771,28,1,862.43,0.05
1729,771,43,2,488.15,0.15
1730,771,11,2,427.22,0.0
1731,771,2,3,501.92,0.15
1732,772,37,3,858.94,0.0
1733,772,20,2,975.19,0.05
1734,772,38,2,388.12,0.0
1735,772,64,3,257.94,0.0
1736,773,36,1,737.92,0.0
1737,773,2,3,501.92,0.2
1738,773,9,2,1413.9,0.05
1739,773,51,3,275.03,0.0
1740,774,38,3,388.12,0.0
1741,774,37,3,858.94,0.0
1742,775,15,3,269.11,0.2
1743,775,16,2,2083.72,0.0
1744,775,25,1,1883.96,0.2
1745,776,31,1,861.0,0.0
1746,776,5,2,386.74,0.0
1747,776,39,3,215.23,0.0
1748,777,69,2,159.6,0.05
1749,777,54,3,563.51,0.05
1750,778,25,2,1883.96,0.1
1751,778,35,1,1435.25,0.05
1752,778,8,3,1443.84,0.0
1753,779,56,3,529.61,0.05
1754,779,20,2,975.19,0.0
1755,779,32,3,437.67,0.0
1756,780,30,3,1285.27,0.1
1757,780,38,2,388.12,0.0
1758,781,66,3,57.22,0.05
1759,781,22,2,1168.73,0.1
1760,781,32,2,437.67,0.0
1761,782,49,1,436.75,0.1
1762,782,25,3,1883.96,0.05
1763,782,37,3,858.94,0.0
1764,783,59,2,698.91,0.0
1765,783,54,1,563.51,0.05
1766,783,23,2,927.42,0.15
1767,784,15,3,269.11,0.05
1768,785,42,3,415.72,0.05
1769,785,39,3,215.23,0.0
1770,785,48,2,778.9,0.0
1771,786,17,1,791.03,0.0
1772,787,18,3,1824.52,0.05
1773,787,64,3,257.94,0.0
1774,787,53,2,930.36,0.1
1775,787,70,1,154.12,0.0
1776,788,44,2,187.21,0.05
1777,788,28,1,862.43,0.0
1778,789,43,1,488.15,0.0
1779,789,6,2,1049.63,0.1
1780,790,10,1,767.94,0.1
1781,791,7,2,1377.26,0.1
1782,791,39,1,215.23,0.15
1783,791,35,3,1435.25,0.0
1784,792,36,3,737.92,0.1
1785,792,21,3,2183.44,0.0
1786,793,42,2,415.72,0.0
1787,793,38,2,388.12,0.15
1788,793,65,1,70.93,0.0
1789,794,18,2,1824.52,0.0
1790,795,40,3,452.35,0.0
1791,795,7,2,1377.26,0.0
1792,796,48,2,778.9,0.0
1793,796,50,2,118.49,0.05
1794,796,54,1,563.51,0.05
1795,796,17,3,791.03,0.0
1796,796,5,3,386.74,0.05
1797,797,65,2,70.93,0.0
1798,797,57,3,951.01,0.0
1799,797,9,3,1413.9,0.0
1800,798,22,1,1168.73,0.0
1801,798,59,3,698.91,0.15
1802,798,2,1,501.92,0.05
1803,799,4,3,888.26,0.1
1804,800,40,1,452.35,0.1
1805,800,20,1,975.19,0.0
1806,801,30,1,1285.27,0.0
1807,801,24,1,772.31,0.0
1808,801,5,3,386.74,0.0
1809,801,52,2,838.96,0.05
1810,801,38,1,388.12,0.05
1811,802,34,3,547.42,0.0
1812,802,35,2,1435.25,0.1
1813,802,62,1,57.48,0.15
1814,802,54,3,563.51,0.0
1815,803,33,1,889.22,0.0
1816,803,57,2,951.01,0.0
1817,803,26,3,1693.23,0.0
1818,803,49,2,436.75,0.0
1819,804,64,3,257.94,0.0
1820,805,70,2,154.12,0.1
1821,806,44,3,187.21,0.0
1822,807,66,3,57.22,0.0
1823,807,4,2,888.26,0.0
1824,807,14,3,1221.37,0.0
1825,808,10,1,767.94,0.1
1826,808,56,3,529.61,0.05
1827,808,32,2,437.67,0.05
1828,809,11,1,427.22,0.1
1829,810,28,3,862.43,0.0
1830,810,12,3,1306.73,0.0
1831,810,69,1,159.6,0.1
1832,811,69,3,159.6,0.1
1833,811,31,3,861.0,0.05
1834,811,14,1,1221.37,0.1
1835,812,46,3,246.91,0.0
1836,813,63,2,238.99,0.15
1837,813,23,2,927.42,0.1
1838,813,43,2,488.15,0.05
1839,814,51,3,275.03,0.1
1840,814,59,1,698.91,0.1
1841,814,24,3,772.31,0.0
1842,815,36,3,737.92,0.1
1843,816,30,1,1285.27,0.15
1844,816,37,2,858.94,0.1
1845,816,66,2,57.22,0.15
1846,817,69,2,159.6,0.0
1847,818,65,3,70.93,0.15
1848,818,32,1,437.67,0.0
1849,818,68,1,243.23,0.2
1850,818,23,3,927.42,0.05
1851,819,12,2,1306.73,0.05
1852,819,13,2,722.89,0.0
1853,820,53,3,930.36,0.0
1854,820,49,2,436.75,0.0
1855,820,40,1,452.35,0.2
1856,820,22,3,1168.73,0.0
1857,821,30,1,1285.27,0.1
1858,822,37,3,858.94,0.0
1859,822,62,3,57.48,0.1
1860,822,45,3,212.68,0.0
1861,823,22,2,1168.73,0.0
1862,823,6,3,1049.63,0.1
1863,824,2,1,501.92,0.0
1864,824,33,3,889.22,0.0
1865,824,60,1,32.21,0.1
1866,825,10,1,767.94,0.15
1867,825,17,3,791.03,0.15
1868,825,66,1,57.22,0.0
1869,826,44,3,187.21,0.05
1870,826,29,1,828.29,0.05
1871,827,44,2,187.21,0.0
1872,827,10,2,767.94,0.0
1873,828,51,1,275.03,0.0
1874,829,17,1,791.03,0.0
1875,830,19,1,777.06,0.0
1876,831,20,1,975.19,0.1
1877,832,63,2,238.99,0.0
1878,832,42,2,415.72,0.0
1879,832,4,2,888.26,0.1
1880,832,32,1,437.67,0.05
1881,833,24,1,772.31,0.0
1882,833,68,3,243.23,0.0
1883,833,36,2,737.92,0.05
1884,833,6,1,1049.63,0.0
1885,834,40,2,452.35,0.1
1886,834,43,2,488.15,0.1
1887,834,31,2,861.0,0.0
1888,834,21,3,2183.44,0.0
1889,834,58,3,432.03,0.0
1890,835,3,3,1424.23,0.15
1891,835,61,2,15.25,0.0
1892,835,39,3,215.23,0.0
1893,836,28,3,862.43,0.1
1894,836,10,1,767.94,0.15
1895,836,21,3,2183.44,0.2
1896,837,51,1,275.03,0.0
1897,838,4,1,888.26,0.1
1898,838,25,2,1883.96,0.0
1899,838,42,1,415.72,0.0
1900,839,38,1,388.12,0.05
1901,840,4,3,888.26,0.1
1902,840,69,2,159.6,0.0
1903,841,47,3,265.05,0.0
1904,842,69,3,159.6,0.0
1905,842,52,1,838.96,0.0
1906,843,50,3,118.49,0.0
1907,843,27,3,2117.33,0.15
1908,843,7,1,1377.26,0.0
1909,844,37,1,858.94,0.1
1910,844,36,2,737.92,0.0
1911,845,10,1,767.94,0.05
1912,845,22,1,1168.73,0.2
1913,845,68,3,243.23,0.0
1914,846,27,3,2117.33,0.15
1915,847,68,1,243.23,0.15
1916,848,8,2,1443.84,0.05
1917,848,5,2,386.74,0.0
1918,849,32,2,437.67,0.15
1919,849,43,1,488.15,0.0
1920,850,62,2,57.48,0.0
1921,850,52,3,838.96,0.0
1922,850,45,3,212.68,0.1
1923,851,68,2,243.23,0.0
1924,851,15,1,269.11,0.05
1925,852,7,3,1377.26,0.05
1926,852,8,3,1443.84,0.05
1927,852,64,2,257.94,0.0
1928,852,28,1,862.43,0.0
1929,853,2,1,501.92,0.0
1930,853,62,1,57.48,0.05
1931,854,38,3,388.12,0.0
1932,854,48,3,778.9,0.0
1933,855,28,2,862.43,0.15
1934,855,12,3,1306.73,0.0
1935,855,22,1,1168.73,0.15
1936,855,6,1,1049.63,0.0
1937,856,24,2,772.31,0.05
1938,856,64,2,257.94,0.1
1939,856,15,2,269.11,0.0
1940,857,62,1,57.48,0.1
1941,858,30,1,1285.27,0.0
1942,858,56,3,529.61,0.0
1943,859,1,1,1223.71,0.0
1944,860,47,3,265.05,0.0
1945,860,20,3,975.19,0.0
1946,861,59,2,698.91,0.1
1947,861,9,1,1413.9,0.0
1948,862,23,3,927.42,0.1
1949,863,35,2,1435.25,0.2
1950,863,14,2,1221.37,0.0
1951,864,11,2,427.22,0.0
1952,864,61,2,15.25,0.1
1953,864,49,1,436.75,0.05
1954,865,39,3,215.23,0.2
1955,866,12,1,1306.73,0.0
1956,866,47,3,265.05,0.0
1957,866,55,2,902.48,0.1
1958,867,25,2,1883.96,0.0
1959,867,48,3,778.9,0.05
1960,868,49,3,436.75,0.05
1961,868,25,3,1883.96,0.0
1962,868,33,3,889.22,0.1
1963,869,43,3,488.15,0.1
1964,869,30,1,1285.27,0.05
1965,869,1,2,1223.71,0.2
1966,870,9,1,1413.9,0.0
1967,870,60,2,32.21,0.0
1968,870,39,1,215.23,0.0
1969,871,50,2,118.49,0.1
1970,871,47,2,265.05,0.0
1971,872,47,1,265.05,0.0
1972,872,20,2,975.19,0.05
1973,873,60,3,32.21,0.0
1974,873,17,1,791.03,0.0
1975,874,68,1,243.23,0.0
1976,874,69,3,159.6,0.1
1977,874,21,3,2183.44,0.0
1978,874,46,1,246.91,0.15
1979,874,26,1,1693.23,0.15
1980,875,39,1,215.23,0.05
1981,875,19,2,777.06,0.1
1982,876,14,3,1221.37,0.0
1983,876,52,2,838.96,0.1
1984,876,11,1,427.22,0.0
1985,876,25,3,1883.96,0.0
1986,877,66,1,57.22,0.2
1987,877,23,3,927.42,0.05
1988,877,2,2,501.92,0.0
1989,878,16,3,2083.72,0.1
1990,878,44,3,187.21,0.1
1991,879,17,3,791.03,0.15
1992,880,55,3,902.48,0.1
1993,880,39,1,215.23,0.0
1994,880,45,1,212.68,0.1
1995,881,55,3,902.48,0.0
1996,881,20,1,975.19,0.15
1997,882,22,3,1168.73,0.1
1998,882,21,1,2183.44,0.0
1999,883,30,1,1285.27,0.0
2000,883,46,2,246.91,0.2
2001,884,9,1,1413.9,0.0
2002,884,48,1,778.9,0.0
2003,884,19,2,777.06,0.05
2004,885,15,3,269.11,0.0
2005,886,22,3,1168.73,0.0
2006,886,69,1,159.6,0.0
2007,887,8,3,1443.84,0.15
2008,887,27,3,2117.33,0.0
2009,888,62,1,57.48,0.0
2010,889,51,2,275.03,0.0
2011,889,18,3,1824.52,0.05
2012,890,8,2,1443.84,0.0
2013,891,15,1,269.11,0.0
2014,891,51,3,275.03,0.05
2015,891,5,1,386.74,0.15
2016,892,51,3,275.03,0.05
2017,892,58,1,432.03,0.1
2018,893,60,3,32.21,0.0
2019,893,9,3,1413.9,0.0
2020,894,9,1,1413.9,0.0
2021,894,15,3,269.11,0.0
2022,894,4,1,888.26,0.15
2023,895,23,1,927.42,0.0
2024,895,18,2,1824.52,0.05
2025,896,32,3,437.67,0.05
2026,897,25,1,1883.96,0.2
2027,897,50,2,118.49,0.1
2028,898,30,3,1285.27,0.0
2029,898,8,1,1443.84,0.1
2030,898,41,1,157.13,0.1
2031,899,66,3,57.22,0.0
2032,899,46,3,246.91,0.05
2033,900,16,3,2083.72,0.1
2034,901,67,1,149.05,0.1
2035,901,58,2,432.03,0.0
2036,901,26,1,1693.23,0.0
2037,901,25,1,1883.96,0.0
2038,902,13,3,722.89,0.0
2039,902,49,3,436.75,0.0
2040,902,4,2,888.26,0.0
2041,903,48,3,778.9,0.15
2042,903,66,1,57.22,0.0
2043,904,25,1,1883.96,0.15
2044,905,47,1,265.05,0.1
2045,905,52,3,838.96,0.05
2046,905,7,2,1377.26,0.0
2047,905,62,1,57.48,0.05
2048,906,15,3,269.11,0.05
2049,906,57,2,951.01,0.0
2050,907,62,1,57.48,0.0
2051,907,25,3,1883.96,0.0
2052,907,5,3,386.74,0.0
2053,908,49,2,436.75,0.05
2054,908,31,2,861.0,0.05
2055,909,11,3,427.22,0.15
2056,909,2,1,501.92,0.1
2057,910,26,2,1693.23,0.05
2058,910,7,3,1377.26,0.05
2059,910,36,2,737.92,0.05
2060,910,48,2,778.9,0.05
2061,911,25,2,1883.96,0.0
2062,911,36,2,737.92,0.15
2063,911,23,1,927.42,0.05
2064,911,21,3,2183.44,0.0
2065,912,42,2,415.72,0.0
2066,912,47,1,265.05,0.0
2067,913,19,1,777.06,0.15
2068,913,53,1,930.36,0.0
2069,913,48,3,778.9,0.05
2070,914,64,2,257.94,0.0
2071,915,12,2,1306.73,0.1
2072,916,42,1,415.72,0.0
2073,917,43,2,488.15,0.0
2074,918,29,1,828.29,0.0
2075,918,3,1,1424.23,0.05
2076,919,41,1,157.13,0.0
2077,920,37,2,858.94,0.05
2078,920,55,3,902.48,0.0
2079,921,62,1,57.48,0.1
2080,921,35,2,1435.25,0.15
2081,921,29,1,828.29,0.0
2082,921,67,1,149.05,0.0
2083,921,36,2,737.92,0.05
2084,922,5,3,386.74,0.0
2085,923,50,3,118.49,0.1
2086,923,33,2,889.22,0.0
2087,924,26,2,1693.23,0.0
2088,924,39,1,215.23,0.0
2089,924,1,2,1223.71,0.0
2090,925,6,3,1049.63,0.0
2091,925,46,2,246.91,0.0
2092,926,1,1,1223.71,0.1
2093,926,7,3,1377.26,0.0
2094,926,53,1,930.36,0.05
2095,926,37,3,858.94,0.1
2096,927,69,1,159.6,0.0
2097,927,68,2,243.23,0.0
2098,928,10,2,767.94,0.15
2099,928,42,2,415.72,0.05
2100,929,50,2,118.49,0.0
2101,930,61,1,15.25,0.05
2102,930,70,1,154.12,0.0
2103,930,48,3,778.9,0.05
2104,931,69,1,159.6,0.0
2105,931,13,3,722.89,0.1
2106,932,17,1,791.03,0.1
2107,932,51,3,275.03,0.0
2108,932,20,3,975.19,0.15
2109,932,27,1,2117.33,0.05
2110,933,28,3,862.43,0.1
2111,933,63,3,238.99,0.05
2112,933,42,3,415.72,0.0
2113,934,51,1,275.03,0.0
2114,934,28,1,862.43,0.15
2115,934,35,3,1435.25,0.0
2116,935,27,2,2117.33,0.15
2117,936,49,3,436.75,0.0
2118,936,63,1,238.99,0.05
2119,937,38,1,388.12,0.1
2120,937,49,3,436.75,0.05
2121,938,64,1,257.94,0.0
2122,938,32,3,437.67,0.0
2123,938,48,1,778.9,0.05
2124,939,11,2,427.22,0.15
2125,940,9,3,1413.9,0.2
2126,940,44,3,187.21,0.0
2127,941,70,3,154.12,0.1
2128,941,59,3,698.91,0.15
2129,942,48,2,778.9,0.0
2130,942,32,1,437.67,0.0
2131,942,31,2,861.0,0.0
2132,942,28,3,862.43,0.15
2133,943,36,3,737.92,0.0
2134,943,34,2,547.42,0.0
2135,943,66,1,57.22,0.0
2136,944,33,1,889.22,0.0
2137,944,41,1,157.13,0.1
2138,945,26,3,1693.23,0.05
2139,945,49,1,436.75,0.1
2140,945,36,2,737.92,0.0
2141,946,48,2,778.9,0.15
2142,946,66,3,57.22,0.0
2143,947,39,2,215.23,0.05
2144,947,4,2,888.26,0.1
2145,947,31,1,861.0,0.0
2146,948,12,1,1306.73,0.0
2147,949,37,1,858.94,0.15
2148,949,8,3,1443.84,0.0
2149,949,66,3,57.22,0.0
2150,950,60,2,32.21,0.0
2151,950,70,1,154.12,0.0
2152,950,51,1,275.03,0.0
2153,950,8,1,1443.84,0.1
2154,950,44,2,187.21,0.0
2155,951,25,3,1883.96,0.2
2156,951,58,2,432.03,0.05
2157,952,60,2,32.21,0.0
2158,952,39,1,215.23,0.0
2159,952,25,2,1883.96,0.0
2160,952,16,2,2083.72,0.15
2161,953,24,1,772.31,0.15
2162,954,63,3,238.99,0.05
2163,954,17,3,791.03,0.0
2164,954,58,3,432.03,0.1
2165,955,2,3,501.92,0.0
2166,955,67,1,149.05,0.05
2167,955,66,1,57.22,0.0
2168,956,5,3,386.74,0.0
2169,956,27,2,2117.33,0.2
2170,956,47,2,265.05,0.0
2171,956,24,2,772.31,0.0
2172,957,30,1,1285.27,0.05
2173,957,11,2,427.22,0.0
2174,958,50,1,118.49,0.0
2175,958,55,1,902.48,0.15
2176,958,46,1,246.91,0.1
2177,959,2,3,501.92,0.1
2178,959,18,2,1824.52,0.0
2179,960,28,1,862.43,0.0
2180,960,68,1,243.23,0.0
2181,960,53,1,930.36,0.15
2182,961,32,1,437.67,0.0
2183,962,34,2,547.42,0.0
2184,962,42,2,415.72,0.05
2185,963,24,1,772.31,0.0
2186,964,35,3,1435.25,0.2
2187,964,61,1,15.25,0.0
2188,965,37,3,858.94,0.15
2189,966,43,3,488.15,0.05
2190,967,40,1,452.35,0.05
2191,967,45,3,212.68,0.15
2192,967,34,2,547.42,0.2
2193,968,46,2,246.91,0.0
2194,968,43,2,488.15,0.0
2195,968,51,1,275.03,0.15
2196,969,67,3,149.05,0.0
2197,970,66,3,57.22,0.05
2198,970,3,1,1424.23,0.05
2199,971,22,1,1168.73,0.15
2200,971,11,2,427.22,0.05
2201,972,41,2,157.13,0.05
2202,972,36,3,737.92,0.05
2203,972,47,3,265.05,0.1
2204,973,70,1,154.12,0.05
2205,973,16,2,2083.72,0.15
2206,974,33,3,889.22,0.05
2207,974,29,1,828.29,0.15
2208,974,60,1,32.21,0.0
2209,974,2,2,501.92,0.1
2210,974,44,1,187.21,0.1
2211,975,61,3,15.25,0.05
2212,975,54,3,563.51,0.0
2213,976,38,3,388.12,0.05
2214,976,34,2,547.42,0.05
2215,977,10,2,767.94,0.05
2216,977,33,3,889.22,0.1
2217,977,50,3,118.49,0.0
2218,978,45,2,212.68,0.05
2219,978,8,3,1443.84,0.05
2220,979,65,1,70.93,0.1
2221,979,61,2,15.25,0.0
2222,979,43,1,488.15,0.05
2223,980,31,1,861.0,0.1
2224,981,34,3,547.42,0.15
2225,981,18,2,1824.52,0.1
2226,982,67,1,149.05,0.1
2227,982,50,1,118.49,0.0
2228,982,2,3,501.92,0.0
2229,983,1,1,1223.71,0.0
2230,984,5,2,386.74,0.15
2231,984,31,1,861.0,0.0
2232,984,63,1,238.99,0.1
2233,985,68,2,243.23,0.0
2234,985,65,2,70.93,0.1
2235,986,15,3,269.11,0.0
2236,987,66,3,57.22,0.0
2237,987,54,2,563.51,0.0
2238,988,38,3,388.12,0.0
2239,988,22,1,1168.73,0.05
2240,988,21,3,2183.44,0.0
2241,989,60,3,32.21,0.0
2242,989,24,2,772.31,0.05
2243,989,3,3,1424.23,0.0
2244,990,15,1,269.11,0.2
2245,991,11,2,427.22,0.05
2246,991,25,3,1883.96,0.15
2247,992,55,1,902.48,0.1
2248,992,43,1,488.15,0.05
2249,993,27,1,2117.33,0.0
2250,993,64,1,257.94,0.0
2251,993,20,3,975.19,0.05
2252,994,34,3,547.42,0.0
2253,994,40,2,452.35,0.2
2254,994,10,3,767.94,0.0
2255,995,61,1,15.25,0.05
2256,996,49,3,436.75,0.1
2257,996,64,3,257.94,0.05
2258,997,37,3,858.94,0.2
2259,997,35,3,1435.25,0.1
2260,997,21,1,2183.44,0.1
2261,998,37,3,858.94,0.1
2262,998,60,2,32.21,0.1
2263,999,19,1,777.06,0.05
2264,1000,61,2,15.25,0.1
2265,1001,70,3,154.12,0.0
2266,1001,12,3,1306.73,0.0
2267,1001,41,3,157.13,0.0
2268,1002,22,1,1168.73,0.15
2269,1003,22,1,1168.73,0.1
2270,1003,47,3,265.05,0.0
2271,1003,67,3,149.05,0.05
2272,1004,26,3,1693.23,0.0
2273,1004,12,3,1306.73,0.05
2274,1005,51,2,275.03,0.0
2275,1005,24,3,772.31,0.1
2276,1006,54,1,563.51,0.05
2277,1006,63,3,238.99,0.0
2278,1006,16,2,2083.72,0.0
2279,1007,46,3,246.91,0.1
2280,1007,25,1,1883.96,0.15
2281,1008,15,2,269.11,0.0
2282,1008,37,2,858.94,0.0
2283,1009,16,3,2083.72,0.0
2284,1009,44,1,187.21,0.2
2285,1010,43,2,488.15,0.05
2286,1010,46,2,246.91,0.05
2287,1011,67,1,149.05,0.0
2288,1011,60,3,32.21,0.1
2289,1011,58,1,432.03,0.0
2290,1011,10,2,767.94,0.0
2291,1012,69,1,159.6,0.15
2292,1012,58,2,432.03,0.2
2293,1013,50,2,118.49,0.0
2294,1014,20,2,975.19,0.1
2295,1014,58,2,432.03,0.1
2296,1014,66,3,57.22,0.0
2297,1014,18,2,1824.52,0.0
2298,1015,49,1,436.75,0.0
2299,1015,17,2,791.03,0.0
2300,1015,25,2,1883.96,0.1
2301,1016,23,1,927.42,0.0
2302,1016,40,2,452.35,0.0
2303,1016,60,1,32.21,0.1
2304,1017,63,3,238.99,0.05
2305,1017,68,2,243.23,0.05
2306,1018,21,2,2183.44,0.1
2307,1018,62,1,57.48,0.2
2308,1018,27,2,2117.33,0.15
2309,1019,65,2,70.93,0.0
2310,1019,23,1,927.42,0.0
2311,1019,40,2,452.35,0.2
2312,1019,18,1,1824.52,0.1
2313,1020,4,3,888.26,0.0
2314,1020,55,1,902.48,0.0
2315,1020,67,2,149.05,0.0
2316,1021,20,3,975.19,0.0
2317,1022,60,1,32.21,0.05
2318,1022,42,2,415.72,0.05
2319,1023,61,2,15.25,0.1
2320,1023,21,1,2183.44,0.1
2321,1024,10,2,767.94,0.1
2322,1024,36,3,737.92,0.15
2323,1025,1,1,1223.71,0.0
2324,1026,41,3,157.13,0.05
2325,1026,44,3,187.21,0.1
2326,1027,16,1,2083.72,0.0
2327,1028,62,2,57.48,0.0
2328,1029,46,2,246.91,0.05
2329,1030,47,2,265.05,0.05
2330,1030,8,1,1443.84,0.15
2331,1030,52,3,838.96,0.0
2332,1031,61,3,15.25,0.15
2333,1032,3,2,1424.23,0.0
2334,1032,51,1,275.03,0.05
2335,1033,17,3,791.03,0.0
2336,1033,38,3,388.12,0.05
2337,1034,14,3,1221.37,0.0
2338,1035,44,2,187.21,0.0
2339,1035,10,1,767.94,0.1
2340,1036,62,1,57.48,0.05
2341,1036,22,1,1168.73,0.0
2342,1037,66,3,57.22,0.05
2343,1037,18,2,1824.52,0.15
2344,1038,5,2,386.74,0.0
2345,1038,33,2,889.22,0.1
2346,1039,36,2,737.92,0.05
2347,1039,13,2,722.89,0.05
2348,1039,7,2,1377.26,0.0
2349,1040,14,2,1221.37,0.1
2350,1040,10,2,767.94,0.15
2351,1040,31,2,861.0,0.0
2352,1040,33,1,889.22,0.0
2353,1041,50,1,118.49,0.0
2354,1041,26,2,1693.23,0.05
2355,1041,32,3,437.67,0.1
2356,1041,36,2,737.92,0.0
2357,1042,9,2,1413.9,0.0
2358,1042,36,2,737.92,0.1
2359,1043,19,1,777.06,0.05
2360,1043,22,2,1168.73,0.1
2361,1044,47,2,265.05,0.1
2362,1044,49,2,436.75,0.0
2363,1045,41,1,157.13,0.15
2364,1045,69,2,159.6,0.1
2365,1046,62,3,57.48,0.05
2366,1046,39,3,215.23,0.1
2367,1046,24,2,772.31,0.05
2368,1047,10,3,767.94,0.05
2369,1048,48,1,778.9,0.1
2370,1048,35,3,1435.25,0.1
2371,1049,7,1,1377.26,0.0
2372,1049,60,3,32.21,0.0
2373,1050,18,3,1824.52,0.0
2374,1050,16,2,2083.72,0.15
2375,1050,63,1,238.99,0.1
2376,1050,56,3,529.61,0.0
2377,1051,57,2,951.01,0.05
2378,1051,39,3,215.23,0.0
2379,1052,14,3,1221.37,0.05
2380,1053,44,1,187.21,0.0
2381,1053,28,3,862.43,0.05
2382,1053,3,3,1424.23,0.15
2383,1053,12,2,1306.73,0.0
2384,1053,49,3,436.75,0.0
2385,1054,35,3,1435.25,0.05
2386,1054,45,1,212.68,0.0
2387,1055,26,2,1693.23,0.1
2388,1055,10,2,767.94,0.05
2389,1056,42,1,415.72,0.05
2390,1056,62,2,57.48,0.0
2391,1056,32,3,437.67,0.1
2392,1057,5,1,386.74,0.05
2393,1057,9,3,1413.9,0.1
2394,1058,38,3,388.12,0.05
2395,1058,46,1,246.91,0.2
2396,1058,3,3,1424.23,0.0
2397,1059,25,1,1883.96,0.05
2398,1059,1,1,1223.71,0.0
2399,1059,40,1,452.35,0.0
2400,1060,25,2,1883.96,0.0
2401,1060,69,1,159.6,0.15
2402,1061,68,3,243.23,0.2
2403,1061,10,3,767.94,0.05
2404,1061,11,2,427.22,0.2
2405,1062,22,3,1168.73,0.05
2406,1062,32,1,437.67,0.0
2407,1062,18,3,1824.52,0.0
2408,1063,39,3,215.23,0.0
2409,1063,38,1,388.12,0.05
2410,1064,61,3,15.25,0.15
2411,1064,53,3,930.36,0.05
2412,1065,68,1,243.23,0.0
2413,1065,38,2,388.12,0.05
2414,1065,3,1,1424.23,0.1
2415,1066,63,3,238.99,0.1
2416,1066,51,2,275.03,0.1
2417,1067,11,1,427.22,0.0
2418,1067,54,3,563.51,0.05
2419,1067,8,3,1443.84,0.1
2420,1067,57,3,951.01,0.1
2421,1067,45,2,212.68,0.0
2422,1068,40,2,452.35,0.1
2423,1068,15,1,269.11,0.0
2424,1069,2,1,501.92,0.1
2425,1069,8,3,1443.84,0.0
2426,1069,37,3,858.94,0.0
2427,1070,2,2,501.92,0.1
2428,1070,28,1,862.43,0.0
2429,1070,33,1,889.22,0.0
2430,1071,20,3,975.19,0.05
2431,1072,30,2,1285.27,0.1
2432,1073,2,3,501.92,0.1
2433,1073,45,3,212.68,0.05
2434,1074,36,2,737.92,0.05
2435,1074,48,3,778.9,0.05
2436,1075,21,3,2183.44,0.0
2437,1075,5,2,386.74,0.0
2438,1076,25,1,1883.96,0.0
2439,1076,23,1,927.42,0.0
2440,1077,59,2,698.91,0.0
2441,1077,57,3,951.01,0.0
2442,1078,59,1,698.91,0.05
2443,1078,42,3,415.72,0.05
2444,1079,15,1,269.11,0.0
2445,1080,41,1,157.13,0.0
2446,1080,17,2,791.03,0.15
2447,1080,30,2,1285.27,0.1
2448,1081,50,3,118.49,0.1
2449,1082,23,1,927.42,0.0
2450,1082,12,2,1306.73,0.0
2451,1083,55,3,902.48,0.0
2452,1083,29,3,828.29,0.0
2453,1083,2,1,501.92,0.0
2454,1083,14,1,1221.37,0.05
2455,1084,30,1,1285.27,0.0
2456,1084,51,1,275.03,0.0
2457,1084,52,2,838.96,0.0
2458,1085,58,1,432.03,0.1
2459,1085,4,2,888.26,0.0
2460,1086,66,1,57.22,0.0
2461,1086,42,3,415.72,0.0
2462,1086,20,3,975.19,0.05
2463,1087,9,3,1413.9,0.1
2464,1087,68,3,243.23,0.0
2465,1087,7,3,1377.26,0.0
2466,1088,56,1,529.61,0.0
2467,1088,31,1,861.0,0.0
2468,1089,16,1,2083.72,0.0
2469,1089,63,2,238.99,0.0
2470,1090,21,1,2183.44,0.0
2471,1090,26,3,1693.23,0.0
2472,1091,27,3,2117.33,0.1
2473,1091,45,1,212.68,0.1
2474,1092,9,3,1413.9,0.0
2475,1092,11,1,427.22,0.0
2476,1093,69,3,159.6,0.05
2477,1093,24,1,772.31,0.0
2478,1093,10,3,767.94,0.15
2479,1094,53,3,930.36,0.0
2480,1094,67,2,149.05,0.1
2481,1095,46,1,246.91,0.05
2482,1095,55,1,902.48,0.0
2483,1096,50,2,118.49,0.0
2484,1096,56,1,529.61,0.1
2485,1096,5,1,386.74,0.15
2486,1097,28,3,862.43,0.0
2487,1097,66,3,57.22,0.0
2488,1098,18,1,1824.52,0.2
2489,1099,65,2,70.93,0.0
2490,1100,52,3,838.96,0.0
2491,1101,18,2,1824.52,0.0
2492,1101,54,2,563.51,0.0
2493,1101,31,3,861.0,0.0
2494,1102,18,1,1824.52,0.0
2495,1102,13,2,722.89,0.0
2496,1102,52,3,838.96,0.05
2497,1103,2,3,501.92,0.05
2498,1103,13,3,722.89,0.1
2499,1104,70,1,154.12,0.0
2500,1104,13,2,722.89,0.1
2501,1104,43,3,488.15,0.1
2502,1105,1,3,1223.71,0.05
2503,1105,26,1,1693.23,0.0
2504,1105,25,1,1883.96,0.05
2505,1106,11,2,427.22,0.0
2506,1106,27,2,2117.33,0.05
2507,1106,1,2,1223.71,0.0
2508,1106,7,3,1377.26,0.05
2509,1107,53,3,930.36,0.1
2510,1107,36,3,737.92,0.0
2511,1107,60,1,32.21,0.15
2512,1108,19,3,777.06,0.15
2513,1108,38,1,388.12,0.05
2514,1109,37,1,858.94,0.15
2515,1109,24,1,772.31,0.0
2516,1110,6,1,1049.63,0.0
2517,1111,1,3,1223.71,0.0
2518,1111,6,3,1049.63,0.1
2519,1111,61,1,15.25,0.0
2520,1112,30,3,1285.27,0.05
2521,1113,46,2,246.91,0.1
2522,1113,3,1,1424.23,0.05
2523,1114,12,2,1306.73,0.0
2524,1114,2,3,501.92,0.05
2525,1114,35,1,1435.25,0.0
2526,1115,50,3,118.49,0.0
2527,1115,23,3,927.42,0.0
2528,1115,42,3,415.72,0.2
2529,1116,49,1,436.75,0.0
2530,1116,45,2,212.68,0.0
2531,1116,35,3,1435.25,0.15
2532,1117,7,3,1377.26,0.0
2533,1118,30,1,1285.27,0.1
2534,1118,19,3,777.06,0.05
2535,1119,6,3,1049.63,0.0
2536,1119,20,1,975.19,0.1
2537,1120,28,1,862.43,0.1
2538,1120,46,3,246.91,0.1
2539,1120,45,3,212.68,0.0
2540,1121,62,2,57.48,0.0
2541,1121,40,1,452.35,0.05
2542,1121,21,3,2183.44,0.0
2543,1122,33,3,889.22,0.0
2544,1122,25,3,1883.96,0.15
2545,1122,23,1,927.42,0.05
2546,1123,56,2,529.61,0.05
2547,1124,2,1,501.92,0.05
2548,1124,30,3,1285.27,0.1
2549,1124,67,2,149.05,0.0
2550,1124,56,1,529.61,0.0
2551,1125,13,2,722.89,0.0
2552,1126,15,2,269.11,0.0
2553,1126,35,1,1435.25,0.05
2554,1127,12,3,1306.73,0.1
2555,1128,45,1,212.68,0.1
2556,1128,18,2,1824.52,0.0
2557,1129,40,3,452.35,0.05
2558,1129,26,2,1693.23,0.15
2559,1129,1,3,1223.71,0.0
2560,1130,32,3,437.67,0.05
2561,1130,46,3,246.91,0.0
2562,1130,68,3,243.23,0.15
2563,1130,53,1,930.36,0.0
2564,1130,19,2,777.06,0.05
2565,1131,61,3,15.25,0.1
2566,1131,62,1,57.48,0.0
2567,1132,69,2,159.6,0.1
2568,1133,52,3,838.96,0.0
2569,1133,1,3,1223.71,0.0
2570,1133,2,1,501.92,0.15
2571,1133,45,1,212.68,0.15
2572,1134,33,1,889.22,0.0
2573,1134,62,3,57.48,0.1
2574,1135,25,2,1883.96,0.15
2575,1135,35,1,1435.25,0.05
2576,1135,49,2,436.75,0.0
2577,1136,41,1,157.13,0.0
2578,1136,54,3,563.51,0.0
2579,1137,51,1,275.03,0.05
2580,1138,33,2,889.22,0.05
2581,1138,25,1,1883.96,0.0
2582,1138,65,2,70.93,0.05
2583,1139,36,1,737.92,0.15
2584,1139,47,3,265.05,0.05
2585,1139,4,2,888.26,0.15
2586,1139,43,3,488.15,0.0
2587,1139,28,3,862.43,0.15
2588,1140,6,1,1049.63,0.0
2589,1141,14,3,1221.37,0.15
2590,1141,16,2,2083.72,0.1
2591,1141,30,2,1285.27,0.05
2592,1141,4,3,888.26,0.2
2593,1142,14,3,1221.37,0.0
2594,1142,67,2,149.05,0.0
2595,1143,17,1,791.03,0.0
2596,1144,2,3,501.92,0.2
2597,1144,42,2,415.72,0.2
2598,1144,1,1,1223.71,0.2
2599,1145,56,1,529.61,0.05
2600,1145,44,2,187.21,0.0
2601,1145,29,1,828.29,0.0
2602,1146,15,3,269.11,0.0
2603,1147,25,1,1883.96,0.05
2604,1148,63,3,238.99,0.0
2605,1148,33,1,889.22,0.15
2606,1148,18,2,1824.52,0.05
2607,1149,40,3,452.35,0.05
2608,1150,50,1,118.49,0.0
2609,1150,54,3,563.51,0.0
2610,1150,56,2,529.61,0.05
2611,1151,38,1,388.12,0.0
2612,1151,51,3,275.03,0.0
2613,1152,51,1,275.03,0.0
2614,1153,11,2,427.22,0.0
2615,1153,17,2,791.03,0.05
2616,1153,23,1,927.42,0.05
2617,1154,50,2,118.49,0.0
2618,1155,14,2,1221.37,0.0
2619,1155,10,3,767.94,0.15
2620,1155,4,3,888.26,0.0
2621,1156,66,3,57.22,0.0
2622,1157,18,2,1824.52,0.1
2623,1157,49,3,436.75,0.1
2624,1158,11,2,427.22,0.1
2625,1158,6,3,1049.63,0.15
2626,1159,27,3,2117.33,0.0
2627,1159,17,1,791.03,0.05
2628,1159,25,1,1883.96,0.0
2629,1160,43,2,488.15,0.05
2630,1160,26,1,1693.23,0.05
2631,1160,57,2,951.01,0.0
2632,1161,44,2,187.21,0.15
2633,1161,47,1,265.05,0.1
2634,1162,63,2,238.99,0.05
2635,1162,44,3,187.21,0.1
2636,1163,4,1,888.26,0.0
2637,1163,58,2,432.03,0.0
2638,1164,64,3,257.94,0.05
2639,1164,43,3,488.15,0.05
2640,1164,48,1,778.9,0.0
2641,1164,6,1,1049.63,0.05
2642,1164,36,1,737.92,0.15
2643,1165,18,1,1824.52,0.0
2644,1165,47,1,265.05,0.1
2645,1165,37,3,858.94,0.05
2646,1165,35,3,1435.25,0.15
2647,1166,45,3,212.68,0.0
2648,1167,4,2,888.26,0.05
2649,1167,8,1,1443.84,0.05
2650,1168,52,2,838.96,0.05
2651,1168,63,1,238.99,0.0
2652,1168,15,3,269.11,0.15
2653,1169,39,1,215.23,0.05
2654,1169,34,1,547.42,0.1
2655,1169,13,3,722.89,0.0
2656,1170,19,1,777.06,0.0
2657,1170,53,1,930.36,0.1
2658,1171,19,1,777.06,0.15
2659,1171,25,3,1883.96,0.0
2660,1171,34,1,547.42,0.05
2661,1172,51,3,275.03,0.05
2662,1172,41,3,157.13,0.2
2663,1172,47,3,265.05,0.0
2664,1173,59,2,698.91,0.0
2665,1174,47,1,265.05,0.05
2666,1174,68,3,243.23,0.0
2667,1175,39,2,215.23,0.15
2668,1175,6,1,1049.63,0.0
2669,1175,1,3,1223.71,0.1
2670,1176,32,2,437.67,0.0
2671,1176,3,2,1424.23,0.15
2672,1176,28,2,862.43,0.0
2673,1176,24,2,772.31,0.15
2674,1177,11,1,427.22,0.0
2675,1177,15,3,269.11,0.0
2676,1177,57,1,951.01,0.0
2677,1178,25,2,1883.96,0.0
2678,1178,27,2,2117.33,0.05
2679,1178,18,1,1824.52,0.1
2680,1179,30,1,1285.27,0.0
2681,1179,62,3,57.48,0.0
2682,1180,42,2,415.72,0.0
2683,1180,50,1,118.49,0.0
2684,1181,68,1,243.23,0.05
2685,1181,59,2,698.91,0.1
2686,1181,40,1,452.35,0.0
2687,1182,2,3,501.92,0.0
2688,1183,61,1,15.25,0.0
2689,1183,23,1,927.42,0.0
2690,1183,22,1,1168.73,0.1
2691,1184,67,1,149.05,0.05
2692,1185,3,3,1424.23,0.1
2693,1185,46,2,246.91,0.0
2694,1185,11,2,427.22,0.1
2695,1186,45,1,212.68,0.05
2696,1186,55,3,902.48,0.0
2697,1186,12,2,1306.73,0.0
2698,1187,18,2,1824.52,0.1
2699,1187,66,3,57.22,0.0
2700,1188,32,3,437.67,0.05
2701,1188,11,3,427.22,0.15
2702,1188,5,2,386.74,0.0
2703,1188,6,2,1049.63,0.1
2704,1189,7,2,1377.26,0.0
2705,1189,46,3,246.91,0.2
2706,1189,22,2,1168.73,0.0
2707,1190,22,1,1168.73,0.0
2708,1190,16,1,2083.72,0.0
2709,1190,44,1,187.21,0.15
2710,1191,14,2,1221.37,0.05
2711,1191,12,2,1306.73,0.0
2712,1192,64,1,257.94,0.1
2713,1192,66,3,57.22,0.0
2714,1193,68,1,243.23,0.0
2715,1193,49,3,436.75,0.05
2716,1194,42,1,415.72,0.2
2717,1194,35,3,1435.25,0.2
2718,1194,14,2,1221.37,0.0
2719,1195,65,1,70.93,0.15
2720,1195,52,1,838.96,0.0
2721,1196,20,2,975.19,0.1
2722,1197,65,1,70.93,0.2
2723,1197,63,2,238.99,0.15
2724,1198,54,1,563.51,0.15
2725,1198,24,2,772.31,0.0
2726,1199,25,1,1883.96,0.05
2727,1199,28,2,862.43,0.05
2728,1199,69,2,159.6,0.1
2729,1200,49,3,436.75,0.2
2730,1200,8,2,1443.84,0.0
2731,1200,16,2,2083.72,0.0
2732,1201,59,2,698.91,0.0
2733,1201,38,1,388.12,0.05
2734,1202,53,3,930.36,0.2
2735,1202,54,1,563.51,0.0
2736,1202,7,2,1377.26,0.1
2737,1203,55,3,902.48,0.1
2738,1203,53,3,930.36,0.0
2739,1203,22,2,1168.73,0.15
2740,1204,39,2,215.23,0.0
2741,1204,23,3,927.42,0.0
2742,1205,10,1,767.94,0.2
2743,1206,52,2,838.96,0.05
2744,1206,42,1,415.72,0.0
2745,1206,17,2,791.03,0.15
2746,1207,32,1,437.67,0.1
2747,1207,8,2,1443.84,0.1
2748,1207,45,2,212.68,0.0
2749,1208,27,3,2117.33,0.0
2750,1208,15,3,269.11,0.05
2751,1209,46,3,246.91,0.0
2752,1209,5,2,386.74,0.1
2753,1210,12,3,1306.73,0.05
2754,1210,46,2,246.91,0.0
2755,1211,15,2,269.11,0.15
2756,1211,12,3,1306.73,0.0
2757,1211,54,3,563.51,0.1
2758,1212,63,3,238.99,0.0
2759,1212,47,1,265.05,0.15
2760,1213,47,3,265.05,0.1
2761,1213,32,2,437.67,0.0
2762,1214,39,3,215.23,0.0
2763,1215,57,2,951.01,0.0
2764,1215,11,1,427.22,0.0
2765,1216,43,2,488.15,0.05
2766,1216,20,3,975.19,0.05
2767,1217,33,3,889.22,0.15
2768,1217,52,2,838.96,0.0
2769,1218,61,3,15.25,0.05
2770,1218,56,2,529.61,0.0
2771,1218,51,1,275.03,0.05
2772,1219,19,2,777.06,0.0
2773,1220,4,3,888.26,0.0
2774,1220,60,3,32.21,0.1
2775,1220,19,2,777.06,0.0
2776,1220,3,2,1424.23,0.0
2777,1221,31,2,861.0,0.0
2778,1221,21,3,2183.44,0.0
2779,1221,55,2,902.48,0.15
2780,1221,3,3,1424.23,0.0
2781,1222,23,3,927.42,0.2
2782,1222,16,3,2083.72,0.0
2783,1222,18,3,1824.52,0.1
2784,1222,1,2,1223.71,0.2
2785,1223,64,3,257.94,0.05
2786,1223,45,2,212.68,0.1
2787,1223,48,3,778.9,0.0
2788,1223,8,2,1443.84,0.1
2789,1224,34,2,547.42,0.0
2790,1224,24,1,772.31,0.15
2791,1225,25,3,1883.96,0.05
2792,1225,56,1,529.61,0.05
2793,1226,34,3,547.42,0.05
2794,1226,35,1,1435.25,0.0
2795,1227,17,1,791.03,0.1
2796,1227,23,3,927.42,0.2
2797,1227,16,2,2083.72,0.2
2798,1228,42,3,415.72,0.1
2799,1228,63,1,238.99,0.0
2800,1228,44,2,187.21,0.05
2801,1229,9,3,1413.9,0.1
2802,1230,55,1,902.48,0.0
2803,1230,2,2,501.92,0.0
2804,1231,56,1,529.61,0.05
2805,1231,31,3,861.0,0.15
2806,1232,56,1,529.61,0.0
2807,1233,30,1,1285.27,0.1
2808,1233,55,3,902.48,0.0
2809,1234,34,3,547.42,0.0
2810,1234,35,3,1435.25,0.1
2811,1234,18,3,1824.52,0.0
2812,1235,52,2,838.96,0.1
2813,1236,33,3,889.22,0.0
2814,1236,53,2,930.36,0.0
2815,1237,31,1,861.0,0.0
2816,1238,14,3,1221.37,0.15
2817,1238,69,1,159.6,0.0
2818,1238,66,3,57.22,0.1
2819,1239,40,1,452.35,0.0
2820,1239,27,3,2117.33,0.1
2821,1239,24,2,772.31,0.05
2822,1240,28,2,862.43,0.1
2823,1240,8,1,1443.84,0.15
2824,1241,57,1,951.01,0.05
2825,1241,9,3,1413.9,0.0
2826,1241,31,1,861.0,0.1
2827,1242,51,3,275.03,0.0
2828,1242,57,1,951.01,0.05
2829,1242,36,2,737.92,0.05
2830,1242,31,1,861.0,0.1
2831,1243,54,1,563.51,0.1
2832,1243,64,3,257.94,0.1
2833,1244,13,3,722.89,0.1
2834,1244,35,3,1435.25,0.05
2835,1244,17,2,791.03,0.15
2836,1244,8,1,1443.84,0.15
2837,1244,61,1,15.25,0.0
2838,1245,64,2,257.94,0.0
2839,1246,2,1,501.92,0.05
2840,1246,68,1,243.23,0.1
2841,1246,46,3,246.91,0.1
2842,1246,61,3,15.25,0.1
2843,1247,34,1,547.42,0.05
2844,1248,15,2,269.11,0.05
2845,1248,40,1,452.35,0.0
2846,1248,9,2,1413.9,0.2
2847,1249,58,1,432.03,0.15
2848,1249,64,2,257.94,0.0
2849,1250,39,2,215.23,0.15
2850,1250,26,3,1693.23,0.0
2851,1250,41,1,157.13,0.1
2852,1250,33,1,889.22,0.05
2853,1251,37,1,858.94,0.05
2854,1251,24,1,772.31,0.1
2855,1252,39,3,215.23,0.0
2856,1252,24,2,772.31,0.05
2857,1253,58,2,432.03,0.05
2858,1254,11,1,427.22,0.0
2859,1254,51,1,275.03,0.0
2860,1255,3,1,1424.23,0.0
2861,1256,32,2,437.67,0.0
2862,1257,51,1,275.03,0.0
2863,1258,10,2,767.94,0.1
2864,1258,39,1,215.23,0.1
2865,1259,32,1,437.67,0.15
2866,1259,27,3,2117.33,0.1
2867,1259,25,3,1883.96,0.0
2868,1260,45,1,212.68,0.1
2869,1260,14,1,1221.37,0.0
2870,1260,30,3,1285.27,0.0
2871,1260,9,1,1413.9,0.0
2872,1261,1,3,1223.71,0.1
2873,1261,70,3,154.12,0.0
2874,1261,7,3,1377.26,0.0
2875,1261,53,1,930.36,0.05
2876,1262,30,2,1285.27,0.1
2877,1262,36,3,737.92,0.15
2878,1263,49,1,436.75,0.0
2879,1264,20,2,975.19,0.0
2880,1264,62,2,57.48,0.15
2881,1265,56,1,529.61,0.05
2882,1266,65,2,70.93,0.05
2883,1266,70,1,154.12,0.05
2884,1267,3,1,1424.23,0.0
2885,1267,56,3,529.61,0.0
2886,1267,67,2,149.05,0.0
2887,1268,27,2,2117.33,0.05
2888,1269,53,2,930.36,0.05
2889,1269,44,1,187.21,0.1
2890,1270,67,3,149.05,0.05
2891,1270,16,3,2083.72,0.1
2892,1271,42,3,415.72,0.05
2893,1272,31,3,861.0,0.0
2894,1272,38,3,388.12,0.0
2895,1272,48,3,778.9,0.1
2896,1273,8,1,1443.84,0.05
2897,1273,51,1,275.03,0.2
2898,1273,56,2,529.61,0.1
2899,1273,40,1,452.35,0.0
2900,1273,9,3,1413.9,0.0
2901,1274,30,3,1285.27,0.05
2902,1274,44,3,187.21,0.1
2903,1274,42,3,415.72,0.0
2904,1275,58,2,432.03,0.1
2905,1275,29,2,828.29,0.1
2906,1275,28,3,862.43,0.15
2907,1276,42,2,415.72,0.15
2908,1276,54,3,563.51,0.0
2909,1277,21,2,2183.44,0.0
2910,1278,40,1,452.35,0.0
2911,1278,64,1,257.94,0.0
2912,1279,47,2,265.05,0.0
2913,1279,25,2,1883.96,0.0
2914,1279,38,3,388.12,0.0
2915,1280,27,2,2117.33,0.0
2916,1280,14,1,1221.37,0.0
2917,1281,66,2,57.22,0.15
2918,1281,22,1,1168.73,0.0
2919,1282,63,2,238.99,0.15
2920,1282,15,1,269.11,0.1
2921,1282,48,3,778.9,0.1
2922,1283,58,1,432.03,0.1
2923,1283,22,1,1168.73,0.0
2924,1283,25,1,1883.96,0.1
2925,1284,55,2,902.48,0.05
2926,1285,36,2,737.92,0.1
2927,1285,28,3,862.43,0.1
2928,1285,25,2,1883.96,0.05
2929,1286,68,2,243.23,0.1
2930,1286,66,2,57.22,0.05
2931,1286,44,3,187.21,0.0
2932,1286,29,1,828.29,0.15
2933,1287,58,1,432.03,0.05
2934,1287,25,2,1883.96,0.1
2935,1288,14,1,1221.37,0.2
2936,1288,66,3,57.22,0.0
2937,1288,17,2,791.03,0.15
2938,1288,29,3,828.29,0.1
2939,1289,22,2,1168.73,0.1
2940,1289,41,2,157.13,0.0
2941,1290,54,2,563.51,0.0
2942,1290,23,1,927.42,0.1
2943,1291,22,2,1168.73,0.0
2944,1292,56,2,529.61,0.05
2945,1293,45,3,212.68,0.05
2946,1293,13,1,722.89,0.15
2947,1294,38,3,388.12,0.2
2948,1294,25,3,1883.96,0.1
2949,1294,23,3,927.42,0.1
2950,1294,64,1,257.94,0.0
2951,1294,46,2,246.91,0.05
2952,1295,33,1,889.22,0.2
2953,1295,55,2,902.48,0.0
2954,1296,61,3,15.25,0.0
2955,1296,62,1,57.48,0.1
2956,1296,46,1,246.91,0.05
2957,1296,6,1,1049.63,0.0
2958,1297,56,3,529.61,0.0
2959,1298,49,3,436.75,0.05
2960,1298,59,3,698.91,0.2
2961,1299,64,2,257.94,0.05
2962,1299,15,1,269.11,0.0
2963,1299,20,3,975.19,0.15
2964,1300,49,2,436.75,0.05
2965,1300,18,3,1824.52,0.15
2966,1301,66,2,57.22,0.15
2967,1302,7,2,1377.26,0.05
2968,1302,9,3,1413.9,0.0
2969,1303,56,1,529.61,0.0
2970,1304,24,3,772.31,0.1
2971,1304,53,1,930.36,0.0
2972,1304,15,2,269.11,0.15
2973,1305,5,1,386.74,0.0
2974,1305,29,2,828.29,0.0
2975,1306,23,1,927.42,0.05
2976,1306,31,1,861.0,0.0
2977,1306,48,2,778.9,0.05
2978,1307,17,3,791.03,0.05
2979,1307,42,3,415.72,0.0
2980,1307,50,2,118.49,0.0
2981,1307,22,3,1168.73,0.15
2982,1308,33,2,889.22,0.0
2983,1308,28,1,862.43,0.05
2984,1309,5,1,386.74,0.05
2985,1309,61,1,15.25,0.05
2986,1309,65,2,70.93,0.05
2987,1310,8,2,1443.84,0.0
2988,1310,70,1,154.12,0.05
2989,1310,23,3,927.42,0.15
2990,1310,38,1,388.12,0.1
2991,1311,65,1,70.93,0.0
2992,1311,9,3,1413.9,0.0
2993,1312,3,1,1424.23,0.1
2994,1313,20,3,975.19,0.2
2995,1314,5,1,386.74,0.0
2996,1314,59,3,698.91,0.0
2997,1315,40,1,452.35,0.0
2998,1315,42,3,415.72,0.0
2999,1315,52,2,838.96,0.05
3000,1316,44,1,187.21,0.05
3001,1316,49,3,436.75,0.1
3002,1316,60,3,32.21,0.1
3003,1316,61,1,15.25,0.0
3004,1317,14,2,1221.37,0.05
3005,1317,35,3,1435.25,0.0
3006,1318,9,3,1413.9,0.0
3007,1318,53,3,930.36,0.1
3008,1318,10,3,767.94,0.1
3009,1319,36,3,737.92,0.05
3010,1319,2,3,501.92,0.0
3011,1320,14,1,1221.37,0.05
3012,1321,11,2,427.22,0.15
3013,1321,54,2,563.51,0.0
3014,1322,16,3,2083.72,0.1
3015,1322,8,1,1443.84,0.15
3016,1323,40,2,452.35,0.05
3017,1323,53,1,930.36,0.1
3018,1324,59,2,698.91,0.0
3019,1324,27,3,2117.33,0.2
3020,1324,63,2,238.99,0.1
3021,1325,65,1,70.93,0.1
3022,1325,17,2,791.03,0.1
3023,1326,46,2,246.91,0.0
3024,1326,11,2,427.22,0.0
3025,1326,13,1,722.89,0.05
3026,1327,46,2,246.91,0.0
3027,1327,55,3,902.48,0.0
3028,1328,64,1,257.94,0.1
3029,1328,45,2,212.68,0.0
3030,1329,20,2,975.19,0.15
3031,1329,25,3,1883.96,0.0
3032,1330,67,1,149.05,0.0
3033,1330,53,1,930.36,0.0
3034,1331,55,2,902.48,0.1
3035,1331,4,1,888.26,0.05
3036,1331,20,1,975.19,0.15
3037,1331,38,3,388.12,0.0
3038,1332,3,3,1424.23,0.1
3039,1333,15,2,269.11,0.0
3040,1333,29,1,828.29,0.1
3041,1333,51,1,275.03,0.0
3042,1333,6,1,1049.63,0.0
3043,1334,60,3,32.21,0.05
3044,1334,16,1,2083.72,0.15
3045,1334,69,3,159.6,0.1
3046,1335,39,1,215.23,0.15
3047,1336,62,3,57.48,0.1
3048,1336,20,2,975.19,0.0
3049,1337,58,1,432.03,0.0
3050,1337,6,3,1049.63,0.0
3051,1337,35,2,1435.25,0.0
3052,1338,61,1,15.25,0.2
3053,1339,66,3,57.22,0.0
3054,1339,57,2,951.01,0.15
3055,1339,10,2,767.94,0.05
3056,1340,63,1,238.99,0.0
3057,1341,2,2,501.92,0.0
3058,1341,46,1,246.91,0.0
3059,1342,65,2,70.93,0.1
3060,1342,49,1,436.75,0.0
3061,1343,11,3,427.22,0.0
3062,1343,24,3,772.31,0.0
3063,1344,15,3,269.11,0.0
3064,1344,49,3,436.75,0.0
3065,1344,50,2,118.49,0.05
3066,1345,14,2,1221.37,0.05
3067,1346,43,2,488.15,0.1
3068,1346,69,1,159.6,0.0
3069,1347,8,3,1443.84,0.0
3070,1347,16,2,2083.72,0.1
3071,1347,1,3,1223.71,0.0
3072,1348,54,3,563.51,0.0
3073,1348,14,1,1221.37,0.0
3074,1349,24,3,772.31,0.15
3075,1350,18,1,1824.52,0.05
3076,1350,68,1,243.23,0.1
3077,1350,4,3,888.26,0.05
3078,1351,31,3,861.0,0.0
3079,1352,59,2,698.91,0.15
3080,1352,12,1,1306.73,0.0
3081,1353,47,2,265.05,0.0
3082,1353,64,3,257.94,0.1
3083,1353,59,2,698.91,0.0
3084,1353,52,1,838.96,0.05
3085,1354,66,1,57.22,0.0
3086,1354,38,1,388.12,0.0
3087,1355,65,3,70.93,0.0
3088,1355,33,1,889.22,0.2
3089,1355,24,1,772.31,0.0
3090,1356,43,3,488.15,0.0
3091,1356,48,3,778.9,0.1
3092,1357,30,2,1285.27,0.1
3093,1358,61,2,15.25,0.0
3094,1359,50,2,118.49,0.0
3095,1359,7,2,1377.26,0.0
3096,1359,43,2,488.15,0.05
3097,1360,63,1,238.99,0.05
3098,1360,67,3,149.05,0.0
3099,1360,41,2,157.13,0.1
3100,1361,39,1,215.23,0.05
3101,1362,42,1,415.72,0.1
3102,1363,31,3,861.0,0.0
3103,1363,10,2,767.94,0.0
3104,1364,6,1,1049.63,0.1
3105,1364,31,1,861.0,0.05
3106,1365,53,1,930.36,0.1
3107,1365,58,1,432.03,0.05
3108,1366,65,1,70.93,0.05
3109,1367,61,2,15.25,0.05
3110,1367,66,2,57.22,0.0
3111,1367,29,3,828.29,0.1
3112,1368,27,2,2117.33,0.0
3113,1368,12,1,1306.73,0.0
3114,1369,55,1,902.48,0.0
3115,1369,39,1,215.23,0.1
3116,1370,23,3,927.42,0.15
3117,1370,17,1,791.03,0.1
3118,1370,55,1,902.48,0.15
3119,1371,13,2,722.89,0.2
3120,1371,23,1,927.42,0.0
3121,1372,61,3,15.25,0.1
3122,1372,42,3,415.72,0.0
3123,1373,59,3,698.91,0.0
3124,1373,35,3,1435.25,0.0
3125,1373,34,2,547.42,0.0
3126,1374,5,2,386.74,0.0
3127,1374,69,1,159.6,0.0
3128,1375,33,1,889.22,0.0
3129,1376,40,2,452.35,0.0
3130,1376,39,2,215.23,0.15
3131,1377,27,2,2117.33,0.0
3132,1377,58,3,432.03,0.0
3133,1377,44,2,187.21,0.05
3134,1378,25,2,1883.96,0.1
3135,1378,27,1,2117.33,0.1
3136,1378,24,3,772.31,0.1
3137,1379,48,1,778.9,0.05
3138,1380,12,2,1306.73,0.1
3139,1381,67,3,149.05,0.1
3140,1381,50,2,118.49,0.2
3141,1382,49,2,436.75,0.05
3142,1383,17,3,791.03,0.05
3143,1383,3,1,1424.23,0.1
3144,1384,36,2,737.92,0.2
3145,1384,24,2,772.31,0.0
3146,1384,62,3,57.48,0.05
3147,1384,23,3,927.42,0.1
3148,1384,54,1,563.51,0.0
3149,1385,5,1,386.74,0.05
3150,1385,70,2,154.12,0.0
3151,1385,34,2,547.42,0.0
3152,1386,27,3,2117.33,0.0
3153,1386,45,2,212.68,0.0
3154,1386,8,3,1443.84,0.0
3155,1387,58,2,432.03,0.15
3156,1388,57,2,951.01,0.0
3157,1388,29,1,828.29,0.0
3158,1388,36,3,737.92,0.2
3159,1389,34,2,547.42,0.0
3160,1390,24,1,772.31,0.1
3161,1390,12,3,1306.73,0.15
3162,1390,42,2,415.72,0.1
3163,1391,53,1,930.36,0.1
3164,1391,37,2,858.94,0.0
3165,1391,9,2,1413.9,0.05
3166,1391,19,3,777.06,0.15
3167,1392,34,2,547.42,0.0
3168,1393,36,3,737.92,0.1
3169,1393,4,3,888.26,0.0
3170,1393,62,2,57.48,0.0
3171,1394,58,3,432.03,0.1
3172,1394,18,3,1824.52,0.0
3173,1395,5,2,386.74,0.0
3174,1395,2,3,501.92,0.2
3175,1395,51,1,275.03,0.15
3176,1395,22,2,1168.73,0.0
3177,1395,31,2,861.0,0.15
3178,1396,44,2,187.21,0.05
3179,1396,47,1,265.05,0.05
3180,1397,43,1,488.15,0.15
3181,1397,41,1,157.13,0.05
3182,1397,24,2,772.31,0.0
3183,1398,68,3,243.23,0.1
3184,1399,48,1,778.9,0.05
3185,1399,13,1,722.89,0.0
3186,1400,19,3,777.06,0.1
3187,1400,3,3,1424.23,0.0
3188,1401,54,1,563.51,0.15
3189,1402,9,1,1413.9,0.0
3190,1402,68,2,243.23,0.1
3191,1402,43,1,488.15,0.05
3192,1403,24,2,772.31,0.0
3193,1403,10,2,767.94,0.1
3194,1403,30,1,1285.27,0.1
3195,1403,68,2,243.23,0.2
3196,1404,51,3,275.03,0.0
3197,1404,24,1,772.31,0.0
3198,1404,13,3,722.89,0.0
3199,1405,12,2,1306.73,0.05
3200,1405,7,3,1377.26,0.0
3201,1405,45,3,212.68,0.0
3202,1405,29,2,828.29,0.1
3203,1406,32,2,437.67,0.0
3204,1406,70,1,154.12,0.0
3205,1406,69,3,159.6,0.0
3206,1406,13,1,722.89,0.0
3207,1406,65,3,70.93,0.15
3208,1407,55,2,902.48,0.1
3209,1408,8,3,1443.84,0.05
3210,1408,24,2,772.31,0.0
3211,1409,28,3,862.43,0.1
3212,1409,51,1,275.03,0.05
3213,1410,52,3,838.96,0.0
3214,1410,13,3,722.89,0.0
3215,1410,14,2,1221.37,0.0
3216,1411,55,1,902.48,0.05
3217,1411,60,3,32.21,0.0
3218,1411,24,1,772.31,0.0
3219,1411,36,2,737.92,0.0
3220,1412,6,1,1049.63,0.0
3221,1413,37,1,858.94,0.0
3222,1414,64,1,257.94,0.05
3223,1414,19,2,777.06,0.1
3224,1414,14,2,1221.37,0.05
3225,1415,35,1,1435.25,0.0
3226,1415,4,1,888.26,0.15
3227,1415,48,3,778.9,0.1
3228,1416,59,2,698.91,0.1
3229,1416,25,3,1883.96,0.1
3230,1417,20,1,975.19,0.15
3231,1417,9,1,1413.9,0.2
3232,1417,15,2,269.11,0.05
3233,1418,53,1,930.36,0.05
3234,1418,28,1,862.43,0.0
3235,1418,37,2,858.94,0.0
3236,1419,18,2,1824.52,0.2
3237,1420,45,3,212.68,0.05
3238,1420,38,3,388.12,0.1
3239,1421,52,2,838.96,0.0
3240,1421,58,2,432.03,0.0
3241,1421,28,2,862.43,0.1
3242,1422,5,3,386.74,0.0
3243,1422,8,2,1443.84,0.0
3244,1422,61,1,15.25,0.2
3245,1423,56,2,529.61,0.0
3246,1423,50,1,118.49,0.0
3247,1423,54,3,563.51,0.0
3248,1423,19,3,777.06,0.1
3249,1424,38,3,388.12,0.05
3250,1424,58,3,432.03,0.1
3251,1425,5,2,386.74,0.05
3252,1426,56,1,529.61,0.05
3253,1427,3,3,1424.23,0.1
3254,1428,39,2,215.23,0.0
3255,1428,25,1,1883.96,0.05
3256,1429,65,2,70.93,0.0
3257,1429,42,2,415.72,0.0
3258,1429,19,3,777.06,0.0
3259,1430,57,2,951.01,0.05
3260,1430,29,3,828.29,0.0
3261,1431,3,2,1424.23,0.05
3262,1431,45,3,212.68,0.0
3263,1432,9,2,1413.9,0.05
3264,1432,42,3,415.72,0.05
3265,1433,39,2,215.23,0.1
3266,1433,9,1,1413.9,0.05
3267,1433,19,2,777.06,0.1
3268,1434,45,2,212.68,0.0
3269,1435,25,1,1883.96,0.05
3270,1436,52,3,838.96,0.0
3271,1436,62,1,57.48,0.0
3272,1437,17,3,791.03,0.0
3273,1437,41,1,157.13,0.05
3274,1437,18,2,1824.52,0.0
3275,1438,7,1,1377.26,0.1
3276,1438,8,2,1443.84,0.05
3277,1439,42,3,415.72,0.0
3278,1439,23,1,927.42,0.1
3279,1440,53,1,930.36,0.0
3280,1441,66,3,57.22,0.15
3281,1441,7,2,1377.26,0.1
3282,1441,11,2,427.22,0.0
3283,1441,42,3,415.72,0.05
3284,1442,22,2,1168.73,0.0
3285,1442,63,3,238.99,0.0
3286,1443,58,3,432.03,0.05
3287,1443,10,1,767.94,0.05
3288,1443,48,1,778.9,0.0
3289,1443,27,3,2117.33,0.0
3290,1444,29,1,828.29,0.0
3291,1445,26,1,1693.23,0.0
3292,1446,59,1,698.91,0.05
3293,1446,30,2,1285.27,0.1
3294,1446,63,3,238.99,0.2
3295,1447,58,1,432.03,0.05
3296,1448,27,3,2117.33,0.0
3297,1448,23,3,927.42,0.1
3298,1449,43,1,488.15,0.1
3299,1449,48,1,778.9,0.1
3300,1450,48,2,778.9,0.0
3301,1450,27,3,2117.33,0.05
3302,1451,34,1,547.42,0.1
3303,1451,47,2,265.05,0.0
3304,1452,54,3,563.51,0.1
3305,1452,3,1,1424.23,0.0
3306,1452,61,1,15.25,0.2
3307,1453,69,2,159.6,0.15
3308,1453,42,2,415.72,0.1
3309,1454,33,2,889.22,0.0
3310,1454,46,2,246.91,0.1
3311,1455,24,2,772.31,0.1
3312,1455,18,2,1824.52,0.0
3313,1455,70,3,154.12,0.0
3314,1456,21,1,2183.44,0.0
3315,1457,43,2,488.15,0.05
3316,1457,29,1,828.29,0.0
3317,1458,19,2,777.06,0.15
3318,1458,60,3,32.21,0.1
3319,1459,7,3,1377.26,0.0
3320,1459,36,1,737.92,0.1
3321,1459,28,1,862.43,0.1
3322,1460,53,2,930.36,0.0
3323,1460,66,3,57.22,0.0
3324,1461,17,2,791.03,0.15
3325,1461,3,2,1424.23,0.05
3326,1461,4,1,888.26,0.0
3327,1461,35,1,1435.25,0.15
3328,1461,20,1,975.19,0.05
3329,1462,70,3,154.12,0.1
3330,1463,54,3,563.51,0.1
3331,1463,41,3,157.13,0.0
3332,1464,28,2,862.43,0.0
3333,1464,17,2,791.03,0.0
3334,1465,56,3,529.61,0.05
3335,1466,29,3,828.29,0.0
3336,1466,59,2,698.91,0.1
3337,1467,41,3,157.13,0.0
3338,1467,59,3,698.91,0.0
3339,1468,24,2,772.31,0.05
3340,1468,55,1,902.48,0.1
3341,1468,44,2,187.21,0.0
3342,1469,18,3,1824.52,0.1
3343,1469,60,3,32.21,0.0
3344,1470,18,2,1824.52,0.0
3345,1470,42,3,415.72,0.05
3346,1470,56,1,529.61,0.0
3347,1471,28,1,862.43,0.0
3348,1471,4,3,888.26,0.0
3349,1472,43,2,488.15,0.1
3350,1472,56,3,529.61,0.0
3351,1473,55,3,902.48,0.0
3352,1473,1,3,1223.71,0.1
3353,1473,33,1,889.22,0.05
3354,1474,58,2,432.03,0.1
3355,1475,55,2,902.48,0.0
3356,1475,18,3,1824.52,0.1
3357,1475,45,3,212.68,0.0
3358,1476,30,2,1285.27,0.2
3359,1476,42,3,415.72,0.0
3360,1477,10,2,767.94,0.1
3361,1477,28,1,862.43,0.0
3362,1477,33,1,889.22,0.05
3363,1478,12,1,1306.73,0.15
3364,1478,66,2,57.22,0.0
3365,1478,4,1,888.26,0.1
3366,1479,35,2,1435.25,0.1
3367,1479,36,2,737.92,0.0
3368,1480,35,2,1435.25,0.15
3369,1480,54,2,563.51,0.0
3370,1481,37,3,858.94,0.05
3371,1481,6,1,1049.63,0.1
3372,1481,45,2,212.68,0.0
3373,1482,3,1,1424.23,0.05
3374,1482,41,2,157.13,0.15
3375,1483,23,2,927.42,0.05
3376,1484,6,2,1049.63,0.05
3377,1484,32,3,437.67,0.0
3378,1485,30,2,1285.27,0.2
3379,1485,69,2,159.6,0.1
3380,1486,46,2,246.91,0.05
3381,1486,14,1,1221.37,0.1
3382,1487,69,1,159.6,0.0
3383,1487,65,3,70.93,0.0
3384,1488,25,2,1883.96,0.0
3385,1488,56,3,529.61,0.0
3386,1488,16,2,2083.72,0.05
3387,1489,44,1,187.21,0.15
3388,1489,7,2,1377.26,0.05
3389,1489,52,1,838.96,0.0
3390,1490,52,3,838.96,0.0
3391,1490,25,1,1883.96,0.1
3392,1491,21,3,2183.44,0.05
3393,1492,8,1,1443.84,0.05
3394,1493,4,3,888.26,0.0
3395,1493,63,1,238.99,0.05
3396,1494,9,2,1413.9,0.2
3397,1494,26,3,1693.23,0.1
3398,1495,52,2,838.96,0.0
3399,1495,37,1,858.94,0.0
3400,1496,34,1,547.42,0.05
3401,1496,23,1,927.42,0.15
3402,1496,17,1,791.03,0.0
3403,1497,35,3,1435.25,0.0
3404,1497,15,1,269.11,0.05
3405,1497,37,3,858.94,0.05
3406,1498,37,1,858.94,0.0
3407,1498,64,1,257.94,0.2
3408,1498,19,2,777.06,0.0
3409,1499,9,2,1413.9,0.15
3410,1499,53,3,930.36,0.1
3411,1500,24,2,772.31,0.1
3412,1500,1,3,1223.71,0.05
3413,1500,49,3,436.75,0.0
3414,1500,30,3,1285.27,0.0
3415,1500,56,2,529.61,0.1
3416,1501,21,1,2183.44,0.1
3417,1501,27,3,2117.33,0.05
3418,1501,70,1,154.12,0.0
3419,1501,38,1,388.12,0.05
3420,1502,32,2,437.67,0.1
3421,1502,20,1,975.19,0.05
3422,1503,14,1,1221.37,0.0
3423,1503,23,3,927.42,0.0
3424,1504,46,2,246.91,0.0
3425,1504,9,2,1413.9,0.1
3426,1505,34,1,547.42,0.1
3427,1506,16,2,2083.72,0.05
3428,1507,7,3,1377.26,0.0
3429,1508,51,3,275.03,0.05
3430,1508,64,3,257.94,0.0
3431,1508,21,1,2183.44,0.1
3432,1509,19,1,777.06,0.0
3433,1510,49,2,436.75,0.0
3434,1510,22,2,1168.73,0.0
3435,1510,20,1,975.19,0.05
3436,1511,47,2,265.05,0.0
3437,1511,16,3,2083.72,0.1
3438,1512,67,1,149.05,0.0
3439,1512,13,3,722.89,0.05
3440,1512,29,3,828.29,0.0
3441,1512,3,1,1424.23,0.0
3442,1512,20,2,975.19,0.05
3443,1513,24,3,772.31,0.05
3444,1513,51,3,275.03,0.1
3445,1514,36,1,737.92,0.05
3446,1514,25,2,1883.96,0.1
3447,1515,33,1,889.22,0.0
3448,1515,29,1,828.29,0.2
3449,1515,54,1,563.51,0.1
3450,1516,5,2,386.74,0.1
3451,1516,30,2,1285.27,0.1
3452,1516,59,1,698.91,0.0
3453,1517,28,1,862.43,0.0
3454,1517,70,1,154.12,0.05
3455,1518,40,3,452.35,0.15
3456,1519,52,3,838.96,0.0
3457,1519,29,3,828.29,0.0
3458,1519,26,3,1693.23,0.0
3459,1520,23,1,927.42,0.0
3460,1520,67,1,149.05,0.0
3461,1521,55,1,902.48,0.1
3462,1521,61,1,15.25,0.1
3463,1522,21,1,2183.44,0.0
3464,1522,18,2,1824.52,0.0
3465,1523,4,3,888.26,0.0
3466,1523,37,1,858.94,0.2
3467,1524,23,2,927.42,0.05
3468,1524,7,2,1377.26,0.0
3469,1525,50,2,118.49,0.0
3470,1525,51,2,275.03,0.1
3471,1526,12,3,1306.73,0.0
3472,1526,45,3,212.68,0.0
3473,1526,34,1,547.42,0.1
3474,1527,49,1,436.75,0.05
3475,1527,2,3,501.92,0.05
3476,1528,55,2,902.48,0.0
3477,1529,13,3,722.89,0.0
3478,1529,62,1,57.48,0.0
3479,1529,59,2,698.91,0.0
3480,1529,66,3,57.22,0.1
3481,1529,19,1,777.06,0.1
3482,1530,63,2,238.99,0.2
3483,1531,18,2,1824.52,0.0
3484,1532,56,1,529.61,0.1
3485,1533,10,1,767.94,0.2
3486,1533,18,2,1824.52,0.0
3487,1534,69,1,159.6,0.0
3488,1535,42,3,415.72,0.05
3489,1535,6,3,1049.63,0.1
3490,1535,50,1,118.49,0.0
3491,1536,65,1,70.93,0.15
3492,1536,12,1,1306.73,0.05
3493,1536,30,3,1285.27,0.05
3494,1537,48,2,778.9,0.0
3495,1537,32,1,437.67,0.0
3496,1538,48,1,778.9,0.05
3497,1538,67,2,149.05,0.0
3498,1538,11,3,427.22,0.05
3499,1539,7,3,1377.26,0.05
3500,1539,61,1,15.25,0.15
3501,1539,69,1,159.6,0.1
3502,1539,4,1,888.26,0.0
3503,1540,50,3,118.49,0.0
3504,1541,16,1,2083.72,0.1
3505,1541,35,1,1435.25,0.0
3506,1542,1,3,1223.71,0.1
3507,1543,49,2,436.75,0.0
3508,1544,13,1,722.89,0.1
3509,1544,17,3,791.03,0.0
3510,1545,46,1,246.91,0.0
3511,1545,39,1,215.23,0.0
3512,1546,11,1,427.22,0.0
3513,1546,38,1,388.12,0.1
3514,1546,56,3,529.61,0.1
3515,1547,55,2,902.48,0.0
3516,1547,14,1,1221.37,0.1
3517,1547,69,2,159.6,0.2
3518,1548,38,2,388.12,0.1
3519,1549,8,3,1443.84,0.0
3520,1549,25,3,1883.96,0.0
3521,1549,19,2,777.06,0.0
3522,1550,32,1,437.67,0.0
3523,1551,12,2,1306.73,0.0
3524,1551,3,1,1424.23,0.1
3525,1551,23,1,927.42,0.0
3526,1551,26,1,1693.23,0.05
3527,1552,63,2,238.99,0.15
3528,1552,69,3,159.6,0.1
3529,1552,12,3,1306.73,0.0
3530,1553,37,3,858.94,0.0
3531,1553,29,3,828.29,0.0
3532,1553,14,2,1221.37,0.0
3533,1553,52,2,838.96,0.1
3534,1554,8,2,1443.84,0.0
3535,1554,49,3,436.75,0.05
3536,1554,61,3,15.25,0.0
3537,1555,14,1,1221.37,0.1
3538,1555,49,3,436.75,0.0
3539,1556,28,3,862.43,0.0
3540,1556,44,3,187.21,0.05
3541,1557,18,1,1824.52,0.05
3542,1557,65,1,70.93,0.0
3543,1558,11,3,427.22,0.05
3544,1558,50,2,118.49,0.1
3545,1558,43,3,488.15,0.0
3546,1559,48,1,778.9,0.1
3547,1559,39,1,215.23,0.0
3548,1559,33,1,889.22,0.0
3549,1560,23,1,927.42,0.0
3550,1560,17,2,791.03,0.0
3551,1561,5,2,386.74,0.0
3552,1562,68,1,243.23,0.0
3553,1562,22,1,1168.73,0.05
3554,1563,1,3,1223.71,0.05
3555,1563,6,1,1049.63,0.0
3556,1563,27,2,2117.33,0.0
3557,1563,38,2,388.12,0.15
3558,1564,5,1,386.74,0.0
3559,1565,43,2,488.15,0.1
3560,1565,67,1,149.05,0.15
3561,1565,35,1,1435.25,0.0
3562,1566,47,2,265.05,0.0
3563,1567,65,1,70.93,0.15
3564,1567,67,1,149.05,0.0
3565,1567,35,3,1435.25,0.0
3566,1568,35,3,1435.25,0.1
3567,1568,32,1,437.67,0.0
3568,1569,59,2,698.91,0.0
3569,1569,38,3,388.12,0.0
3570,1570,22,1,1168.73,0.0
3571,1570,32,3,437.67,0.05
3572,1571,56,3,529.61,0.0
3573,1571,58,2,432.03,0.05
3574,1572,8,1,1443.84,0.0
3575,1572,12,2,1306.73,0.0
3576,1572,37,1,858.94,0.2
3577,1573,56,3,529.61,0.05
3578,1573,53,1,930.36,0.2
3579,1574,28,2,862.43,0.05
3580,1575,68,3,243.23,0.15
3581,1575,50,2,118.49,0.1
3582,1575,33,3,889.22,0.0
3583,1576,7,1,1377.26,0.15
3584,1576,25,2,1883.96,0.0
3585,1577,62,3,57.48,0.05
3586,1577,44,3,187.21,0.2
3587,1577,56,3,529.61,0.0
3588,1578,12,1,1306.73,0.0
3589,1578,52,3,838.96,0.0
3590,1579,33,2,889.22,0.1
3591,1580,43,3,488.15,0.15
3592,1581,23,1,927.42,0.0
3593,1581,26,2,1693.23,0.0
3594,1582,1,1,1223.71,0.0
3595,1582,10,2,767.94,0.0
3596,1582,6,2,1049.63,0.0
3597,1583,12,2,1306.73,0.0
3598,1584,7,2,1377.26,0.2
3599,1584,61,3,15.25,0.05
3600,1585,24,3,772.31,0.0
3601,1585,31,3,861.0,0.0
3602,1585,3,2,1424.23,0.0
3603,1585,30,2,1285.27,0.0
3604,1586,55,3,902.48,0.0
3605,1587,20,1,975.19,0.0
3606,1587,48,3,778.9,0.0
3607,1588,8,2,1443.84,0.15
3608,1588,26,1,1693.23,0.1
3609,1589,6,3,1049.63,0.0
3610,1589,45,3,212.68,0.05
3611,1590,5,2,386.74,0.15
3612,1590,33,1,889.22,0.15
3613,1591,11,1,427.22,0.1
3614,1592,3,3,1424.23,0.0
3615,1592,56,1,529.61,0.1
3616,1593,21,1,2183.44,0.0
3617,1593,60,2,32.21,0.0
3618,1594,59,2,698.91,0.15
3619,1594,39,3,215.23,0.05
3620,1594,47,3,265.05,0.0
3621,1595,45,3,212.68,0.2
3622,1596,48,3,778.9,0.15
3623,1596,32,3,437.67,0.1
3624,1596,30,3,1285.27,0.15
3625,1596,60,1,32.21,0.05
3626,1597,59,2,698.91,0.0
3627,1597,21,3,2183.44,0.1
3628,1597,54,1,563.51,0.0
3629,1598,54,3,563.51,0.0
3630,1599,7,2,1377.26,0.0
3631,1599,3,2,1424.23,0.05
3632,1600,23,2,927.42,0.0
3633,1600,34,1,547.42,0.05
3634,1600,43,1,488.15,0.0
3635,1600,51,1,275.03,0.05
3636,1601,26,1,1693.23,0.15
3637,1601,33,1,889.22,0.1
3638,1602,5,2,386.74,0.1
3639,1603,11,1,427.22,0.0
3640,1604,33,1,889.22,0.0
3641,1604,64,3,257.94,0.1
3642,1605,29,2,828.29,0.05
3643,1605,64,2,257.94,0.0
3644,1605,47,1,265.05,0.0
3645,1606,55,2,902.48,0.0
3646,1606,25,2,1883.96,0.0
3647,1607,15,3,269.11,0.1
3648,1608,5,1,386.74,0.05
3649,1608,22,2,1168.73,0.15
3650,1609,1,3,1223.71,0.0
3651,1610,22,3,1168.73,0.0
3652,1611,35,2,1435.25,0.2
3653,1611,15,2,269.11,0.05
3654,1611,14,2,1221.37,0.0
3655,1612,53,1,930.36,0.1
3656,1612,22,3,1168.73,0.0
3657,1613,48,1,778.9,0.0
3658,1613,53,1,930.36,0.0
3659,1614,24,1,772.31,0.0
3660,1614,63,1,238.99,0.05
3661,1615,22,2,1168.73,0.0
3662,1616,9,3,1413.9,0.0
3663,1616,32,2,437.67,0.0
3664,1617,51,2,275.03,0.0
3665,1617,62,2,57.48,0.1
3666,1618,30,2,1285.27,0.0
3667,1618,57,1,951.01,0.2
3668,1618,23,3,927.42,0.1
3669,1619,34,3,547.42,0.05
3670,1619,41,1,157.13,0.1
3671,1619,55,2,902.48,0.15
3672,1619,15,3,269.11,0.1
3673,1620,33,1,889.22,0.0
3674,1620,30,3,1285.27,0.1
3675,1620,7,2,1377.26,0.0
3676,1620,22,2,1168.73,0.0
3677,1621,44,1,187.21,0.0
3678,1621,64,2,257.94,0.15
3679,1622,46,2,246.91,0.0
3680,1622,30,3,1285.27,0.05
3681,1623,39,2,215.23,0.0
3682,1623,5,1,386.74,0.0
3683,1623,18,3,1824.52,0.05
3684,1624,53,3,930.36,0.05
3685,1625,70,2,154.12,0.05
3686,1625,27,3,2117.33,0.05
3687,1625,23,3,927.42,0.05
3688,1625,5,2,386.74,0.0
3689,1626,36,1,737.92,0.0
3690,1626,6,3,1049.63,0.0
3691,1626,32,2,437.67,0.0
3692,1627,1,1,1223.71,0.0
3693,1627,36,3,737.92,0.15
3694,1628,13,2,722.89,0.0
3695,1628,44,2,187.21,0.0
3696,1628,7,2,1377.26,0.2
3697,1629,6,1,1049.63,0.2
3698,1630,19,2,777.06,0.2
3699,1630,66,3,57.22,0.0
3700,1631,24,1,772.31,0.05
3701,1631,62,2,57.48,0.0
3702,1632,22,3,1168.73,0.0
3703,1632,57,3,951.01,0.0
3704,1632,54,2,563.51,0.2
3705,1632,8,2,1443.84,0.1
3706,1633,11,2,427.22,0.0
3707,1634,37,3,858.94,0.1
3708,1634,18,2,1824.52,0.05
3709,1635,59,2,698.91,0.1
3710,1636,46,2,246.91,0.0
3711,1637,52,1,838.96,0.0
3712,1637,39,3,215.23,0.1
3713,1638,28,2,862.43,0.0
3714,1638,46,2,246.91,0.0
3715,1639,47,2,265.05,0.0
3716,1639,16,1,2083.72,0.05
3717,1639,35,1,1435.25,0.05
3718,1640,2,3,501.92,0.15
3719,1640,12,2,1306.73,0.05
3720,1640,24,2,772.31,0.15
3721,1641,54,3,563.51,0.0
3722,1641,51,2,275.03,0.15
3723,1642,13,2,722.89,0.05
3724,1643,13,3,722.89,0.05
3725,1643,51,3,275.03,0.05
3726,1644,62,1,57.48,0.0
3727,1645,51,3,275.03,0.2
3728,1646,55,2,902.48,0.0
3729,1647,3,3,1424.23,0.05
3730,1647,39,3,215.23,0.05
3731,1647,37,2,858.94,0.0
3732,1648,51,3,275.03,0.0
3733,1649,24,1,772.31,0.0
3734,1649,25,2,1883.96,0.15
3735,1649,43,2,488.15,0.0
3736,1650,9,3,1413.9,0.0
3737,1650,37,3,858.94,0.0
3738,1650,61,3,15.25,0.05
3739,1651,27,1,2117.33,0.15
3740,1652,4,1,888.26,0.1
3741,1653,12,1,1306.73,0.05
3742,1653,58,3,432.03,0.1
3743,1654,27,2,2117.33,0.1
3744,1654,33,2,889.22,0.05
3745,1654,56,1,529.61,0.1
3746,1655,29,2,828.29,0.0
3747,1656,22,2,1168.73,0.0
3748,1656,14,1,1221.37,0.05
3749,1657,15,2,269.11,0.0
3750,1657,59,3,698.91,0.05
3751,1658,21,3,2183.44,0.0
3752,1658,55,1,902.48,0.0
3753,1658,66,2,57.22,0.05
3754,1659,50,1,118.49,0.05
3755,1659,62,1,57.48,0.05
3756,1659,12,1,1306.73,0.05
3757,1660,58,1,432.03,0.0
3758,1660,45,1,212.68,0.0
3759,1661,17,2,791.03,0.1
3760,1662,43,2,488.15,0.0
3761,1662,10,1,767.94,0.0
3762,1663,27,1,2117.33,0.1
3763,1663,36,2,737.92,0.0
3764,1663,62,1,57.48,0.1
3765,1664,20,1,975.19,0.0
3766,1665,48,3,778.9,0.0
3767,1665,57,3,951.01,0.0
3768,1665,62,1,57.48,0.0
3769,1666,48,2,778.9,0.1
3770,1667,68,3,243.23,0.0
3771,1667,69,2,159.6,0.1
3772,1668,59,2,698.91,0.0
3773,1668,53,3,930.36,0.05
3774,1668,64,1,257.94,0.0
3775,1669,31,3,861.0,0.0
3776,1670,46,2,246.91,0.0
3777,1670,17,1,791.03,0.0
3778,1671,19,2,777.06,0.05
3779,1672,3,1,1424.23,0.15
3780,1672,31,2,861.0,0.0
3781,1673,40,2,452.35,0.0
3782,1674,59,1,698.91,0.1
3783,1674,56,2,529.61,0.1
3784,1674,26,3,1693.23,0.1
3785,1675,63,3,238.99,0.05
3786,1675,24,3,772.31,0.1
3787,1676,10,3,767.94,0.0
3788,1676,69,3,159.6,0.05
3789,1676,50,3,118.49,0.0
3790,1676,45,1,212.68,0.0
3791,1677,15,2,269.11,0.0
3792,1677,67,1,149.05,0.0
3793,1678,31,2,861.0,0.1
3794,1678,68,2,243.23,0.1
3795,1679,56,3,529.61,0.2
3796,1679,16,2,2083.72,0.1
3797,1679,40,2,452.35,0.0
3798,1680,18,1,1824.52,0.0
3799,1680,57,2,951.01,0.05
3800,1680,60,1,32.21,0.1
3801,1681,30,2,1285.27,0.1
3802,1682,27,2,2117.33,0.05
3803,1682,14,3,1221.37,0.0
3804,1682,63,2,238.99,0.05
3805,1683,15,1,269.11,0.1
3806,1683,66,1,57.22,0.15
3807,1683,48,3,778.9,0.2
3808,1683,32,1,437.67,0.05
3809,1684,43,1,488.15,0.0
3810,1685,17,2,791.03,0.0
3811,1686,32,1,437.67,0.05
3812,1686,6,1,1049.63,0.1
3813,1686,41,2,157.13,0.05
3814,1686,33,2,889.22,0.0
3815,1687,7,1,1377.26,0.1
3816,1687,40,2,452.35,0.15
3817,1687,19,2,777.06,0.1
3818,1688,50,2,118.49,0.05
3819,1689,11,1,427.22,0.0
3820,1690,42,2,415.72,0.2
3821,1691,37,2,858.94,0.05
3822,1691,14,2,1221.37,0.0
3823,1692,56,3,529.61,0.0
3824,1692,28,3,862.43,0.05
3825,1692,35,1,1435.25,0.1
3826,1693,65,2,70.93,0.1
3827,1694,56,1,529.61,0.1
3828,1695,21,3,2183.44,0.0
3829,1695,50,2,118.49,0.15
3830,1695,56,1,529.61,0.15
3831,1695,30,2,1285.27,0.05
3832,1696,18,1,1824.52,0.05
3833,1696,64,1,257.94,0.15
3834,1696,3,1,1424.23,0.0
3835,1697,38,3,388.12,0.05
3836,1697,11,3,427.22,0.05
3837,1698,63,2,238.99,0.0
3838,1698,20,3,975.19,0.0
3839,1699,47,1,265.05,0.0
3840,1700,41,1,157.13,0.05
3841,1700,8,3,1443.84,0.1
3842,1700,60,2,32.21,0.0
3843,1701,25,1,1883.96,0.0
3844,1701,1,2,1223.71,0.1
3845,1702,35,1,1435.25,0.1
3846,1703,38,2,388.12,0.1
3847,1703,9,3,1413.9,0.0
3848,1703,60,2,32.21,0.05
3849,1704,7,2,1377.26,0.0
3850,1705,2,3,501.92,0.05
3851,1705,1,1,1223.71,0.15
3852,1706,1,2,1223.71,0.0
3853,1706,30,1,1285.27,0.1
3854,1706,40,1,452.35,0.0
3855,1706,31,3,861.0,0.0
3856,1706,23,1,927.42,0.1
3857,1707,26,2,1693.23,0.0
3858,1707,57,1,951.01,0.0
3859,1707,27,1,2117.33,0.05
3860,1708,24,2,772.31,0.2
3861,1708,1,3,1223.71,0.0
3862,1709,29,2,828.29,0.0
3863,1709,28,3,862.43,0.0
3864,1709,44,1,187.21,0.05
3865,1710,41,3,157.13,0.0
3866,1710,19,2,777.06,0.15
3867,1711,68,2,243.23,0.1
3868,1711,14,3,1221.37,0.05
3869,1712,67,2,149.05,0.1
3870,1713,58,3,432.03,0.0
3871,1713,21,2,2183.44,0.1
3872,1713,29,2,828.29,0.15
3873,1714,8,3,1443.84,0.0
3874,1714,19,2,777.06,0.15
3875,1714,2,1,501.92,0.1
3876,1714,7,1,1377.26,0.05
3877,1715,49,2,436.75,0.1
3878,1715,28,3,862.43,0.0
3879,1716,35,3,1435.25,0.05
3880,1716,61,1,15.25,0.05
3881,1716,49,1,436.75,0.1
3882,1716,23,3,927.42,0.15
3883,1716,7,3,1377.26,0.0
3884,1717,33,2,889.22,0.0
3885,1717,65,2,70.93,0.05
3886,1718,70,1,154.12,0.0
3887,1718,17,1,791.03,0.1
3888,1718,40,2,452.35,0.0
3889,1718,69,3,159.6,0.0
3890,1719,30,3,1285.27,0.05
3891,1720,63,1,238.99,0.0
3892,1720,11,3,427.22,0.0
3893,1721,62,3,57.48,0.0
3894,1721,61,2,15.25,0.0
3895,1722,62,3,57.48,0.05
3896,1722,55,2,902.48,0.0
3897,1722,24,3,772.31,0.05
3898,1723,6,1,1049.63,0.05
3899,1723,51,1,275.03,0.05
3900,1723,13,2,722.89,0.0
3901,1724,15,2,269.11,0.1
3902,1724,35,2,1435.25,0.0
3903,1724,13,1,722.89,0.0
3904,1725,1,2,1223.71,0.0
3905,1725,39,3,215.23,0.0
3906,1725,17,1,791.03,0.0
3907,1726,28,1,862.43,0.05
3908,1726,40,2,452.35,0.0
3909,1727,42,3,415.72,0.05
3910,1727,5,2,386.74,0.0
3911,1727,24,2,772.31,0.05
3912,1728,30,3,1285.27,0.0
3913,1728,11,3,427.22,0.0
3914,1728,46,3,246.91,0.15
3915,1729,17,3,791.03,0.0
3916,1729,23,1,927.42,0.15
3917,1729,70,3,154.12,0.05
3918,1729,53,3,930.36,0.0
3919,1729,56,3,529.61,0.15
3920,1730,38,2,388.12,0.05
3921,1730,66,1,57.22,0.1
3922,1731,15,3,269.11,0.05
3923,1731,38,3,388.12,0.0
3924,1731,29,3,828.29,0.0
3925,1732,67,1,149.05,0.15
3926,1733,23,3,927.42,0.05
3927,1733,21,2,2183.44,0.05
3928,1733,59,2,698.91,0.05
3929,1734,51,3,275.03,0.0
3930,1734,24,3,772.31,0.05
3931,1734,57,2,951.01,0.05
3932,1734,53,2,930.36,0.2
3933,1735,14,2,1221.37,0.0
3934,1735,30,3,1285.27,0.1
3935,1736,64,1,257.94,0.1
3936,1737,48,1,778.9,0.0
3937,1738,34,2,547.42,0.05
3938,1739,62,3,57.48,0.05
3939,1739,41,1,157.13,0.05
3940,1739,22,1,1168.73,0.0
3941,1739,65,3,70.93,0.2
3942,1740,41,2,157.13,0.1
3943,1740,4,3,888.26,0.0
3944,1741,8,2,1443.84,0.0
3945,1741,28,3,862.43,0.0
3946,1741,63,1,238.99,0.0
3947,1742,3,1,1424.23,0.0
3948,1742,26,1,1693.23,0.0
3949,1742,25,2,1883.96,0.05
3950,1743,3,2,1424.23,0.15
3951,1743,65,1,70.93,0.05
3952,1744,66,2,57.22,0.2
3953,1745,30,3,1285.27,0.1
3954,1746,25,3,1883.96,0.0
3955,1746,4,2,888.26,0.0
3956,1746,40,2,452.35,0.0
3957,1747,60,3,32.21,0.0
3958,1747,29,2,828.29,0.0
3959,1747,52,1,838.96,0.0
3960,1748,39,3,215.23,0.1
3961,1749,13,2,722.89,0.05
3962,1749,58,3,432.03,0.0
3963,1750,22,2,1168.73,0.15
3964,1750,12,2,1306.73,0.0
3965,1750,58,2,432.03,0.0
3966,1751,22,3,1168.73,0.0
3967,1752,57,3,951.01,0.05
3968,1752,8,2,1443.84,0.15
3969,1753,63,1,238.99,0.0
3970,1754,70,3,154.12,0.0
3971,1755,38,3,388.12,0.15
3972,1756,63,1,238.99,0.0
3973,1757,23,1,927.42,0.0
3974,1758,27,1,2117.33,0.15
3975,1758,26,1,1693.23,0.1
3976,1758,25,1,1883.96,0.0
3977,1758,24,3,772.31,0.1
3978,1759,39,2,215.23,0.05
3979,1760,20,1,975.19,0.0
3980,1760,36,3,737.92,0.15
3981,1761,52,2,838.96,0.1
3982,1762,11,1,427.22,0.0
3983,1763,20,3,975.19,0.1
3984,1763,46,1,246.91,0.1
3985,1763,45,1,212.68,0.1
3986,1764,47,1,265.05,0.0
3987,1764,21,2,2183.44,0.05
3988,1765,37,2,858.94,0.0
3989,1766,28,2,862.43,0.05
3990,1767,37,2,858.94,0.0
3991,1767,32,2,437.67,0.0
3992,1767,51,2,275.03,0.05
3993,1768,3,1,1424.23,0.1
3994,1769,42,1,415.72,0.1
3995,1769,31,3,861.0,0.05
3996,1770,58,1,432.03,0.1
3997,1771,12,1,1306.73,0.0
3998,1771,8,3,1443.84,0.1
3999,1772,28,2,862.43,0.1
4000,1772,51,1,275.03,0.05
4001,1772,39,2,215.23,0.1
4002,1772,60,3,32.21,0.0
4003,1773,56,1,529.61,0.1
4004,1773,35,2,1435.25,0.0
4005,1774,46,3,246.91,0.1
4006,1774,44,2,187.21,0.05
4007,1775,38,1,388.12,0.0
4008,1775,26,3,1693.23,0.0
4009,1776,38,3,388.12,0.0
4010,1777,43,3,488.15,0.05
4011,1777,3,2,1424.23,0.0
4012,1778,67,3,149.05,0.15
4013,1778,50,3,118.49,0.0
4014,1778,5,3,386.74,0.05
4015,1779,66,2,57.22,0.0
4016,1779,65,3,70.93,0.0
4017,1780,17,2,791.03,0.0
4018,1780,67,1,149.05,0.1
4019,1781,7,1,1377.26,0.1
4020,1782,56,2,529.61,0.0
4021,1782,28,2,862.43,0.0
4022,1783,47,3,265.05,0.0
4023,1783,45,2,212.68,0.0
4024,1784,10,3,767.94,0.0
4025,1784,21,2,2183.44,0.1
4026,1784,24,3,772.31,0.0
4027,1784,28,3,862.43,0.05
4028,1785,42,2,415.72,0.0
4029,1785,25,1,1883.96,0.05
4030,1786,67,2,149.05,0.1
4031,1786,14,3,1221.37,0.0
4032,1786,42,2,415.72,0.0
4033,1787,70,3,154.12,0.0
4034,1787,40,1,452.35,0.0
4035,1788,6,3,1049.63,0.0
4036,1788,41,2,157.13,0.0
4037,1789,32,3,437.67,0.0
4038,1789,45,2,212.68,0.0
4039,1789,5,1,386.74,0.05
4040,1790,21,3,2183.44,0.0
4041,1790,19,1,777.06,0.1
4042,1790,27,2,2117.33,0.0
4043,1791,69,3,159.6,0.15
4044,1791,46,3,246.91,0.05
4045,1791,13,3,722.89,0.05
4046,1792,41,3,157.13,0.0
4047,1792,55,1,902.48,0.0
4048,1792,25,1,1883.96,0.05
4049,1792,49,3,436.75,0.15
4050,1793,26,2,1693.23,0.2
4051,1794,40,2,452.35,0.1
4052,1794,3,2,1424.23,0.0
4053,1794,26,3,1693.23,0.15
4054,1794,46,3,246.91,0.15
4055,1795,66,3,57.22,0.0
4056,1795,18,1,1824.52,0.05
4057,1796,32,2,437.67,0.0
4058,1796,19,3,777.06,0.0
4059,1797,27,1,2117.33,0.2
4060,1798,29,2,828.29,0.2
4061,1799,44,3,187.21,0.05
4062,1799,46,3,246.91,0.1
4063,1799,15,1,269.11,0.0
4064,1800,25,3,1883.96,0.1
4065,1801,31,3,861.0,0.2
4066,1801,30,3,1285.27,0.0
4067,1802,58,1,432.03,0.0
4068,1802,54,3,563.51,0.0
4069,1802,14,3,1221.37,0.1
4070,1803,39,2,215.23,0.0
4071,1804,48,3,778.9,0.0
4072,1805,29,3,828.29,0.05
4073,1806,56,2,529.61,0.2
4074,1806,2,3,501.92,0.05
4075,1807,10,2,767.94,0.0
4076,1808,17,3,791.03,0.05
4077,1809,62,1,57.48,0.0
4078,1809,19,3,777.06,0.0
4079,1809,11,2,427.22,0.0
4080,1809,29,1,828.29,0.1
4081,1810,31,2,861.0,0.05
4082,1810,19,2,777.06,0.05
4083,1811,38,1,388.12,0.0
4084,1811,39,3,215.23,0.05
4085,1812,65,1,70.93,0.0
4086,1812,66,3,57.22,0.0
4087,1813,64,1,257.94,0.0
4088,1813,39,1,215.23,0.0
4089,1813,29,3,828.29,0.1
4090,1814,57,2,951.01,0.0
4091,1814,56,2,529.61,0.05
4092,1815,40,3,452.35,0.1
4093,1815,53,1,930.36,0.1
4094,1815,56,3,529.61,0.0
4095,1816,34,3,547.42,0.0
4096,1816,65,2,70.93,0.05
4097,1816,49,2,436.75,0.05
4098,1817,36,2,737.92,0.1
4099,1817,16,3,2083.72,0.0
4100,1817,61,3,15.25,0.0
4101,1818,55,1,902.48,0.0
4102,1819,59,3,698.91,0.05
4103,1819,39,1,215.23,0.0
4104,1820,24,2,772.31,0.1
4105,1820,63,1,238.99,0.0
4106,1820,70,2,154.12,0.0
4107,1821,26,2,1693.23,0.05
4108,1821,32,2,437.67,0.05
4109,1821,44,2,187.21,0.05
4110,1822,51,3,275.03,0.1
4111,1822,39,1,215.23,0.0
4112,1822,27,3,2117.33,0.0
4113,1823,70,3,154.12,0.1
4114,1824,46,1,246.91,0.0
4115,1824,47,3,265.05,0.0
4116,1824,25,3,1883.96,0.15
4117,1825,30,3,1285.27,0.0
4118,1825,13,2,722.89,0.15
4119,1826,50,1,118.49,0.2
4120,1827,69,3,159.6,0.1
4121,1828,20,1,975.19,0.05
4122,1828,38,3,388.12,0.2
4123,1829,18,3,1824.52,0.05
4124,1830,32,3,437.67,0.0
4125,1830,28,1,862.43,0.0
4126,1831,59,1,698.91,0.05
4127,1831,4,2,888.26,0.0
4128,1832,34,2,547.42,0.05
4129,1833,57,2,951.01,0.1
4130,1833,51,1,275.03,0.1
4131,1834,50,3,118.49,0.0
4132,1834,40,3,452.35,0.0
4133,1835,22,3,1168.73,0.0
4134,1835,70,3,154.12,0.0
4135,1835,34,1,547.42,0.0
4136,1835,8,1,1443.84,0.05
4137,1835,27,1,2117.33,0.05
4138,1836,67,2,149.05,0.0
4139,1837,25,2,1883.96,0.1
4140,1837,11,1,427.22,0.05
4141,1837,21,3,2183.44,0.0
4142,1838,45,1,212.68,0.2
4143,1839,17,1,791.03,0.05
4144,1839,7,1,1377.26,0.0
4145,1839,29,2,828.29,0.05
4146,1840,18,1,1824.52,0.05
4147,1840,54,1,563.51,0.1
4148,1841,49,1,436.75,0.0
4149,1841,66,3,57.22,0.0
4150,1841,25,2,1883.96,0.0
4151,1841,4,2,888.26,0.05
4152,1841,3,2,1424.23,0.0
4153,1842,27,2,2117.33,0.1
4154,1843,25,1,1883.96,0.0
4155,1844,57,3,951.01,0.0
4156,1844,23,1,927.42,0.05
4157,1845,46,1,246.91,0.1
4158,1845,52,2,838.96,0.0
4159,1845,54,1,563.51,0.2
4160,1846,4,2,888.26,0.05
4161,1847,62,1,57.48,0.0
4162,1848,28,3,862.43,0.05
4163,1848,7,2,1377.26,0.2
4164,1849,6,1,1049.63,0.1
4165,1849,36,1,737.92,0.05
4166,1850,28,2,862.43,0.0
4167,1850,59,2,698.91,0.0
4168,1850,5,3,386.74,0.0
4169,1850,69,1,159.6,0.0
4170,1850,47,1,265.05,0.0
4171,1851,67,3,149.05,0.1
4172,1851,56,2,529.61,0.0
4173,1852,61,1,15.25,0.1
4174,1852,11,3,427.22,0.0
4175,1853,16,1,2083.72,0.0
4176,1853,19,1,777.06,0.0
4177,1853,63,3,238.99,0.1
4178,1853,40,1,452.35,0.0
4179,1854,56,2,529.61,0.0
4180,1855,5,3,386.74,0.1
4181,1855,64,2,257.94,0.0
4182,1856,53,1,930.36,0.0
4183,1856,8,3,1443.84,0.0
4184,1857,14,2,1221.37,0.1
4185,1857,45,2,212.68,0.0
4186,1858,14,3,1221.37,0.0
4187,1858,7,2,1377.26,0.1
4188,1858,2,3,501.92,0.0
4189,1859,9,1,1413.9,0.05
4190,1860,34,2,547.42,0.15
4191,1860,24,1,772.31,0.1
4192,1861,59,1,698.91,0.2
4193,1861,6,3,1049.63,0.0
4194,1861,52,3,838.96,0.0
4195,1862,2,1,501.92,0.0
4196,1863,24,3,772.31,0.0
4197,1864,68,2,243.23,0.05
4198,1864,36,3,737.92,0.1
4199,1864,67,2,149.05,0.15
4200,1865,3,1,1424.23,0.1
4201,1866,1,3,1223.71,0.15
4202,1866,57,2,951.01,0.0
4203,1866,18,2,1824.52,0.1
4204,1867,42,3,415.72,0.2
4205,1868,69,1,159.6,0.1
4206,1869,47,1,265.05,0.0
4207,1870,23,1,927.42,0.0
4208,1871,38,3,388.12,0.0
4209,1871,55,3,902.48,0.0
4210,1872,2,1,501.92,0.05
4211,1872,41,3,157.13,0.0
4212,1873,58,1,432.03,0.0
4213,1873,52,1,838.96,0.0
4214,1873,10,1,767.94,0.05
4215,1873,66,2,57.22,0.2
4216,1874,9,1,1413.9,0.05
4217,1875,61,1,15.25,0.0
4218,1875,55,1,902.48,0.1
4219,1875,69,3,159.6,0.2
4220,1875,38,3,388.12,0.0
4221,1876,45,1,212.68,0.15
4222,1876,20,2,975.19,0.0
4223,1876,35,1,1435.25,0.05
4224,1877,3,2,1424.23,0.0
4225,1877,12,2,1306.73,0.05
4226,1878,43,3,488.15,0.0
4227,1878,33,1,889.22,0.0
4228,1878,67,3,149.05,0.0
4229,1878,16,3,2083.72,0.05
4230,1879,18,3,1824.52,0.05
4231,1879,31,2,861.0,0.0
4232,1879,55,1,902.48,0.15
4233,1880,70,1,154.12,0.1
4234,1880,51,2,275.03,0.05
4235,1880,21,2,2183.44,0.05
4236,1880,49,1,436.75,0.0
4237,1881,54,2,563.51,0.0
4238,1881,18,2,1824.52,0.0
4239,1881,6,1,1049.63,0.0
4240,1882,60,2,32.21,0.05
4241,1882,7,3,1377.26,0.0
4242,1883,42,2,415.72,0.1
4243,1884,39,2,215.23,0.0
4244,1884,54,1,563.51,0.2
4245,1885,48,1,778.9,0.05
4246,1885,64,2,257.94,0.05
4247,1886,2,1,501.92,0.0
4248,1887,34,3,547.42,0.0
4249,1887,33,2,889.22,0.15
4250,1888,53,2,930.36,0.0
4251,1888,12,3,1306.73,0.1
4252,1889,65,1,70.93,0.0
4253,1889,57,2,951.01,0.0
4254,1890,23,3,927.42,0.15
4255,1890,48,3,778.9,0.05
4256,1890,1,3,1223.71,0.0
4257,1890,19,1,777.06,0.0
4258,1890,40,1,452.35,0.0
4259,1891,16,2,2083.72,0.05
4260,1892,49,3,436.75,0.0
4261,1892,9,1,1413.9,0.0
4262,1892,24,3,772.31,0.15
4263,1893,68,2,243.23,0.0
4264,1893,37,1,858.94,0.15
4265,1893,38,2,388.12,0.05
4266,1893,16,2,2083.72,0.05
4267,1894,60,3,32.21,0.1
4268,1895,41,3,157.13,0.0
4269,1895,51,2,275.03,0.0
4270,1896,10,3,767.94,0.0
4271,1896,54,3,563.51,0.05
4272,1896,59,3,698.91,0.05
4273,1897,21,1,2183.44,0.1
4274,1897,27,2,2117.33,0.0
4275,1898,60,2,32.21,0.0
4276,1898,51,1,275.03,0.1
4277,1898,59,2,698.91,0.0
4278,1899,44,1,187.21,0.1
4279,1899,22,1,1168.73,0.05
4280,1899,8,3,1443.84,0.0
4281,1900,29,1,828.29,0.1
4282,1901,35,3,1435.25,0.0
4283,1901,28,3,862.43,0.1
4284,1902,38,3,388.12,0.05
4285,1903,40,3,452.35,0.0
4286,1903,22,2,1168.73,0.1
4287,1904,22,3,1168.73,0.05
4288,1904,17,3,791.03,0.15
4289,1905,39,1,215.23,0.0
4290,1905,34,2,547.42,0.05
4291,1906,37,2,858.94,0.0
4292,1906,29,1,828.29,0.1
4293,1906,23,2,927.42,0.15
4294,1907,27,2,2117.33,0.05
4295,1907,1,2,1223.71,0.0
4296,1908,47,2,265.05,0.15
4297,1908,9,3,1413.9,0.0
4298,1908,30,1,1285.27,0.15
4299,1909,58,2,432.03,0.1
4300,1909,25,3,1883.96,0.0
4301,1909,64,2,257.94,0.2
4302,1910,26,2,1693.23,0.15
4303,1911,53,1,930.36,0.05
4304,1912,53,3,930.36,0.05
4305,1913,9,1,1413.9,0.0
4306,1914,41,2,157.13,0.0
4307,1914,32,3,437.67,0.0
4308,1914,66,3,57.22,0.1
4309,1915,8,1,1443.84,0.1
4310,1916,48,2,778.9,0.0
4311,1917,52,2,838.96,0.0
4312,1917,33,2,889.22,0.0
4313,1918,7,1,1377.26,0.1
4314,1918,64,3,257.94,0.0
4315,1919,20,2,975.19,0.15
4316,1919,43,3,488.15,0.1
4317,1919,13,3,722.89,0.0
4318,1920,3,1,1424.23,0.1
4319,1920,9,2,1413.9,0.05
4320,1921,2,1,501.92,0.0
4321,1921,62,1,57.48,0.2
4322,1922,66,2,57.22,0.1
4323,1922,52,2,838.96,0.05
4324,1922,38,3,388.12,0.0
4325,1923,38,3,388.12,0.15
4326,1923,12,3,1306.73,0.1
4327,1923,30,2,1285.27,0.0
4328,1923,33,2,889.22,0.0
4329,1924,23,1,927.42,0.2
4330,1925,29,2,828.29,0.0
4331,1925,50,2,118.49,0.05
4332,1925,7,3,1377.26,0.05
4333,1925,63,2,238.99,0.1
4334,1925,38,3,388.12,0.15
4335,1926,26,2,1693.23,0.0
4336,1927,46,3,246.91,0.0
4337,1927,35,1,1435.25,0.0
4338,1928,68,3,243.23,0.0
4339,1929,48,2,778.9,0.1
4340,1929,1,1,1223.71,0.0
4341,1930,51,3,275.03,0.0
4342,1930,65,2,70.93,0.1
4343,1931,65,1,70.93,0.0
4344,1931,50,1,118.49,0.05
4345,1931,26,2,1693.23,0.05
4346,1932,27,2,2117.33,0.0
4347,1932,30,2,1285.27,0.0
4348,1932,34,2,547.42,0.2
4349,1933,48,1,778.9,0.05
4350,1933,30,3,1285.27,0.0
4351,1933,10,2,767.94,0.0
4352,1934,27,1,2117.33,0.0
4353,1934,52,2,838.96,0.15
4354,1935,20,3,975.19,0.2
4355,1936,12,2,1306.73,0.0
4356,1936,54,3,563.51,0.05
4357,1936,39,3,215.23,0.0
4358,1937,55,3,902.48,0.0
4359,1937,36,3,737.92,0.05
4360,1937,34,3,547.42,0.0
4361,1938,28,2,862.43,0.05
4362,1938,49,3,436.75,0.05
4363,1938,23,2,927.42,0.0
4364,1939,61,3,15.25,0.0
4365,1939,68,3,243.23,0.1
4366,1939,50,2,118.49,0.1
4367,1940,43,2,488.15,0.2
4368,1940,28,1,862.43,0.05
4369,1940,18,2,1824.52,0.2
4370,1941,15,3,269.11,0.0
4371,1941,53,3,930.36,0.0
4372,1941,70,2,154.12,0.0
4373,1942,43,1,488.15,0.1
4374,1942,23,3,927.42,0.0
4375,1942,21,2,2183.44,0.05
4376,1942,33,1,889.22,0.0
4377,1943,52,3,838.96,0.1
4378,1944,48,1,778.9,0.0
4379,1944,56,2,529.61,0.0
4380,1944,70,2,154.12,0.0
4381,1944,21,2,2183.44,0.2
4382,1945,32,2,437.67,0.1
4383,1946,7,1,1377.26,0.2
4384,1946,1,1,1223.71,0.2
4385,1946,61,1,15.25,0.0
4386,1946,2,1,501.92,0.2
4387,1947,23,2,927.42,0.0
4388,1947,69,3,159.6,0.1
4389,1948,11,2,427.22,0.0
4390,1949,59,1,698.91,0.05
4391,1949,13,1,722.89,0.0
4392,1950,54,2,563.51,0.2
4393,1950,70,2,154.12,0.1
4394,1950,1,2,1223.71,0.1
4395,1951,26,1,1693.23,0.0
4396,1952,4,2,888.26,0.1
4397,1952,57,2,951.01,0.1
4398,1953,8,2,1443.84,0.1
4399,1953,17,1,791.03,0.0
4400,1953,69,2,159.6,0.1
4401,1954,51,2,275.03,0.1
4402,1954,5,2,386.74,0.15
4403,1954,63,3,238.99,0.05
4404,1955,44,3,187.21,0.1
4405,1955,23,3,927.42,0.0
4406,1956,9,1,1413.9,0.0
4407,1956,52,3,838.96,0.0
4408,1957,42,1,415.72,0.15
4409,1957,3,1,1424.23,0.05
4410,1957,30,3,1285.27,0.05
4411,1957,51,1,275.03,0.15
4412,1958,10,3,767.94,0.1
4413,1959,16,3,2083.72,0.05
4414,1959,20,1,975.19,0.05
4415,1959,6,3,1049.63,0.1
4416,1960,40,2,452.35,0.1
4417,1960,15,3,269.11,0.0
4418,1960,12,2,1306.73,0.0
4419,1961,43,2,488.15,0.1
4420,1961,45,1,212.68,0.0
4421,1962,15,2,269.11,0.15
4422,1963,21,3,2183.44,0.0
4423,1963,66,1,57.22,0.15
4424,1963,64,2,257.94,0.0
4425,1963,41,3,157.13,0.1
4426,1964,10,1,767.94,0.1
4427,1964,5,3,386.74,0.2
4428,1965,65,1,70.93,0.15
4429,1966,7,3,1377.26,0.05
4430,1966,37,3,858.94,0.0
4431,1966,25,1,1883.96,0.15
4432,1967,12,2,1306.73,0.0
4433,1967,31,2,861.0,0.1
4434,1967,1,1,1223.71,0.1
4435,1968,56,1,529.61,0.0
4436,1968,13,1,722.89,0.0
4437,1968,2,2,501.92,0.05
4438,1968,62,2,57.48,0.15
4439,1968,25,3,1883.96,0.05
4440,1969,58,3,432.03,0.2
4441,1969,60,1,32.21,0.05
4442,1970,54,2,563.51,0.05
4443,1970,34,1,547.42,0.15
4444,1971,23,3,927.42,0.0
4445,1971,59,3,698.91,0.05
4446,1971,60,3,32.21,0.1
4447,1972,14,1,1221.37,0.0
4448,1972,36,3,737.92,0.0
4449,1972,51,2,275.03,0.05
4450,1973,51,3,275.03,0.0
4451,1974,36,2,737.92,0.05
4452,1975,25,1,1883.96,0.0
4453,1975,21,3,2183.44,0.0
4454,1975,59,2,698.91,0.0
4455,1976,31,3,861.0,0.1
4456,1977,36,3,737.92,0.05
4457,1977,22,2,1168.73,0.0
4458,1977,26,3,1693.23,0.0
4459,1978,25,3,1883.96,0.0
4460,1979,2,1,501.92,0.0
4461,1979,14,1,1221.37,0.0
4462,1980,46,1,246.91,0.0
4463,1980,70,2,154.12,0.05
4464,1980,65,2,70.93,0.1
4465,1981,16,3,2083.72,0.1
4466,1981,58,3,432.03,0.0
4467,1982,2,3,501.92,0.0
4468,1982,52,3,838.96,0.1
4469,1982,6,1,1049.63,0.0
4470,1983,26,3,1693.23,0.2
4471,1984,18,3,1824.52,0.1
4472,1984,16,2,2083.72,0.15
4473,1985,59,2,698.91,0.05
4474,1985,10,2,767.94,0.0
4475,1986,66,2,57.22,0.15
4476,1987,29,2,828.29,0.15
4477,1988,2,3,501.92,0.05
4478,1988,8,3,1443.84,0.0
4479,1989,2,3,501.92,0.05
4480,1989,19,1,777.06,0.0
4481,1990,57,1,951.01,0.0
4482,1991,57,2,951.01,0.0
4483,1991,45,3,212.68,0.0
4484,1992,4,2,888.26,0.15
4485,1992,17,1,791.03,0.1
4486,1993,51,3,275.03,0.1
4487,1993,4,2,888.26,0.15
4488,1994,4,3,888.26,0.15
4489,1995,62,3,57.48,0.05
4490,1995,2,3,501.92,0.2
4491,1996,22,3,1168.73,0.0
4492,1996,3,3,1424.23,0.0
4493,1997,52,1,838.96,0.0
4494,1997,35,3,1435.25,0.05
4495,1998,14,2,1221.37,0.05
4496,1998,42,3,415.72,0.0
4497,1999,32,3,437.67,0.0
4498,1999,28,2,862.43,0.2
4499,2000,37,3,858.94,0.1
4500,2000,4,1,888.26,0.0
