order_id,customer_id,order_status,shipping_address,shipping_city,shipping_country,order_date,shipped_date,delivered_date
1,305,delivered,820 James Camp,Matthewmouth,Eritrea,2025-12-20,2025-12-25,2025-12-26
2,130,delivered,026 Barrera Valley Suite 810,Lake Kylieport,Antigua and Barbuda,2025-03-02,2025-03-03,2025-03-06
3,131,returned,9481 Francis Cove,Castroville,Ireland,2025-12-30,2025-12-31,2026-01-04
4,67,delivered,80289 Pamela Burgs Apt. 152,Barnesborough,Saint Kitts and Nevis,2024-05-18,2024-05-23,2024-05-28
5,242,confirmed,830 Wood Track,North Brianville,Papua New Guinea,2025-07-10,,
6,253,returned,7314 Cabrera Valley Apt. 904,New Robert,Russian Federation,2024-06-23,2024-06-26,2024-06-29
7,309,delivered,81457 Mendoza Branch Suite 761,Valentinebury,Svalbard & Jan Mayen Islands,2024-09-13,2024-09-16,2024-09-22
8,371,cancelled,3285 Michael Motorway,Snyderfurt,American Samoa,2025-05-05,,
9,371,pending,7270 Paul Passage,New Austinchester,Seychelles,2023-04-08,,
10,152,delivered,33910 Perry Greens Suite 136,North Patriciaside,Monaco,2025-01-28,2025-01-30,2025-01-31
11,248,delivered,30440 Garcia Union Suite 844,South Lorifort,Palestinian Territory,2024-09-11,2024-09-12,2024-09-19
12,476,cancelled,0369 Paige Wells Apt. 502,Port Seanport,Pitcairn Islands,2025-12-18,,
13,1,delivered,211 Horne Inlet Suite 968,South Natashaton,Western Sahara,2024-08-27,2024-08-31,2024-09-03
14,296,shipped,81243 Kimberly Shores Apt. 707,Ortizchester,Philippines,2024-02-10,2024-02-11,
15,370,delivered,177 Brewer Stravenue Suite 432,Fullerhaven,Mozambique,2025-02-02,2025-02-04,2025-02-07
16,344,confirmed,7272 Sabrina Shoals Apt. 783,New Sheila,Dominican Republic,2024-04-30,,
17,191,cancelled,1381 Jones Dam,South Jonathan,Guernsey,2025-02-05,,
18,208,delivered,00308 Lee Forks Apt. 979,Olsonport,Somalia,2025-12-20,2025-12-23,2025-12-25
19,13,cancelled,7915 Garcia Forks Suite 654,Cunninghammouth,Lithuania,2024-06-26,,
20,286,pending,905 Gardner Centers,Robertfurt,Saudi Arabia,2024-12-18,,
21,150,delivered,4332 Herrera Square,Corychester,Cameroon,2024-08-11,2024-08-13,2024-08-15
22,454,confirmed,137 Smith Cove,Garrettport,Kenya,2025-07-24,,
23,95,delivered,683 Wright Crossing,Justinfurt,Bahamas,2023-04-22,2023-04-23,2023-04-24
24,422,confirmed,774 May Streets,South Brad,Finland,2024-09-05,,
25,412,confirmed,43225 Jones Rest,West Bryan,Ghana,2024-02-21,,
26,247,delivered,1506 Michael Key Apt. 649,East Timothyshire,Romania,2024-06-28,2024-06-30,2024-07-06
27,38,shipped,29427 Heather Parks,Mooreview,French Southern Territories,2025-08-28,2025-08-30,
28,489,confirmed,96624 Dean Dam Suite 101,Payneport,Palestinian Territory,2025-09-28,,
29,166,confirmed,04509 Watson Flats Suite 000,Lake Timothyland,Niue,2025-07-15,,
30,22,delivered,62210 Brandon Drive,North Amy,Senegal,2024-01-14,2024-01-19,2024-01-26
31,391,delivered,516 Brad Rapid,New Catherinefurt,Nicaragua,2025-07-29,2025-08-02,2025-08-04
32,28,delivered,333 Derrick Green,West Michael,Belgium,2025-09-08,2025-09-12,2025-09-16
33,154,cancelled,3913 Hamilton Isle,South Jonathon,Eritrea,2025-06-27,,
34,164,delivered,0497 Cruz River Suite 829,Garyborough,Georgia,2022-04-09,2022-04-12,2022-04-13
35,78,cancelled,970 Cheryl Circles,Lake William,Iraq,2025-04-15,,
36,14,delivered,9651 Travis Ports Apt. 287,Rileystad,Netherlands Antilles,2025-09-05,2025-09-06,2025-09-07
37,237,delivered,89378 Johnathan Route Apt. 506,Port Hayley,Haiti,2025-11-19,2025-11-23,2025-11-30
38,447,shipped,26631 Bethany Extensions,Herreraton,Dominica,2025-03-30,2025-04-01,
39,145,pending,5797 Knight Lock Apt. 874,Jessicaport,Bosnia and Herzegovina,2023-03-31,,
40,168,shipped,06162 Jennifer Shoals Suite 643,Wilsonport,Djibouti,2025-04-01,2025-04-04,
41,197,delivered,23870 Williams Gardens Apt. 899,Johnsonfurt,Heard Island and McDonald Islands,2025-04-24,2025-04-25,2025-04-28
42,362,delivered,7542 Reid Underpass Suite 912,Natalieside,Gambia,2023-07-19,2023-07-23,2023-07-28
43,18,delivered,514 Williams Street Apt. 285,Stephenschester,Guernsey,2023-10-13,2023-10-14,2023-10-19
44,92,delivered,0021 Kara Parks Apt. 086,Mathisview,Heard Island and McDonald Islands,2024-04-29,2024-05-01,2024-05-03
45,205,delivered,85029 Franklin Vista,New Matthewton,Japan,2025-07-25,2025-07-28,2025-07-31
46,154,delivered,867 Katelyn Ports Apt. 959,North Jonathon,Sao Tome and Principe,2025-08-26,2025-08-31,2025-09-06
47,466,confirmed,7090 Thomas Villages,South Kristinmouth,Cuba,2024-05-04,,
48,437,shipped,738 Aaron Islands Apt. 171,West Derek,Cambodia,2024-12-27,2024-12-28,
49,340,delivered,8096 Jennifer Manor,Moorefurt,Brazil,2025-11-09,2025-11-13,2025-11-19
50,332,delivered,64111 Miller Creek,West Amanda,Jamaica,2024-09-14,2024-09-17,2024-09-24
51,107,delivered,76350 Patricia Pine,Katrinastad,Marshall Islands,2025-10-02,2025-10-07,2025-10-10
52,176,delivered,0064 Carolyn Corner,Brandonshire,Slovakia (Slovak Republic),2023-12-03,2023-12-08,2023-12-10
53,112,shipped,2837 Barry Track,Evanshaven,India,2024-02-14,2024-02-16,
54,81,delivered,4705 Richard Plaza,East Michelleberg,Guyana,2025-06-20,2025-06-23,2025-06-28
55,85,shipped,23562 Austin Circle Suite 680,Grimestown,Venezuela,2024-11-29,2024-12-02,
56,102,delivered,613 Brown Fall,Adamsville,Cocos (Keeling) Islands,2025-01-27,2025-01-29,2025-01-31
57,132,delivered,24992 Jones Estate Apt. 776,Georgeport,Belarus,2025-05-24,2025-05-27,2025-05-28
58,55,delivered,0205 Dylan Garden,Leeville,Vietnam,2024-06-15,2024-06-19,2024-06-25
59,437,shipped,57460 Conley Hollow,Port Michele,Bahrain,2025-08-01,2025-08-02,
60,250,delivered,9022 Garza Mews Suite 869,Laurieton,Gambia,2024-08-18,2024-08-21,2024-08-23
61,446,delivered,31147 Grant Pines,Hurleyborough,Lesotho,2025-12-06,2025-12-09,2025-12-16
62,84,pending,1987 Higgins Walks,North Jerome,Bouvet Island (Bouvetoya),2025-03-07,,
63,104,delivered,079 Rebecca Fords,Johnborough,Guinea,2025-10-16,2025-10-17,2025-10-24
64,241,shipped,897 Nicole Pines,West Jonathan,Korea,2025-12-10,2025-12-11,
65,38,delivered,4551 Chase Crossroad,Susanstad,Chad,2025-12-19,2025-12-24,2025-12-25
66,318,delivered,40170 Holmes Extension Suite 404,Shaneview,Namibia,2025-08-31,2025-09-02,2025-09-06
67,270,confirmed,83524 Norris Ports Apt. 682,Isaiahmouth,Peru,2024-12-13,,
68,122,delivered,58161 Elizabeth Flats Apt. 016,North James,Isle of Man,2025-12-05,2025-12-07,2025-12-13
69,482,shipped,22552 Jerry Row Apt. 120,Kiddland,Switzerland,2025-12-06,2025-12-10,
70,198,shipped,947 April Green Suite 549,Jessicaton,El Salvador,2025-08-01,2025-08-06,
71,149,delivered,292 Warner Passage Apt. 865,East Adam,Christmas Island,2024-04-10,2024-04-11,2024-04-17
72,176,delivered,22791 Rivera Roads,South Lisashire,Swaziland,2025-12-12,2025-12-17,2025-12-18
73,32,delivered,068 Ronald Field Apt. 179,Hallstad,Cambodia,2024-10-28,2024-10-30,2024-11-06
74,314,shipped,328 Pamela Villages,Johnberg,Tajikistan,2025-10-30,2025-11-02,
75,178,delivered,547 John Unions,Port Steven,Northern Mariana Islands,2024-02-23,2024-02-25,2024-02-29
76,117,pending,67171 Garcia Bridge,Sanchezside,Gambia,2022-06-13,,
77,311,delivered,2990 Rogers Keys,Meyerchester,Bermuda,2025-04-13,2025-04-14,2025-04-20
78,472,delivered,28048 Ferguson Junctions Apt. 867,Mitchellfurt,Northern Mariana Islands,2025-11-06,2025-11-10,2025-11-13
79,357,shipped,55508 Henry Camp,North Kevin,United Kingdom,2023-10-26,2023-10-30,
80,257,shipped,006 Alan Loaf,Thomasborough,Malaysia,2025-10-17,2025-10-20,
81,127,confirmed,791 Jennifer Cliffs,Taraberg,Burkina Faso,2024-11-12,,
82,259,delivered,1303 Austin Plain Apt. 869,North Johnview,French Southern Territories,2025-10-31,2025-11-03,2025-11-08
83,430,confirmed,0023 Lucas Freeway,East Johntown,Bangladesh,2024-03-20,,
84,127,pending,1057 Knox Stravenue,Waltermouth,Jersey,2025-12-01,,
85,413,shipped,7382 Joseph Road Suite 703,Deanmouth,French Polynesia,2025-03-26,2025-03-29,
86,205,delivered,469 Elizabeth Lake Apt. 451,Lake Lisa,Palestinian Territory,2024-12-31,2025-01-03,2025-01-10
87,155,delivered,657 Jones Coves Suite 466,Rogersborough,Heard Island and McDonald Islands,2025-11-22,2025-11-25,2025-11-29
88,299,delivered,422 Eric Pike,Lake Heidiland,Oman,2024-02-21,2024-02-24,2024-02-26
89,230,cancelled,665 Parker Tunnel,Robertoland,Lao People's Democratic Republic,2025-04-09,,
90,52,pending,5245 David Oval Suite 944,Port Amy,Guadeloupe,2024-05-14,,
91,280,delivered,74022 Brown Lock,Sheltonmouth,British Virgin Islands,2025-03-13,2025-03-18,2025-03-20
92,41,delivered,0594 Carrie Mount Suite 965,North Brianhaven,New Zealand,2025-04-11,2025-04-16,2025-04-19
93,391,delivered,4538 Gregory Center Apt. 843,North Lisaside,Finland,2025-02-08,2025-02-09,2025-02-16
94,92,confirmed,55668 Gregory Parkway,Lake Robert,Saint Barthelemy,2025-08-14,,
95,147,shipped,90013 Hannah Station,New Desireeberg,Taiwan,2025-04-14,2025-04-15,
96,223,returned,79734 Elizabeth Burg Apt. 434,Jordanmouth,Haiti,2024-04-02,2024-04-06,2024-04-13
97,58,delivered,803 Flores Tunnel,Port Shawna,Jamaica,2025-07-19,2025-07-20,2025-07-21
98,417,cancelled,104 Elizabeth Loaf,East Miranda,Kenya,2024-10-10,,
99,492,delivered,4868 Stewart Villages,Lewiston,Nigeria,2025-05-31,2025-06-04,2025-06-08
100,70,cancelled,20772 Jessica Springs,South Paulchester,Qatar,2025-10-18,,
101,19,delivered,6591 James Manors,Charlesburgh,Bahrain,2024-04-24,2024-04-26,2024-04-30
102,144,delivered,91295 Steve Fork Apt. 313,Lake Jennifer,Algeria,2025-02-02,2025-02-05,2025-02-11
103,38,delivered,39709 Hernandez Lake Suite 266,Coreyville,Chad,2025-03-23,2025-03-27,2025-03-30
104,168,delivered,97065 Williams Burg Apt. 542,New Andrea,Mayotte,2025-05-11,2025-05-14,2025-05-15
105,363,delivered,246 Linda Key,New Julieside,Benin,2025-12-27,2025-12-29,2026-01-01
106,489,cancelled,2500 Case Cliff Apt. 599,Ericport,Palestinian Territory,2025-10-24,,
107,473,returned,250 Randall Plaza,Smithburgh,Saint Martin,2025-12-22,2025-12-24,2025-12-27
108,180,delivered,6907 Allen Inlet,Stevenburgh,Mongolia,2024-11-08,2024-11-09,2024-11-11
109,46,confirmed,913 Julie Square Suite 170,Ramirezfort,Ecuador,2025-07-03,,
110,383,delivered,469 Brown Island Suite 574,Bakershire,Aruba,2025-10-23,2025-10-24,2025-10-31
111,293,delivered,4651 Jacob Track Apt. 484,West Ricardo,San Marino,2025-11-22,2025-11-23,2025-11-25
112,93,delivered,90318 Jacob Hollow Suite 933,North Robert,Bangladesh,2025-11-16,2025-11-19,2025-11-22
113,23,confirmed,29172 Johnson Cape Apt. 480,Evanton,Nepal,2023-07-31,,
114,466,shipped,503 Joshua Park,Camachoport,Tonga,2025-05-04,2025-05-07,
115,196,delivered,033 Robertson Orchard,North Darryl,Tajikistan,2025-12-12,2025-12-13,2025-12-14
116,459,delivered,0541 Mcdonald Keys,Amyton,New Zealand,2023-03-21,2023-03-22,2023-03-26
117,191,delivered,48002 Caitlin Village,Coreyport,Antigua and Barbuda,2025-12-26,2025-12-28,2025-12-30
118,143,delivered,461 Schmitt Plains Suite 146,Williamshaven,Armenia,2024-12-03,2024-12-08,2024-12-13
119,485,delivered,38918 Taylor Square,Davisside,Guinea,2025-12-10,2025-12-15,2025-12-18
120,429,confirmed,42660 Brown Row Apt. 119,Guerreroton,Gambia,2025-07-10,,
121,490,cancelled,01640 Latoya Rapids,East Marychester,Solomon Islands,2025-04-21,,
122,158,delivered,985 Washington Road Suite 333,New Victor,Slovakia (Slovak Republic),2022-11-03,2022-11-06,2022-11-09
123,230,cancelled,26608 Lyons Key Apt. 279,Lake Steven,San Marino,2025-11-11,,
124,59,delivered,140 Lopez Plaza Suite 594,Griffintown,Lesotho,2025-07-27,2025-07-31,2025-08-06
125,427,returned,200 Robert Highway,Hamiltonville,Guinea-Bissau,2025-02-17,2025-02-20,2025-02-25
126,448,pending,488 Dorsey Turnpike Suite 437,Lake Jeffery,Puerto Rico,2025-04-30,,
127,328,cancelled,08562 Holland Camp Apt. 947,Rojasshire,Palau,2024-11-05,,
128,98,shipped,8363 Keith Grove Suite 394,Porterhaven,Djibouti,2025-06-10,2025-06-15,
129,44,shipped,46790 Wilson Summit,Warnerbury,Guinea,2025-12-30,2026-01-03,
130,388,confirmed,2193 Greene Glen,Lake Joel,Micronesia,2024-05-28,,
131,75,cancelled,997 Rush Locks,West John,Tunisia,2024-08-03,,
132,215,shipped,716 Moore Village,Gillhaven,Papua New Guinea,2025-12-07,2025-12-08,
133,296,pending,08620 Parsons Orchard Suite 008,North Kevin,Wallis and Futuna,2024-09-30,,
134,260,pending,31144 Perez Ranch Suite 733,Larsonborough,Thailand,2025-02-24,,
135,247,pending,25555 Mitchell Extensions Suite 076,Sotofort,Djibouti,2024-05-07,,
136,392,delivered,2571 William Trail,South Martin,Syrian Arab Republic,2023-01-26,2023-01-30,2023-02-03
137,258,returned,6421 Weaver Courts,Hendersonmouth,Kyrgyz Republic,2025-05-31,2025-06-04,2025-06-09
138,484,shipped,3473 Olson Trafficway,East Benjamin,Guernsey,2024-05-08,2024-05-11,
139,205,returned,210 Brown Passage Apt. 942,Traviston,Senegal,2024-09-09,2024-09-10,2024-09-12
140,80,cancelled,5077 Morales Port,West Kathrynfort,Faroe Islands,2024-09-09,,
141,351,delivered,824 Perry Port,Lake Iantown,Pakistan,2025-06-29,2025-06-30,2025-07-03
142,228,returned,1892 Stewart Walk,Jenkinsside,Korea,2025-08-31,2025-09-01,2025-09-05
143,76,returned,43838 Medina Squares Apt. 035,Jeffreyfurt,Pakistan,2025-12-30,2026-01-02,2026-01-04
144,83,pending,320 Michael Stravenue Apt. 174,Troyland,Syrian Arab Republic,2025-09-16,,
145,205,cancelled,29909 Ryan Point Suite 899,Newtonborough,Brunei Darussalam,2024-08-18,,
146,428,confirmed,565 Jessica Ports Suite 644,West Alexis,Jersey,2025-03-30,,
147,184,delivered,43424 Burch Haven Suite 671,West Michelleport,Jordan,2024-06-15,2024-06-18,2024-06-19
148,129,delivered,6099 Patrick Estate,North Heatherside,Greenland,2025-12-20,2025-12-23,2025-12-25
149,82,pending,10557 Greg Spur,New Jasminehaven,Cook Islands,2023-11-14,,
150,411,delivered,32583 Blake Bridge Suite 290,Murrayport,Estonia,2025-10-29,2025-11-02,2025-11-05
151,470,delivered,9113 Case Gateway,Lake John,South Africa,2025-03-14,2025-03-16,2025-03-21
152,89,pending,135 Mark Ports Suite 616,New Michael,Philippines,2025-11-07,,
153,174,pending,2038 Joshua Trafficway,Harrisfort,British Virgin Islands,2024-03-11,,
154,3,delivered,87079 Michael Street Suite 682,Lake Raymond,India,2025-12-15,2025-12-16,2025-12-20
155,17,delivered,4942 Hill Radial,East Sharon,Turks and Caicos Islands,2025-10-24,2025-10-28,2025-11-04
156,74,confirmed,08931 Jones Islands Apt. 861,North Martin,Morocco,2024-06-18,,
157,231,delivered,648 Cox Parks Apt. 537,Kevinland,Bouvet Island (Bouvetoya),2025-02-03,2025-02-05,2025-02-08
158,496,delivered,8982 Randy Wall,West Brandon,Venezuela,2023-08-12,2023-08-16,2023-08-17
159,235,delivered,2872 Graves Knoll,Lake Rebecca,Marshall Islands,2025-03-23,2025-03-28,2025-04-03
160,472,delivered,355 Dawn Knolls,Maxwellburgh,Tajikistan,2025-09-04,2025-09-05,2025-09-12
161,128,delivered,2590 Gregory Gardens,Ramirezmouth,British Virgin Islands,2025-05-13,2025-05-18,2025-05-24
162,348,delivered,77515 Michael Summit,Christopherhaven,Peru,2025-10-22,2025-10-23,2025-10-29
163,271,delivered,1800 Frank Plaza,Port Heidi,Pitcairn Islands,2025-12-11,2025-12-14,2025-12-15
164,54,delivered,981 Katelyn Route Suite 135,North Thomas,Bahamas,2022-08-02,2022-08-05,2022-08-11
165,375,delivered,06843 Margaret Walks,South Taylor,Myanmar,2025-07-13,2025-07-18,2025-07-25
166,208,delivered,2987 Baker Shoals,Munozfort,Senegal,2025-11-24,2025-11-26,2025-11-30
167,186,returned,7626 Rachel Drive Suite 598,East Julia,Bahamas,2025-04-12,2025-04-13,2025-04-16
168,12,cancelled,5986 Dudley Turnpike,Lake Charlesberg,Mali,2023-12-15,,
169,415,delivered,919 Juan Wells Suite 892,Cabrerastad,Guinea-Bissau,2024-10-17,2024-10-19,2024-10-22
170,75,confirmed,9614 Paul Street Apt. 830,North Connor,Niger,2025-12-30,,
171,357,delivered,73638 Chavez Drive,Lauraside,Montenegro,2024-06-22,2024-06-23,2024-06-28
172,193,shipped,60858 Dorothy Spurs Suite 822,Richardsonberg,Tunisia,2024-10-04,2024-10-08,
173,255,returned,54994 Douglas Keys Suite 245,Adamborough,Central African Republic,2024-05-06,2024-05-11,2024-05-13
174,109,delivered,7067 William Track,New Natasha,Iran,2025-04-24,2025-04-26,2025-05-01
175,41,delivered,294 Buck Drives Suite 321,Coreyfurt,Gabon,2025-02-22,2025-02-25,2025-03-01
176,36,confirmed,14903 Chelsea Loaf,Ashleyhaven,French Guiana,2023-08-04,,
177,321,delivered,0567 Holloway Passage Suite 347,Fullerport,Chile,2024-03-26,2024-03-31,2024-04-02
178,60,delivered,40550 Chapman Summit Suite 178,Gilbertmouth,Kuwait,2023-06-07,2023-06-12,2023-06-16
179,99,shipped,3789 Schwartz Court Suite 227,Lindatown,Benin,2025-10-13,2025-10-16,
180,333,delivered,35926 John Field,Perezton,Peru,2025-08-14,2025-08-19,2025-08-26
181,262,confirmed,828 Nicholas Plaza Apt. 969,North Matthew,Saint Vincent and the Grenadines,2025-06-17,,
182,375,delivered,72709 Eric Cape,Hernandezhaven,Slovakia (Slovak Republic),2025-05-15,2025-05-16,2025-05-21
183,265,delivered,5116 Tammy Mountain,Taylorland,Solomon Islands,2025-12-22,2025-12-24,2025-12-28
184,18,confirmed,2530 Ochoa Mills,Ashleymouth,Nicaragua,2024-08-09,,
185,254,delivered,7608 Sharp Walk Apt. 066,Lake Dana,Barbados,2025-09-13,2025-09-17,2025-09-21
186,427,pending,166 Randall Street Suite 234,Jeffreyfort,Lao People's Democratic Republic,2023-07-08,,
187,207,pending,447 Vanessa Knoll Apt. 039,New Janice,Nigeria,2025-06-27,,
188,153,returned,209 Stephenson Circle Suite 483,Kirkside,Djibouti,2023-10-10,2023-10-14,2023-10-20
189,374,cancelled,08870 Miller Inlet,Vasquezchester,Mexico,2025-12-20,,
190,89,delivered,75156 Jason Lodge,Lewisshire,Papua New Guinea,2024-12-26,2024-12-28,2024-12-30
191,75,delivered,24826 Lance Island,Port Steven,United States Minor Outlying Islands,2025-03-20,2025-03-24,2025-03-26
192,235,pending,8279 Emma Trace Apt. 028,North Jennifer,Norfolk Island,2025-12-25,,
193,74,pending,11006 Ortiz Cape Apt. 379,Kylebury,Zambia,2024-07-29,,
194,84,delivered,13587 Joyce Centers,Brownfort,New Zealand,2024-12-30,2024-12-31,2025-01-01
195,249,delivered,93146 Meza Road,Zacharyshire,Anguilla,2025-10-15,2025-10-17,2025-10-20
196,452,pending,6534 Patrick Lodge,Fritzchester,Bhutan,2025-03-04,,
197,355,delivered,2379 Maria Harbors Suite 801,East Kevin,Netherlands,2023-05-22,2023-05-23,2023-05-27
198,24,delivered,308 Amanda Grove Apt. 077,Caseyfurt,Saint Kitts and Nevis,2025-07-14,2025-07-16,2025-07-22
199,191,shipped,14110 Meyer Village Apt. 928,Mariashire,Venezuela,2025-04-07,2025-04-12,
200,158,delivered,581 Montoya Burgs Apt. 211,New Kimberly,Turks and Caicos Islands,2025-08-15,2025-08-20,2025-08-24
201,349,confirmed,710 Melinda Burg,Griffinview,Slovakia (Slovak Republic),2024-03-07,,
202,315,delivered,426 Miller Land Suite 441,Lopezchester,Kazakhstan,2025-01-23,2025-01-25,2025-01-29
203,337,shipped,29123 Joshua Branch,Mitchellshire,Sudan,2024-07-10,2024-07-14,
204,259,delivered,072 Regina Stream Apt. 309,North Meganville,Bulgaria,2025-11-15,2025-11-18,2025-11-19
205,290,delivered,62213 Stone View Apt. 023,Louisfurt,Yemen,2024-12-21,2024-12-25,2024-12-26
206,183,delivered,05465 Anthony Drive Suite 996,North Jessicaside,Bermuda,2025-12-22,2025-12-26,2025-12-27
207,401,delivered,18821 Angela Camp Apt. 706,Juanhaven,Gibraltar,2025-05-10,2025-05-14,2025-05-15
208,116,delivered,03234 Dominique Corners,East Patrick,Serbia,2025-12-13,2025-12-17,2025-12-20
209,266,delivered,8412 Jodi Course Apt. 642,West Scottberg,Mexico,2025-12-20,2025-12-25,2025-12-30
210,53,delivered,744 Felicia Locks,Reyesborough,Timor-Leste,2025-07-24,2025-07-27,2025-08-02
211,47,delivered,765 Blackburn Alley Suite 236,Ryanville,Bermuda,2025-06-17,2025-06-19,2025-06-23
212,399,delivered,3119 Ryan Plain Apt. 442,East Markfurt,North Macedonia,2022-09-09,2022-09-10,2022-09-16
213,373,delivered,350 Mckinney Shoal,Huertachester,China,2023-08-23,2023-08-27,2023-08-30
214,20,delivered,48601 Kathryn Roads,Allenberg,Timor-Leste,2025-12-25,2025-12-29,2026-01-02
215,242,delivered,189 Dylan Circle,South Deannahaven,Hong Kong,2023-10-11,2023-10-13,2023-10-17
216,92,delivered,02654 Kathy Prairie,Leview,Grenada,2025-07-27,2025-07-30,2025-08-04
217,281,delivered,1319 Burns Spurs,Parkchester,North Macedonia,2025-11-05,2025-11-10,2025-11-15
218,67,confirmed,2052 Vega Point Apt. 299,Dawsonland,Uruguay,2023-09-11,,
219,473,delivered,249 Clayton Valleys Apt. 627,East Kristina,Madagascar,2025-05-29,2025-05-30,2025-06-01
220,382,delivered,66358 Ryan Trafficway,Butlertown,Guinea,2024-03-28,2024-03-30,2024-04-05
221,349,delivered,4609 White Brooks,North Nicholasport,Canada,2023-11-24,2023-11-28,2023-12-01
222,210,delivered,3953 Cheryl Loop Apt. 812,Markport,Christmas Island,2025-01-04,2025-01-09,2025-01-11
223,218,pending,0590 James Square,Andrewchester,Belarus,2025-02-15,,
224,19,delivered,449 Adam Spring Suite 004,East Jennifer,Uzbekistan,2025-01-31,2025-02-03,2025-02-08
225,475,cancelled,40717 Mcknight Valley,Roweberg,Guatemala,2024-08-28,,
226,97,delivered,772 Farmer Stravenue,New Rebecca,Nepal,2025-12-30,2025-12-31,2026-01-06
227,461,pending,6184 Betty Drive Apt. 733,Kennethmouth,Chad,2023-11-16,,
228,480,delivered,248 Duncan Landing,Samanthaport,Venezuela,2025-05-14,2025-05-15,2025-05-17
229,496,delivered,5970 Greg Spur,South Meganborough,North Macedonia,2025-12-30,2026-01-01,2026-01-07
230,291,delivered,81609 Owen Junctions Suite 050,Smithport,Russian Federation,2024-06-15,2024-06-17,2024-06-20
231,47,shipped,66595 Nelson Meadow,Rodrigueztown,Oman,2025-07-16,2025-07-21,
232,259,confirmed,3567 Mcintyre Island,North Patrick,Serbia,2025-11-28,,
233,303,delivered,553 Smith Corner Suite 692,Portermouth,Malta,2024-01-26,2024-01-31,2024-02-05
234,5,delivered,2482 Robert Divide,North Stephen,Armenia,2025-12-02,2025-12-05,2025-12-12
235,180,pending,5699 Richardson Fords,Colehaven,Algeria,2023-11-08,,
236,12,pending,36522 Kimberly Spur,Wilsonmouth,Italy,2025-01-07,,
237,119,delivered,89521 Angela Ports,East Robert,El Salvador,2025-11-11,2025-11-13,2025-11-14
238,366,confirmed,921 Martin Estates Apt. 164,Clarktown,San Marino,2023-11-01,,
239,118,pending,17011 Anderson Mount Suite 494,Christinaside,France,2025-11-30,,
240,320,shipped,33281 Kelly Branch,North Jennifermouth,Bahamas,2025-09-01,2025-09-02,
241,209,delivered,89966 Bradford Square,New Danafurt,Cote d'Ivoire,2023-10-14,2023-10-17,2023-10-24
242,352,cancelled,5760 Edwin Points,Chentown,South Africa,2024-03-26,,
243,63,delivered,3638 Brittany Mews Apt. 814,Davidtown,Germany,2025-05-15,2025-05-19,2025-05-26
244,168,delivered,0723 Adrian Spur,New Jamesville,British Virgin Islands,2024-12-18,2024-12-23,2024-12-24
245,75,confirmed,723 Dennis Canyon,New Jessica,Djibouti,2025-08-22,,
246,88,shipped,668 Alice Keys Apt. 380,Lake Michelle,Vietnam,2025-11-13,2025-11-15,
247,323,pending,425 Thomas Manors Apt. 688,Sheilachester,Saint Barthelemy,2023-06-27,,
248,11,confirmed,850 Patrick Plains,Haroldside,Zimbabwe,2025-08-01,,
249,223,delivered,949 Murphy Manors,Gregoryberg,Saint Pierre and Miquelon,2024-12-27,2024-12-30,2025-01-02
250,419,returned,786 Gonzalez Burg Apt. 236,Freemanfurt,Estonia,2023-03-19,2023-03-22,2023-03-25
251,168,delivered,76517 Cruz Drives,Port Benjamin,Lesotho,2025-11-08,2025-11-10,2025-11-17
252,283,delivered,8910 Michael Dale Suite 630,North Michelleland,Lesotho,2025-05-27,2025-06-01,2025-06-06
253,362,delivered,54234 Betty Fields,South Kyle,Ecuador,2025-07-29,2025-08-03,2025-08-10
254,5,delivered,4354 Katelyn Vista Apt. 114,Simpsonborough,Nicaragua,2024-05-18,2024-05-20,2024-05-23
255,325,delivered,266 Williams Forge,East Anthonyberg,Gabon,2025-10-12,2025-10-16,2025-10-20
256,220,shipped,865 Don Loop Apt. 113,East Christine,Belarus,2024-06-07,2024-06-12,
257,456,delivered,974 Jensen Mountains Apt. 503,Port Maryside,Malta,2025-03-26,2025-03-29,2025-04-01
258,243,pending,7487 Carlos Ridges,Moorefort,Chad,2025-10-26,,
259,325,delivered,3161 Kelli Mission Suite 711,East Tracyton,Denmark,2025-10-31,2025-11-03,2025-11-10
260,118,delivered,797 Kimberly Drive,Lake Felicia,Tuvalu,2025-09-09,2025-09-13,2025-09-15
261,414,delivered,9857 Rebecca Drive,Port Malikshire,Denmark,2025-03-07,2025-03-11,2025-03-15
262,1,delivered,5326 Brown Haven,Hodgeburgh,Wallis and Futuna,2025-04-30,2025-05-03,2025-05-10
263,476,shipped,5452 Phillips Neck Suite 781,New Nicholestad,Iceland,2025-11-21,2025-11-23,
264,371,delivered,95722 Scott Lodge Suite 913,Harrisville,Netherlands Antilles,2022-10-26,2022-10-29,2022-11-01
265,181,shipped,1716 John Bridge,Anthonybury,Eritrea,2025-10-09,2025-10-13,
266,113,delivered,35430 Bishop Fords Suite 585,West Garyton,Korea,2024-11-10,2024-11-12,2024-11-18
267,317,delivered,3167 Anderson Stravenue Suite 310,Lake Mackenzie,British Virgin Islands,2025-06-13,2025-06-16,2025-06-19
268,360,cancelled,5792 Keith Ramp,Lake Victoriaport,Poland,2025-11-07,,
269,201,delivered,108 Aaron Rue,Mccannbury,Hong Kong,2025-12-27,2026-01-01,2026-01-02
270,396,delivered,6499 Edwards Glens,Shortview,Peru,2023-12-15,2023-12-17,2023-12-18
271,426,delivered,149 Elliott Crescent,West Michael,Reunion,2023-07-12,2023-07-13,2023-07-17
272,119,delivered,88147 Bell Lakes,Nguyenstad,New Zealand,2025-05-31,2025-06-04,2025-06-08
273,50,delivered,49120 Flores Squares Suite 290,North Jeffreyhaven,Senegal,2024-07-23,2024-07-27,2024-08-01
274,55,delivered,2431 Lee Light Apt. 021,New Jeanne,United Kingdom,2025-12-19,2025-12-23,2025-12-30
275,67,delivered,977 Alyssa Row Apt. 911,Port Nathanielburgh,Saudi Arabia,2023-01-12,2023-01-17,2023-01-22
276,71,shipped,6307 Arnold Underpass,Port Danielfort,Jordan,2025-04-03,2025-04-08,
277,444,delivered,23841 Thompson Camp,Port Olivialand,Anguilla,2024-12-25,2024-12-26,2024-12-27
278,261,delivered,8877 Kimberly Pines Apt. 787,Port Taylor,Iran,2025-11-25,2025-11-28,2025-12-01
279,267,delivered,4878 Roman Cliff,Hollyfurt,Pitcairn Islands,2024-06-17,2024-06-21,2024-06-27
280,200,shipped,702 Kristine Ways,Lake Thomasmouth,Paraguay,2025-04-05,2025-04-07,
281,412,delivered,5632 Poole Burg Suite 843,West Charles,Kyrgyz Republic,2025-08-05,2025-08-07,2025-08-14
282,436,delivered,627 Michael Vista Apt. 064,Sullivanburgh,Slovakia (Slovak Republic),2023-02-26,2023-02-27,2023-03-05
283,179,shipped,2200 Anderson Canyon Apt. 353,Millermouth,Barbados,2024-03-07,2024-03-08,
284,429,shipped,8645 Austin Ways Suite 822,Lake Linda,Latvia,2025-06-12,2025-06-16,
285,29,shipped,8563 Watkins Trafficway Suite 356,East Ashley,Afghanistan,2025-08-22,2025-08-26,
286,328,confirmed,922 Harrison Cliff,Jeremyberg,United States of America,2024-05-03,,
287,496,pending,3326 Evan Extensions,Michaelmouth,Yemen,2025-08-15,,
288,338,delivered,7331 Hughes Ports,South Randyview,Libyan Arab Jamahiriya,2023-04-13,2023-04-18,2023-04-19
289,278,delivered,688 Davis Cliffs Apt. 558,New Douglas,Aruba,2025-01-27,2025-01-31,2025-02-02
290,452,delivered,22124 Gonzalez Fords Suite 336,South Kellyshire,Kuwait,2025-05-31,2025-06-02,2025-06-06
291,237,cancelled,74837 Lisa Roads Apt. 014,Thompsonstad,Saint Lucia,2025-11-01,,
292,430,delivered,579 Hernandez Mission Suite 176,Lake Timothybury,Liberia,2023-03-28,2023-03-29,2023-04-04
293,363,delivered,85050 Wilcox Glens,Robersonshire,Netherlands,2023-03-17,2023-03-18,2023-03-21
294,30,shipped,97464 Jackson Burgs Suite 596,Caseyborough,Tajikistan,2025-10-08,2025-10-10,
295,341,returned,6934 Hebert Orchard Apt. 107,Cruzstad,Brazil,2024-11-23,2024-11-28,2024-12-02
296,233,delivered,405 Flynn Plains Apt. 244,Tatestad,Sweden,2025-02-04,2025-02-09,2025-02-16
297,263,delivered,72882 Steven Union Suite 182,Lake Jenniferport,Malaysia,2025-01-27,2025-01-30,2025-02-05
298,422,returned,667 Calvin Station,Nicholaston,Mauritius,2025-04-21,2025-04-26,2025-04-29
299,359,cancelled,90537 Brown Hill Apt. 947,Port Rebecca,Greece,2023-04-15,,
300,304,pending,8991 Williams Hollow,New Rachel,North Macedonia,2025-03-23,,
301,70,delivered,52944 Benjamin Crossroad,Michelleberg,Saint Lucia,2025-07-29,2025-08-01,2025-08-04
302,110,delivered,268 James Viaduct Apt. 773,Lake Michael,Fiji,2024-01-16,2024-01-19,2024-01-25
303,157,confirmed,1814 Kramer Springs,North Anthonyfurt,Cyprus,2024-08-13,,
304,58,cancelled,07082 Julie Summit,South Jenniferberg,Isle of Man,2025-12-04,,
305,73,pending,14779 Crane Lights,North Laurastad,Syrian Arab Republic,2025-08-22,,
306,27,delivered,147 Jeffrey Shoals Apt. 832,East Rachel,Morocco,2025-07-23,2025-07-26,2025-07-31
307,349,pending,891 Tyler Drive,East Jenniferside,Jordan,2024-12-09,,
308,367,delivered,18545 Freeman Street,Armstrongfurt,Marshall Islands,2025-09-05,2025-09-08,2025-09-13
309,110,shipped,302 Gamble Mews,Chaneyland,Bahamas,2025-06-16,2025-06-19,
310,480,confirmed,065 Ross Prairie,Williamville,Serbia,2025-01-11,,
311,165,delivered,26614 Wesley Ridges,Katherinefurt,Saint Lucia,2025-10-06,2025-10-08,2025-10-13
312,29,pending,253 Peterson Row,Kristinashire,Libyan Arab Jamahiriya,2025-01-12,,
313,236,delivered,31290 Tamara Mews,South Brian,Fiji,2025-08-07,2025-08-11,2025-08-15
314,36,delivered,6095 David Garden,Jessicahaven,Cook Islands,2022-07-28,2022-08-02,2022-08-06
315,229,delivered,3477 Michael Square,South Aimee,Malaysia,2024-09-01,2024-09-05,2024-09-06
316,444,returned,26627 Washington Islands Suite 586,Taraland,Cocos (Keeling) Islands,2025-06-27,2025-06-29,2025-06-30
317,145,cancelled,5442 Adams Throughway Suite 684,Cookburgh,Lithuania,2022-10-29,,
318,48,delivered,423 Conrad Mountain Suite 178,North Savannah,Lithuania,2023-01-05,2023-01-10,2023-01-11
319,463,pending,5448 Jennifer Motorway,Nelsonchester,South Africa,2025-12-13,,
320,234,delivered,64472 Kent Shore,Dianaburgh,Lithuania,2024-04-25,2024-04-28,2024-05-01
321,311,confirmed,441 Walter Mountains Apt. 985,Russellberg,Ecuador,2025-09-03,,
322,387,delivered,15401 Richardson Brooks,Port Justinborough,Puerto Rico,2025-08-04,2025-08-07,2025-08-12
323,128,pending,6343 Gonzales Ports,North Albertville,Russian Federation,2025-11-11,,
324,206,delivered,1542 William Crossing Apt. 564,Lake Sarah,Comoros,2023-08-11,2023-08-12,2023-08-13
325,143,delivered,4840 Richardson Place Suite 433,East Rogerburgh,Equatorial Guinea,2025-02-07,2025-02-12,2025-02-15
326,409,delivered,23604 Chase Roads,Gregorytown,Thailand,2023-10-18,2023-10-22,2023-10-23
327,52,delivered,919 Love Estates Suite 696,North Meredith,Equatorial Guinea,2024-03-23,2024-03-28,2024-03-29
328,19,confirmed,7619 Kyle Ways Suite 021,Andersonville,Rwanda,2025-06-12,,
329,117,delivered,11660 Matthew Island,North James,Sudan,2023-12-16,2023-12-21,2023-12-25
330,425,confirmed,03399 Lauren Oval Suite 317,Brianstad,Lithuania,2025-02-15,,
331,285,pending,195 Alyssa Islands Apt. 481,South Keithfort,Malaysia,2025-01-23,,
332,449,delivered,378 Alexander Wall Suite 690,Scottton,Mozambique,2025-10-13,2025-10-17,2025-10-24
333,316,delivered,717 Roman Stravenue Suite 170,Lake Amber,Tuvalu,2025-03-15,2025-03-18,2025-03-21
334,326,cancelled,0843 Shea Locks,New Charlesview,Liechtenstein,2023-10-08,,
335,4,confirmed,9894 Daniels Mill,New Stevenberg,China,2023-12-22,,
336,379,shipped,10541 Chad Field Suite 119,South Natalietown,Russian Federation,2024-09-04,2024-09-09,
337,198,shipped,9858 Megan Station Suite 781,South Richard,Belgium,2025-08-19,2025-08-20,
338,421,delivered,2333 Brewer Locks Suite 881,Ericafurt,Moldova,2025-09-25,2025-09-26,2025-09-30
339,399,delivered,24486 Beard Squares,Gomezstad,Afghanistan,2023-10-25,2023-10-30,2023-11-02
340,475,delivered,5332 Laurie Villages,North Elizabethshire,Singapore,2025-09-15,2025-09-20,2025-09-26
341,4,delivered,644 Kim Underpass Suite 130,Spearsland,Congo,2025-10-26,2025-10-30,2025-11-03
342,241,delivered,769 Flores Fall Suite 804,Cherylhaven,Zimbabwe,2024-10-18,2024-10-23,2024-10-28
343,26,delivered,820 Gibson Brooks Suite 549,New Michael,Angola,2025-11-11,2025-11-16,2025-11-20
344,17,pending,409 Parker Cove Apt. 074,Hensonville,Iraq,2025-09-06,,
345,290,confirmed,81857 David Underpass,New Courtney,Micronesia,2025-11-28,,
346,82,delivered,43524 Castaneda Cliff,Lake Sophia,Mayotte,2022-07-28,2022-07-31,2022-08-05
347,116,delivered,136 Rose Vista Apt. 886,North Jeremy,Cameroon,2024-01-23,2024-01-24,2024-01-30
348,141,confirmed,702 Emily Lakes,West Sarah,Algeria,2025-10-18,,
349,479,delivered,69058 Tanya Point,North Yvonne,Poland,2024-05-23,2024-05-28,2024-06-03
350,5,delivered,24567 Theresa Fall Apt. 494,Lake Stuart,North Macedonia,2023-08-20,2023-08-23,2023-08-24
351,308,delivered,166 Alexa Estate,Hunterside,Mayotte,2025-03-29,2025-04-01,2025-04-04
352,268,confirmed,30532 Phelps Extensions,Port Christopherville,Liechtenstein,2024-10-30,,
353,201,delivered,9592 Gutierrez Haven,Lake Carolynshire,Bermuda,2025-12-28,2026-01-02,2026-01-09
354,306,delivered,48159 Benson Gardens,Kathyhaven,Papua New Guinea,2025-04-11,2025-04-14,2025-04-16
355,29,delivered,7163 Cameron Branch,Staceyborough,Mexico,2025-02-04,2025-02-09,2025-02-13
356,471,delivered,4392 John Summit,New Justin,Timor-Leste,2025-05-22,2025-05-25,2025-05-30
357,374,confirmed,913 Cardenas Rapids Apt. 122,South Anthony,United States of America,2025-12-22,,
358,463,cancelled,24528 Mills Mission,Port Andrew,Iceland,2025-09-06,,
359,55,delivered,6278 Robert Roads,Aliciachester,Jordan,2025-05-13,2025-05-18,2025-05-20
360,197,confirmed,287 Blankenship Mission,Stewartside,Northern Mariana Islands,2025-09-05,,
361,55,delivered,598 Ricardo Drive Suite 393,West Christine,Korea,2025-08-26,2025-08-29,2025-08-31
362,433,delivered,620 Joseph Motorway Apt. 845,Amyland,Jamaica,2025-02-19,2025-02-21,2025-02-23
363,213,delivered,382 Jill Pass,Smithfurt,Palau,2024-07-13,2024-07-14,2024-07-17
364,124,delivered,76825 Stephanie Underpass Suite 852,South Katherine,Estonia,2025-03-22,2025-03-25,2025-04-01
365,228,delivered,962 Eric Isle Apt. 550,Mariashire,Tunisia,2024-12-14,2024-12-18,2024-12-23
366,60,delivered,342 Murphy Harbors Suite 282,Deniseville,Palau,2023-11-16,2023-11-20,2023-11-25
367,387,returned,05504 Tracy Camp Apt. 609,Port Michael,Cuba,2024-09-25,2024-09-26,2024-10-03
368,497,cancelled,625 Webb Mission,Harrellchester,Iraq,2024-02-08,,
369,296,cancelled,385 Hernandez Lane Suite 479,Lisaland,Nauru,2025-11-01,,
370,263,delivered,019 Robert Knolls,North Carl,Mayotte,2025-03-02,2025-03-03,2025-03-05
371,138,delivered,309 John Canyon,Christophertown,Luxembourg,2024-12-30,2025-01-03,2025-01-09
372,92,delivered,3181 Lyons Knolls,Johnsonland,Bangladesh,2025-08-19,2025-08-23,2025-08-27
373,472,delivered,1309 Diaz Spurs,Robinsontown,Sudan,2025-11-05,2025-11-07,2025-11-12
374,329,confirmed,4707 Ryan Creek,Hollowayville,Tunisia,2024-03-01,,
375,82,cancelled,953 Wood Fields,South Seanberg,Cayman Islands,2024-05-07,,
376,402,shipped,33553 John Track Apt. 816,Michaelburgh,Faroe Islands,2025-10-02,2025-10-06,
377,305,delivered,293 Brian Roads Apt. 048,Perkinsmouth,Guatemala,2025-12-30,2026-01-04,2026-01-08
378,366,delivered,516 Rivera Gardens Suite 007,Port Vanessa,South Africa,2025-08-30,2025-09-01,2025-09-06
379,252,delivered,95720 Shaun Place,Port Shawnfurt,Bahamas,2025-05-17,2025-05-21,2025-05-24
380,498,delivered,6467 Johnson Pass,Stantonhaven,Central African Republic,2025-02-21,2025-02-26,2025-02-27
381,291,delivered,8691 Steven Vista Suite 820,Lake Roger,Saint Helena,2024-10-08,2024-10-12,2024-10-13
382,280,shipped,87730 Monica Groves Apt. 439,Banksville,Western Sahara,2025-10-19,2025-10-21,
383,124,delivered,04292 Andrea Ville Apt. 692,North Markstad,Isle of Man,2025-04-19,2025-04-23,2025-04-26
384,276,confirmed,27944 Baker Drive,Careybury,Jamaica,2025-05-27,,
385,163,shipped,082 Matthew Meadows,Petersonshire,Cyprus,2025-09-24,2025-09-29,
386,441,shipped,7119 Harrison Pass Suite 132,Parkville,Bahamas,2025-04-19,2025-04-20,
387,163,returned,55968 Mary Walks Suite 604,South Tiffanyton,Jamaica,2025-10-28,2025-11-01,2025-11-07
388,142,pending,541 Donna Row,West Devin,Djibouti,2025-06-22,,
389,169,delivered,2990 Seth Fords Apt. 666,Port Johnton,Burkina Faso,2024-10-23,2024-10-27,2024-10-28
390,92,shipped,4739 Owens Curve,North Reginaland,Grenada,2025-05-11,2025-05-14,
391,419,pending,1646 Hanson Landing Suite 276,South Robert,Korea,2024-05-13,,
392,488,delivered,5258 Misty Plaza Suite 237,South Brettland,Bahrain,2025-02-23,2025-02-27,2025-03-02
393,155,shipped,0569 Anthony Valley Suite 033,Batesfort,Iran,2025-07-15,2025-07-18,
394,53,delivered,2970 Wolfe Walks Apt. 927,East Scott,United Kingdom,2025-10-04,2025-10-06,2025-10-09
395,113,shipped,4349 Walls Orchard,New Teresa,Tanzania,2025-07-26,2025-07-28,
396,472,delivered,560 Barbara Estate,Yvonnemouth,Eritrea,2025-11-23,2025-11-28,2025-12-03
397,222,pending,07389 Kenneth Shoal,Stephaniemouth,Burkina Faso,2024-02-06,,
398,155,cancelled,55675 Chambers Loaf,Stanleyville,Algeria,2025-11-17,,
399,285,delivered,92622 Nicole Light Apt. 343,Duncanborough,Andorra,2024-07-31,2024-08-03,2024-08-09
400,75,shipped,9711 Jones Circle,Saratown,Croatia,2025-03-21,2025-03-26,
401,177,shipped,7734 Palmer Meadow Apt. 918,Kennedyshire,Papua New Guinea,2024-11-27,2024-11-29,
402,230,delivered,86140 Benjamin Extensions,West Michael,Puerto Rico,2024-06-24,2024-06-26,2024-07-01
403,122,returned,7106 Key Groves Apt. 533,Kristintown,Peru,2025-11-11,2025-11-16,2025-11-18
404,252,cancelled,3105 Desiree Extensions Apt. 254,South Amber,Mauritius,2025-10-31,,
405,76,delivered,75495 Gilmore Drive,Melendezshire,South Africa,2025-10-09,2025-10-11,2025-10-12
406,298,returned,01536 Susan Inlet,South Jeffrey,Kiribati,2024-01-15,2024-01-19,2024-01-26
407,432,shipped,24749 Jessica Loaf Apt. 078,Jakeburgh,Oman,2025-11-09,2025-11-11,
408,319,delivered,0083 Price Mountain,Connieview,Botswana,2025-11-23,2025-11-25,2025-11-30
409,429,confirmed,59635 Lopez Mountains,Aaronville,Mali,2025-08-25,,
410,263,delivered,2033 Mark Canyon Suite 780,South Tiffany,Poland,2025-06-24,2025-06-26,2025-07-01
411,459,delivered,0124 Williams Estate,Port Curtisside,United Arab Emirates,2024-07-18,2024-07-19,2024-07-21
412,356,confirmed,796 Harvey Shore Suite 831,Lake Michellechester,Togo,2024-03-19,,
413,485,delivered,247 Susan Forks,Holmeschester,Peru,2025-10-07,2025-10-09,2025-10-12
414,47,returned,2813 Richard Mountain Apt. 401,Lake Jamie,French Polynesia,2025-12-21,2025-12-24,2025-12-30
415,151,delivered,496 Antonio Highway Apt. 341,Wongside,Maldives,2025-07-21,2025-07-24,2025-07-31
416,205,delivered,27438 Wagner Parks Suite 548,New Rhonda,Estonia,2024-10-23,2024-10-24,2024-10-30
417,132,delivered,7094 James Gateway,North Elizabethside,Equatorial Guinea,2025-05-24,2025-05-28,2025-05-30
418,375,pending,5194 Gibson Extension Suite 024,West Kristineport,Venezuela,2025-07-31,,
419,413,cancelled,03965 Rebecca Hollow,Lake Kevinborough,Botswana,2025-08-04,,
420,400,confirmed,701 Reyes Curve,Michaelstad,Bahrain,2025-11-29,,
421,152,delivered,1570 Simpson Corner,Port Jennifer,Cayman Islands,2025-05-18,2025-05-19,2025-05-22
422,141,delivered,1122 Daniel Station Suite 812,Port Shannon,Slovenia,2025-06-05,2025-06-09,2025-06-11
423,168,delivered,588 Cole Ford,North Cristina,Bangladesh,2025-07-04,2025-07-05,2025-07-06
424,138,delivered,295 Smith Path Suite 028,North Kendraland,France,2023-06-01,2023-06-06,2023-06-11
425,263,confirmed,90359 Andrew Gateway Suite 331,Matthewshire,Burkina Faso,2025-05-27,,
426,288,cancelled,9614 Murphy Isle Apt. 800,West Pedro,Andorra,2024-10-03,,
427,436,delivered,326 Heather Manor,Cabrerastad,Norfolk Island,2025-01-21,2025-01-24,2025-01-25
428,250,pending,6073 Deleon Extensions,Andreafurt,Congo,2024-10-13,,
429,83,delivered,16143 Joel Club Suite 413,North Deborahberg,Congo,2025-12-07,2025-12-09,2025-12-11
430,252,cancelled,711 Jonathan Views Apt. 484,Johnstad,Sudan,2025-09-18,,
431,5,pending,668 Charles Plaza Suite 903,New Amanda,Pakistan,2025-07-09,,
432,267,delivered,931 Griffith Bridge Apt. 189,South Jacobchester,Barbados,2024-12-21,2024-12-25,2024-12-27
433,239,delivered,25430 Christensen Lodge,Port Sara,Gabon,2025-06-08,2025-06-13,2025-06-19
434,44,confirmed,096 Nicholson Rapid Suite 473,Moralesberg,Niue,2025-09-28,,
435,401,delivered,81989 Karla Village,North Paulland,El Salvador,2025-02-04,2025-02-08,2025-02-15
436,33,delivered,125 Martinez Coves Apt. 181,South Joannefort,Samoa,2024-02-27,2024-03-03,2024-03-10
437,218,delivered,84810 Eric Prairie,New Calebview,Congo,2025-06-05,2025-06-06,2025-06-08
438,1,delivered,5617 Williams Hills Suite 659,Carrillostad,United States Minor Outlying Islands,2024-06-23,2024-06-26,2024-06-30
439,408,cancelled,622 Wanda Crossing Apt. 636,East Nicholasland,Cameroon,2025-12-22,,
440,484,delivered,18572 Russell Springs,Davidside,Guinea,2024-02-14,2024-02-15,2024-02-19
441,87,confirmed,71767 Jacob Plains,Churchbury,Ukraine,2023-09-02,,
442,267,delivered,0435 Ryan Isle Suite 138,South Christopher,Belarus,2024-10-24,2024-10-28,2024-11-03
443,41,delivered,783 Jefferson Station,Stevenhaven,Nigeria,2025-08-28,2025-08-31,2025-09-01
444,54,delivered,1631 Alvarez Field Suite 479,Longside,Syrian Arab Republic,2025-06-12,2025-06-16,2025-06-18
445,241,delivered,04695 Mary Tunnel,Darrenberg,Suriname,2024-04-23,2024-04-25,2024-05-01
446,469,delivered,94468 Baxter Circle,Ashleymouth,British Indian Ocean Territory (Chagos Archipelago),2025-08-14,2025-08-15,2025-08-21
447,240,delivered,57634 Taylor Point,East Karenmouth,Armenia,2025-10-17,2025-10-22,2025-10-24
448,245,delivered,3171 James Ferry,South Richard,Egypt,2024-04-17,2024-04-22,2024-04-29
449,59,confirmed,7642 Church Expressway Suite 728,Lake Richard,Saint Pierre and Miquelon,2025-10-17,,
450,278,delivered,402 Simmons Course Apt. 995,Mcdonaldstad,Guadeloupe,2025-10-17,2025-10-21,2025-10-28
451,113,delivered,58290 Jones Path,Kevinside,Bolivia,2024-11-05,2024-11-09,2024-11-11
452,402,cancelled,76601 Lawson Path,Freemanmouth,British Virgin Islands,2025-08-23,,
453,472,delivered,062 Anne Union,Kathleenville,Greenland,2025-08-23,2025-08-28,2025-09-02
454,54,cancelled,895 Ryan Light Apt. 885,Debbieshire,Pitcairn Islands,2024-09-23,,
455,436,delivered,4960 Young Trail Apt. 434,Kevinland,Tonga,2024-11-18,2024-11-21,2024-11-22
456,152,delivered,36033 Sanchez Pines Apt. 516,Burchbury,Korea,2025-04-21,2025-04-23,2025-04-27
457,62,returned,9469 Martin Village,Ravenland,Greenland,2025-10-31,2025-11-03,2025-11-09
458,229,delivered,0356 Virginia Islands Suite 912,North Robertmouth,Monaco,2023-03-11,2023-03-16,2023-03-18
459,479,shipped,402 Elizabeth Wells,Jennifertown,Bahamas,2025-05-16,2025-05-18,
460,201,shipped,02073 Ricardo Haven Suite 359,Gibsonshire,Cayman Islands,2025-12-28,2026-01-02,
461,243,confirmed,7490 Aaron Way Apt. 449,Jeffreybury,French Southern Territories,2025-07-17,,
462,328,pending,5535 Jennifer Walk Suite 556,Brownshire,Hong Kong,2023-01-17,,
463,215,delivered,89284 Steele Meadows Apt. 909,New Heatherland,Ethiopia,2025-11-14,2025-11-18,2025-11-24
464,268,delivered,672 Bennett Points Suite 862,South Sharon,Andorra,2025-02-11,2025-02-16,2025-02-23
465,302,delivered,155 Gary Inlet,Medinaland,Macao,2024-02-05,2024-02-09,2024-02-10
466,278,returned,83874 Martinez Mills Suite 303,Port Christopher,Ghana,2023-12-27,2024-01-01,2024-01-02
467,224,delivered,13967 Wong Loaf,Port Michaelland,Congo,2025-11-05,2025-11-09,2025-11-16
468,190,delivered,34127 Berry Expressway Apt. 655,Daviesville,Finland,2025-10-15,2025-10-19,2025-10-21
469,200,confirmed,48401 Stanley Key Suite 893,Smithtown,British Virgin Islands,2025-05-24,,
470,317,shipped,8081 Roberts Rest Suite 555,North Donald,Afghanistan,2025-03-19,2025-03-21,
471,206,shipped,317 Aaron Harbors Apt. 614,East Vickieport,Tokelau,2024-06-22,2024-06-23,
472,156,delivered,3389 Watkins Mission,New Melissachester,Iraq,2024-11-02,2024-11-06,2024-11-09
473,471,delivered,764 Rhonda Via Suite 746,Johnburgh,Colombia,2025-01-15,2025-01-16,2025-01-22
474,4,confirmed,40205 Frazier Cove,East Kelseyville,Benin,2023-05-21,,
475,226,delivered,027 Melendez Mews,West Edwin,Oman,2025-08-22,2025-08-26,2025-08-30
476,407,delivered,19064 Torres Plains,South Marc,Canada,2025-07-21,2025-07-22,2025-07-23
477,408,cancelled,981 Davis Via Suite 187,South Michelle,Algeria,2025-05-20,,
478,156,confirmed,1339 Michael Mills Apt. 294,Harrisfurt,Luxembourg,2025-01-20,,
479,316,delivered,9981 Castro Terrace,Port Reneehaven,United Kingdom,2025-08-11,2025-08-16,2025-08-22
480,303,returned,526 Yang Curve,East Mikayla,Uganda,2024-02-14,2024-02-18,2024-02-25
481,152,shipped,869 Ryan Branch Apt. 899,Port Melissa,Puerto Rico,2025-04-16,2025-04-19,
482,340,delivered,4400 Brown Ridge,West Donald,Hong Kong,2025-10-18,2025-10-19,2025-10-26
483,339,delivered,33775 Farley Freeway,Lake Laurastad,United States Minor Outlying Islands,2025-11-29,2025-12-02,2025-12-09
484,21,delivered,9539 Spence Mission Suite 858,Christopherville,Micronesia,2025-11-07,2025-11-09,2025-11-16
485,323,delivered,86328 Megan Underpass Suite 192,Kingview,Reunion,2025-09-24,2025-09-25,2025-09-29
486,5,returned,2584 Kaitlyn Valleys,Olsenhaven,Christmas Island,2025-05-25,2025-05-26,2025-05-30
487,364,delivered,0135 Linda Trail Apt. 756,North Jessicamouth,Samoa,2025-09-21,2025-09-26,2025-09-28
488,162,delivered,621 Emma Knolls Apt. 375,West Tonya,Burundi,2025-02-02,2025-02-05,2025-02-10
489,379,shipped,8326 William Village Suite 218,Kingshire,Mongolia,2025-07-05,2025-07-06,
490,183,cancelled,743 Malone Island Suite 719,Alvarezton,Liechtenstein,2025-12-17,,
491,95,delivered,801 Miguel Fort Suite 713,Lake Elizabeth,Uruguay,2025-05-28,2025-05-29,2025-06-05
492,130,delivered,976 Li Way,North Kelseyburgh,Reunion,2025-07-14,2025-07-18,2025-07-24
493,322,pending,79692 Dawn Curve Suite 680,West Maryburgh,Greenland,2025-07-08,,
494,10,shipped,4928 Joseph Loop,Lindaview,Marshall Islands,2024-03-30,2024-04-03,
495,460,delivered,37086 Humphrey Stravenue,New Amanda,Pitcairn Islands,2025-11-03,2025-11-07,2025-11-14
496,121,pending,31442 Katie Points,Martinezstad,American Samoa,2024-04-13,,
497,273,delivered,462 Gomez Shore Suite 687,North William,Niue,2025-05-10,2025-05-11,2025-05-14
498,441,pending,1220 Benjamin Falls Apt. 881,Michaelport,Timor-Leste,2024-10-04,,
499,339,delivered,61359 Flores Mission,Port Jasmineton,Iraq,2025-05-14,2025-05-17,2025-05-22
500,58,delivered,848 Miguel Creek Suite 259,New Lukeburgh,San Marino,2025-10-10,2025-10-15,2025-10-21
501,280,delivered,119 Jason Trafficway Suite 398,Cathyfurt,Macao,2025-06-30,2025-07-02,2025-07-08
502,350,confirmed,302 Fisher Heights Apt. 825,East Johnmouth,Slovenia,2025-11-16,,
503,60,confirmed,6937 Gonzalez Spring Apt. 517,Lake Meredithview,Brunei Darussalam,2024-09-04,,
504,4,delivered,876 Chung Camp Suite 536,Port Brittany,Turkey,2025-10-05,2025-10-10,2025-10-14
505,194,shipped,26329 Owen Mountain,Thomasside,Iceland,2025-11-22,2025-11-25,
506,213,delivered,34850 Levy Neck Apt. 186,Stefanieberg,Libyan Arab Jamahiriya,2024-12-31,2025-01-03,2025-01-04
507,85,delivered,67084 Gonzalez Streets Suite 147,Grantshire,Kyrgyz Republic,2024-02-09,2024-02-12,2024-02-18
508,256,delivered,55510 Caroline Flat Apt. 395,Wendytown,Afghanistan,2024-03-20,2024-03-24,2024-03-27
509,264,delivered,962 Cheryl Crossing,North Matthewland,Albania,2025-12-20,2025-12-25,2025-12-26
510,500,shipped,853 Chang Courts Apt. 633,Pereztown,New Zealand,2024-11-30,2024-12-03,
511,62,returned,82725 Maurice Track,West Teresafurt,Nicaragua,2025-01-01,2025-01-04,2025-01-07
512,51,delivered,6347 Cheryl Flats Suite 207,Gonzalezborough,Bolivia,2025-09-03,2025-09-07,2025-09-09
513,144,shipped,790 Gomez Springs Suite 689,East Cindymouth,Uganda,2025-03-05,2025-03-09,
514,465,confirmed,0170 Mccoy Mall Suite 561,New Donaldburgh,Bangladesh,2024-12-21,,
515,383,delivered,6998 Maxwell Summit,Josephburgh,Djibouti,2025-12-28,2026-01-01,2026-01-07
516,2,pending,2076 Gwendolyn Keys,New Jodishire,Cocos (Keeling) Islands,2025-06-08,,
517,409,pending,131 Wade Falls,West Antonio,Vietnam,2023-01-12,,
518,368,shipped,300 Daniel Groves,East Christopher,Nicaragua,2025-09-18,2025-09-21,
519,90,shipped,392 Case Branch Suite 617,Silvaville,Oman,2025-08-26,2025-08-31,
520,495,returned,9487 Sanchez Cape Suite 869,South Amyville,Guatemala,2025-02-11,2025-02-16,2025-02-22
521,70,delivered,773 Steven Square,East Ryan,Malaysia,2025-08-10,2025-08-12,2025-08-18
522,65,pending,6594 Anthony Island,Stephaniemouth,Malawi,2025-01-14,,
523,352,delivered,23009 Shelly Streets Apt. 797,Franktown,Christmas Island,2022-11-19,2022-11-24,2022-11-27
524,496,cancelled,410 Thompson Falls,East Ericstad,Nepal,2024-08-21,,
525,215,cancelled,138 Jacob Meadow,Smithbury,Latvia,2025-12-18,,
526,385,pending,9286 Nancy Squares,Poncemouth,Greenland,2023-11-12,,
527,407,delivered,8856 Short Manors,North Mary,Holy See (Vatican City State),2025-12-14,2025-12-18,2025-12-21
528,5,delivered,822 Jill Springs Suite 649,Robinmouth,Saint Martin,2024-03-23,2024-03-25,2024-03-28
529,3,pending,332 Murphy Port,New Gailmouth,Djibouti,2025-08-05,,
530,446,delivered,89668 Horne Corner Apt. 728,Jonesborough,Zimbabwe,2024-03-20,2024-03-25,2024-04-01
531,238,delivered,02886 Tracey Glen,Davidbury,Saint Vincent and the Grenadines,2025-12-27,2025-12-29,2025-12-31
532,34,delivered,7095 Jason Streets,Johnsonberg,El Salvador,2023-05-06,2023-05-11,2023-05-17
533,223,pending,780 Heather Spurs Suite 914,North Amber,Czech Republic,2024-03-02,,
534,66,delivered,5513 Cheryl Corners Apt. 228,Davisbury,Netherlands,2025-01-05,2025-01-06,2025-01-09
535,184,delivered,2360 Kristi Hills,Lake Nicholas,Brazil,2024-08-09,2024-08-11,2024-08-16
536,250,pending,35228 Wesley Drives Apt. 070,Aliceport,El Salvador,2025-09-30,,
537,96,delivered,4522 Lisa Way Suite 873,Marieport,Seychelles,2024-10-29,2024-10-31,2024-11-03
538,250,delivered,97494 Victoria Centers,Brennanburgh,Palau,2024-12-26,2024-12-30,2025-01-03
539,328,delivered,077 Jaclyn Underpass,North Elizabeth,Bangladesh,2024-09-11,2024-09-13,2024-09-20
540,149,cancelled,9009 Kathleen Walks,New Rachel,New Zealand,2024-03-29,,
541,68,cancelled,0569 Jessica Dam Apt. 741,East Tylerside,Swaziland,2025-09-14,,
542,25,delivered,17984 Nicholas Motorway Suite 819,Reneeland,Saint Helena,2024-07-27,2024-07-31,2024-08-06
543,392,delivered,7845 Gray Ports,Port Jimmy,United Arab Emirates,2024-01-15,2024-01-18,2024-01-19
544,489,delivered,647 Jennifer Parkways Apt. 731,New Rebecca,Guinea-Bissau,2025-08-31,2025-09-04,2025-09-05
545,129,cancelled,6539 Hall Walk Apt. 983,Grahamport,Central African Republic,2024-06-03,,
546,384,cancelled,168 Willis Port Suite 865,East Timothy,Saint Martin,2023-11-23,,
547,342,pending,930 Hays Roads,West Todd,Canada,2025-12-01,,
548,148,delivered,5381 Morse Cliff Suite 340,Duncanchester,Kiribati,2025-04-04,2025-04-05,2025-04-10
549,87,cancelled,9950 Hunt Forge,Crystalhaven,Finland,2025-03-05,,
550,74,delivered,516 Medina Ville,East Kimberlymouth,Mayotte,2023-07-30,2023-08-03,2023-08-08
551,136,delivered,6632 Davis Neck,Kevinchester,Guernsey,2025-04-16,2025-04-21,2025-04-24
552,3,delivered,4578 Victoria Hollow Apt. 575,West Jason,Cameroon,2025-12-14,2025-12-17,2025-12-18
553,323,confirmed,217 Ann Parkways Suite 976,Hoffmanville,Montenegro,2024-01-11,,
554,66,pending,29265 Kristy Trail Apt. 942,Jakemouth,Tuvalu,2025-04-10,,
555,434,returned,14261 Brandon Orchard Suite 507,New Francisco,Mongolia,2024-03-08,2024-03-10,2024-03-15
556,415,delivered,47507 Anita Causeway Apt. 250,Tinafort,Tajikistan,2023-08-12,2023-08-15,2023-08-19
557,363,delivered,33264 Peck Summit Apt. 305,East Erikview,Gabon,2023-03-15,2023-03-17,2023-03-20
558,113,delivered,750 Melissa Rapids Apt. 043,Palmerview,Saint Martin,2025-11-24,2025-11-28,2025-11-30
559,482,shipped,4999 Tristan Harbors Suite 377,Beardville,Tokelau,2025-07-10,2025-07-15,
560,284,delivered,96630 Hill Landing,Colleenfort,France,2024-10-01,2024-10-04,2024-10-08
561,313,delivered,783 Gabriel Courts Suite 313,North Robertstad,Brazil,2022-03-03,2022-03-07,2022-03-10
562,382,pending,77532 Cain Key,North Jesse,Netherlands,2022-09-04,,
563,346,delivered,650 Thomas Loop Suite 600,North Robertfort,Montenegro,2024-07-11,2024-07-16,2024-07-22
564,12,delivered,61101 Christopher Ferry,South Michael,Belize,2024-03-09,2024-03-14,2024-03-15
565,497,delivered,605 Rivera Flats Apt. 925,Amyshire,Greece,2025-01-30,2025-01-31,2025-02-05
566,38,confirmed,993 Robertson Circle Apt. 072,Port Andrea,Monaco,2024-12-10,,
567,154,pending,7446 Andrea Light Suite 122,Brownbury,Tonga,2025-09-04,,
568,296,delivered,9212 Dennis Locks Apt. 181,North Donaldville,Iran,2024-12-25,2024-12-29,2025-01-04
569,299,delivered,84276 Amber Field Suite 434,Port William,Burundi,2025-01-18,2025-01-21,2025-01-28
570,77,delivered,559 Hood Underpass Apt. 627,Kimberlyborough,Tuvalu,2025-12-22,2025-12-23,2025-12-30
571,202,delivered,8008 Adam Prairie,Amandamouth,Jersey,2025-05-15,2025-05-19,2025-05-22
572,161,confirmed,07492 Shepard Curve Apt. 838,Port Steven,Svalbard & Jan Mayen Islands,2025-12-06,,
573,319,confirmed,99766 Karen Ways,Pricehaven,Jordan,2025-10-31,,
574,314,delivered,8387 Rubio Fall Apt. 369,Brownburgh,Sri Lanka,2025-06-18,2025-06-19,2025-06-24
575,199,shipped,039 Gordon Lock,South Mariamouth,British Indian Ocean Territory (Chagos Archipelago),2024-07-22,2024-07-25,
576,123,delivered,417 Mason Wells Suite 096,Jonathanport,Jersey,2024-07-19,2024-07-23,2024-07-30
577,357,delivered,7406 Joshua Burgs Apt. 446,Lake Michael,Zambia,2025-06-12,2025-06-13,2025-06-16
578,427,cancelled,62207 Patrick Keys Suite 372,East Tyler,Isle of Man,2023-12-31,,
579,264,delivered,3079 Taylor Heights Apt. 662,Warrenmouth,Cape Verde,2025-11-10,2025-11-14,2025-11-21
580,465,confirmed,15673 Young Wells,Wiseborough,Swaziland,2025-06-17,,
581,14,delivered,79489 Schultz Garden Suite 339,New Priscillamouth,Equatorial Guinea,2025-07-12,2025-07-13,2025-07-16
582,147,delivered,724 Patricia Radial Suite 488,Samanthachester,Marshall Islands,2025-07-12,2025-07-17,2025-07-18
583,369,delivered,9078 Chan Squares Suite 374,Mikeburgh,Andorra,2025-10-01,2025-10-04,2025-10-07
584,310,confirmed,34890 Gary Trail Suite 684,New Amanda,Antarctica (the territory South of 60 deg S),2024-04-11,,
585,230,delivered,5696 Kelly Plain Suite 510,North Jamie,Bosnia and Herzegovina,2025-06-10,2025-06-14,2025-06-17
586,288,cancelled,341 Martinez Terrace,Craigview,Denmark,2024-02-11,,
587,371,shipped,00128 Robertson Mall Suite 246,North Mercedes,Slovakia (Slovak Republic),2025-06-18,2025-06-19,
588,353,delivered,71353 Michael Parks Apt. 871,Christopherstad,Cote d'Ivoire,2024-08-15,2024-08-16,2024-08-17
589,391,delivered,28735 Sarah Tunnel,Nathanielfort,Central African Republic,2025-01-11,2025-01-14,2025-01-20
590,259,confirmed,746 Davis Tunnel Suite 271,Lake Kristinahaven,Ghana,2025-10-15,,
591,462,shipped,14587 Robinson Trace,Gonzalezton,Korea,2025-11-28,2025-11-30,
592,443,delivered,0951 Davis Streets,West Tammyhaven,Thailand,2022-07-24,2022-07-29,2022-08-04
593,375,delivered,89403 Brett Canyon,Smithstad,Ukraine,2024-10-29,2024-11-03,2024-11-08
594,308,returned,30558 Lee Forge,West Michelle,Nigeria,2023-07-25,2023-07-28,2023-08-04
595,463,pending,17492 Collier Parkway,Brandonton,Wallis and Futuna,2024-12-15,,
596,422,delivered,907 Stone Squares,Elizabethstad,Lao People's Democratic Republic,2024-07-05,2024-07-06,2024-07-11
597,384,delivered,088 Russell Curve Suite 404,Sotofort,Aruba,2023-06-03,2023-06-05,2023-06-11
598,60,delivered,338 Tiffany Isle Suite 196,South Paul,Tuvalu,2022-07-18,2022-07-23,2022-07-26
599,467,delivered,188 Trujillo Terrace,Tiffanyside,Kazakhstan,2024-09-02,2024-09-04,2024-09-08
600,296,delivered,604 Kimberly Camp,Johnstad,Estonia,2025-07-20,2025-07-21,2025-07-26
601,166,returned,99467 Kimberly Plaza,Lake Coreyland,Guinea,2025-11-22,2025-11-23,2025-11-26
602,338,returned,23293 Donald Drive,West Monica,Faroe Islands,2023-12-14,2023-12-15,2023-12-18
603,452,shipped,613 Mark Trace,New Antonio,Sao Tome and Principe,2025-02-06,2025-02-10,
604,102,confirmed,882 Bennett Ranch,New Tracystad,Yemen,2025-09-04,,
605,69,delivered,52606 Shaw Underpass Suite 348,Allentown,Djibouti,2025-07-09,2025-07-10,2025-07-14
606,463,delivered,90158 Potter Forest Suite 307,Coleside,Ukraine,2025-01-14,2025-01-15,2025-01-21
607,64,delivered,484 Dickson Course,North Sarah,Western Sahara,2025-01-29,2025-02-01,2025-02-02
608,4,cancelled,59277 Jackson Viaduct,Spencertown,Nepal,2024-08-19,,
609,473,delivered,860 Rice Stravenue Apt. 414,New Melissa,Indonesia,2025-11-04,2025-11-07,2025-11-08
610,18,pending,69817 Washington Heights Suite 578,North Michaelstad,Korea,2023-10-18,,
611,207,pending,6278 Keith Curve Suite 972,Wandaberg,Turks and Caicos Islands,2024-03-24,,
612,354,confirmed,91380 Freeman Drive,Lake Laura,Jamaica,2025-05-22,,
613,429,pending,4947 Denise Terrace Apt. 503,Anthonyside,Slovakia (Slovak Republic),2025-12-13,,
614,220,delivered,28655 Kyle Circle,Debbiehaven,Andorra,2025-11-14,2025-11-15,2025-11-20
615,449,delivered,99633 Bruce Crescent Apt. 778,Ryanfurt,Brunei Darussalam,2025-12-23,2025-12-26,2025-12-29
616,363,pending,73939 Matthew Curve Apt. 597,Gonzalezborough,Grenada,2025-11-10,,
617,300,shipped,4974 Campbell Shoal,Josephmouth,Seychelles,2025-07-01,2025-07-06,
618,72,delivered,56373 Lauren Canyon Suite 693,Rebeccaside,Iceland,2025-12-27,2025-12-30,2025-12-31
619,462,shipped,45941 Phillips Mountain,Jessicaborough,Niger,2025-12-08,2025-12-12,
620,77,delivered,65296 Steven Locks Suite 312,New Jonathan,Peru,2025-12-23,2025-12-24,2025-12-28
621,156,cancelled,7415 Greene Shores,New Annfurt,Samoa,2025-04-16,,
622,164,delivered,7495 Kelly Radial Suite 018,Cheyennetown,Norfolk Island,2023-02-21,2023-02-24,2023-03-02
623,396,delivered,81357 Cummings Dam Suite 267,Brittanyview,Egypt,2024-07-17,2024-07-20,2024-07-26
624,481,delivered,2594 Mills Roads,North Cynthiatown,Austria,2024-02-18,2024-02-21,2024-02-28
625,218,delivered,028 Schultz Lock,Andersonview,Sudan,2023-05-23,2023-05-28,2023-05-31
626,308,delivered,25643 Gary Ports Suite 323,Kyleland,Malta,2024-03-23,2024-03-24,2024-03-27
627,56,delivered,74686 Alison Green Suite 325,Allentown,Heard Island and McDonald Islands,2023-08-31,2023-09-01,2023-09-06
628,370,delivered,91906 Steven Shoals Apt. 070,Thomasbury,Ireland,2025-03-05,2025-03-08,2025-03-12
629,75,delivered,59257 Hernandez Mall,East Allisonport,Luxembourg,2025-06-25,2025-06-26,2025-06-29
630,273,delivered,850 Julie Mill,South Breannahaven,Syrian Arab Republic,2025-12-14,2025-12-16,2025-12-21
631,460,delivered,7132 Baldwin Pike,Englishborough,Myanmar,2025-11-08,2025-11-13,2025-11-19
632,133,delivered,6657 Hawkins Key,Port Sean,Hungary,2025-10-03,2025-10-07,2025-10-13
633,46,delivered,3684 Medina Summit Apt. 193,Port David,Croatia,2025-10-12,2025-10-14,2025-10-15
634,52,confirmed,695 Terri Brooks,Smithport,Brunei Darussalam,2024-03-24,,
635,420,delivered,062 Hill Rapids,Lake Mark,Dominican Republic,2023-10-17,2023-10-19,2023-10-26
636,373,delivered,424 King Ports Apt. 306,Christopherberg,Ethiopia,2025-12-04,2025-12-06,2025-12-13
637,203,delivered,46409 Stephanie Passage,Port Duaneland,Singapore,2025-11-29,2025-12-01,2025-12-08
638,445,confirmed,608 Lopez Overpass Apt. 787,Petersonshire,Finland,2025-11-03,,
639,290,delivered,0567 Lucero Garden Apt. 086,Woodsberg,Moldova,2024-12-28,2024-12-30,2025-01-05
640,144,confirmed,45312 Kaufman Cove Suite 804,Toddmouth,Sao Tome and Principe,2025-01-15,,
641,485,confirmed,34878 Miller Union,Brownmouth,Aruba,2025-12-18,,
642,433,cancelled,55458 Kristy Knoll Suite 974,Port Penny,Heard Island and McDonald Islands,2025-03-20,,
643,431,delivered,17707 Williams Extension Suite 322,New Michellechester,Jersey,2025-09-02,2025-09-06,2025-09-08
644,258,delivered,7712 Durham Hollow,Lake Jessica,Kenya,2025-03-02,2025-03-03,2025-03-04
645,389,confirmed,644 Tara Corner,Cortezberg,Ecuador,2025-02-06,,
646,184,shipped,22800 Gloria Square,Kellyton,Romania,2024-09-22,2024-09-23,
647,283,delivered,362 Linda Drive Suite 191,South Jimmyburgh,Burkina Faso,2025-01-15,2025-01-18,2025-01-25
648,211,returned,54020 Ortiz Glen Suite 107,New James,Honduras,2024-09-29,2024-10-02,2024-10-07
649,61,delivered,593 Kristine Pass Apt. 614,Castroville,Macao,2025-10-27,2025-10-28,2025-10-30
650,137,returned,91591 Wright Mountain,South Richardberg,Egypt,2025-10-30,2025-11-01,2025-11-08
651,463,delivered,8640 Gonzalez Cove Suite 281,Kellyshire,Jamaica,2025-08-14,2025-08-18,2025-08-23
652,389,cancelled,551 Michael Union,West Matthewview,Pakistan,2025-08-28,,
653,421,delivered,64982 Webb Shoals,Schroedermouth,Serbia,2024-12-21,2024-12-22,2024-12-28
654,87,delivered,82982 Veronica Creek,Jonesstad,Latvia,2025-01-30,2025-02-04,2025-02-05
655,355,shipped,50859 Francisco Islands Apt. 044,New Cody,Italy,2024-03-11,2024-03-13,
656,224,cancelled,348 Tamara Vista,Wigginstown,Turks and Caicos Islands,2025-10-24,,
657,188,shipped,5579 Cox Mountains Suite 774,Wagnerstad,Japan,2025-12-25,2025-12-30,
658,96,shipped,394 Kelly Avenue,North Brentmouth,Gambia,2024-08-22,2024-08-26,
659,264,delivered,23865 Robles Brook,Wardside,Cocos (Keeling) Islands,2025-07-20,2025-07-25,2025-07-30
660,69,confirmed,257 Flores Rest,Lake Timothy,Cocos (Keeling) Islands,2025-10-04,,
661,319,confirmed,5409 Brown Square,East Nicholas,Papua New Guinea,2025-12-22,,
662,458,returned,16560 Rodgers Ford,Port John,Austria,2025-06-07,2025-06-10,2025-06-17
663,268,delivered,021 Kathryn Alley,Floreston,Haiti,2025-06-26,2025-06-29,2025-07-05
664,66,cancelled,848 Jensen Lodge Apt. 254,Stephenborough,Kiribati,2025-12-01,,
665,122,confirmed,77802 James Cove,West Markshire,Liberia,2025-12-02,,
666,292,delivered,86928 Walter Lake,Port Courtney,Ethiopia,2025-12-06,2025-12-11,2025-12-17
667,136,delivered,8546 Ashley Shoals,Lake Deannamouth,Australia,2025-09-12,2025-09-17,2025-09-23
668,350,delivered,7534 Johnson Alley,Davidton,Christmas Island,2024-08-13,2024-08-18,2024-08-25
669,230,delivered,38381 Haney Crossroad Suite 862,Millerborough,Bolivia,2025-08-01,2025-08-03,2025-08-09
670,402,delivered,11234 Andrews Squares Suite 675,West Phillipside,Madagascar,2025-12-24,2025-12-27,2025-12-30
671,397,pending,038 Solis Hollow Suite 288,Loganport,Falkland Islands (Malvinas),2025-01-23,,
672,2,shipped,7628 Maria Stream,Carolynview,Chad,2025-04-14,2025-04-19,
673,136,delivered,6443 Stark Spring Apt. 247,Port Leslie,Angola,2025-10-20,2025-10-24,2025-10-30
674,89,delivered,383 Huff Cove Suite 397,Port Nicholas,Gibraltar,2025-05-25,2025-05-28,2025-05-29
675,51,delivered,528 Walker Branch Apt. 682,West Alexis,Belarus,2025-12-06,2025-12-08,2025-12-13
676,432,pending,984 Robinson Vista,West Maurice,Austria,2025-10-06,,
677,370,shipped,9582 Justin Bridge Apt. 159,Ryanstad,Japan,2025-12-03,2025-12-05,
678,297,confirmed,4565 Deborah Estate,South Angelachester,Jersey,2023-02-13,,
679,123,delivered,92501 Curtis Cove Suite 708,Emilyview,Turks and Caicos Islands,2024-12-04,2024-12-08,2024-12-11
680,237,confirmed,01931 Hahn Estate,Bryanborough,Mayotte,2025-11-01,,
681,128,confirmed,584 Randall Lakes,West Sandraside,Central African Republic,2025-09-24,,
682,330,cancelled,0940 Michael Stravenue,Lake Matthew,France,2024-10-20,,
683,240,delivered,3881 Armstrong Isle Suite 439,Matthewmouth,Burkina Faso,2025-11-20,2025-11-21,2025-11-24
684,123,pending,2154 Nathan Trace,West Joshuashire,Cape Verde,2024-12-22,,
685,295,delivered,932 Ryan Forge,Port Kimberly,Dominican Republic,2025-08-13,2025-08-14,2025-08-15
686,1,delivered,8945 Lisa Shore Suite 971,Lauraberg,Palestinian Territory,2025-06-04,2025-06-08,2025-06-11
687,232,pending,46051 Parker Haven Suite 417,Duanemouth,Cape Verde,2023-12-18,,
688,283,returned,17971 Dunn Loop,Valenciachester,Lithuania,2025-01-06,2025-01-09,2025-01-13
689,223,confirmed,37438 Simpson Mount,Port Amanda,Tokelau,2024-02-28,,
690,8,returned,3467 Michael Rue,South Emilyfurt,Cocos (Keeling) Islands,2024-02-23,2024-02-26,2024-02-27
691,223,delivered,189 Carter River,South Cody,Taiwan,2024-10-31,2024-11-02,2024-11-07
692,274,pending,5717 Ellis Lock Suite 450,West Rebeccashire,Marshall Islands,2025-11-04,,
693,164,cancelled,489 Angela Extension,Rothmouth,Sweden,2024-01-26,,
694,244,delivered,39130 Ferguson Lights Apt. 424,Port Karentown,Georgia,2025-05-22,2025-05-27,2025-05-29
695,316,shipped,95500 Rodriguez Trafficway,Jenniferfort,Nicaragua,2025-11-27,2025-11-28,
696,491,shipped,9027 Lynn Oval,South Sean,Russian Federation,2025-05-02,2025-05-04,
697,448,delivered,5758 Lisa Radial,West Matthewbury,Cambodia,2025-09-26,2025-09-27,2025-10-02
698,260,returned,83694 Sierra Path Apt. 319,Fischerside,Norway,2025-02-19,2025-02-20,2025-02-26
699,295,delivered,51970 Hannah Grove,Scottshire,Puerto Rico,2024-11-23,2024-11-28,2024-12-05
700,331,delivered,9417 Jacobson Dam,Howellmouth,Cameroon,2025-12-20,2025-12-22,2025-12-26
701,447,delivered,35138 Thompson Station,New Brianna,Senegal,2025-04-17,2025-04-21,2025-04-26
702,219,delivered,81741 Cameron Harbors Apt. 715,Lake Carly,Antigua and Barbuda,2024-03-27,2024-03-29,2024-03-30
703,285,confirmed,7202 William Hills Apt. 565,Orrland,Thailand,2025-11-12,,
704,43,delivered,393 Tina Roads,Annamouth,Saint Barthelemy,2025-10-11,2025-10-16,2025-10-19
705,241,shipped,310 Dawn Point Suite 975,Lake Victorialand,Turks and Caicos Islands,2024-01-18,2024-01-23,
706,180,delivered,98691 Edwin Highway,Chaseborough,Libyan Arab Jamahiriya,2025-05-05,2025-05-06,2025-05-12
707,7,delivered,1319 Hudson Fort Suite 387,New Debra,Cote d'Ivoire,2025-05-22,2025-05-27,2025-05-29
708,254,shipped,842 Martinez Port,Simmonsberg,Uganda,2024-08-16,2024-08-18,
709,353,delivered,690 Vazquez Corners Apt. 429,Kellyhaven,Tonga,2025-01-13,2025-01-14,2025-01-20
710,60,delivered,127 Lynn Corner,Kaylabury,Micronesia,2023-09-13,2023-09-14,2023-09-16
711,4,confirmed,488 Thompson Island,Daniellehaven,Peru,2024-12-05,,
712,78,delivered,52758 Thomas Cliffs,Roystad,Liechtenstein,2025-01-22,2025-01-25,2025-02-01
713,83,pending,31621 Michael Street Apt. 218,Johnsonside,Spain,2025-12-28,,
714,285,delivered,135 Chapman Crossroad Suite 915,Mayerview,Gabon,2025-07-15,2025-07-19,2025-07-24
715,44,confirmed,9900 Jones Locks,Walshmouth,Svalbard & Jan Mayen Islands,2025-12-28,,
716,388,delivered,578 Mccarthy Ports Apt. 694,Hernandezside,Nigeria,2025-04-25,2025-04-28,2025-04-30
717,179,delivered,2489 Lauren Island Suite 423,Reidfort,Moldova,2024-07-01,2024-07-06,2024-07-13
718,260,delivered,7231 Stephen Falls Apt. 288,Toddhaven,Rwanda,2025-10-03,2025-10-04,2025-10-11
719,155,cancelled,74849 Michelle Neck Apt. 396,Port Michaelfort,Portugal,2025-08-10,,
720,336,delivered,85266 Joseph Knoll Apt. 522,South Madison,Peru,2023-12-25,2023-12-28,2024-01-02
721,203,delivered,907 Warner Union Suite 575,Rileychester,Iceland,2025-11-07,2025-11-10,2025-11-15
722,174,delivered,9241 Hector Plains Apt. 465,Saundersbury,Guam,2024-04-22,2024-04-27,2024-05-01
723,104,delivered,342 Gregory Walk Suite 079,East Willie,Iceland,2024-10-20,2024-10-21,2024-10-23
724,45,delivered,2459 Kelly Causeway Apt. 118,South Donald,Israel,2025-11-12,2025-11-17,2025-11-23
725,485,confirmed,60822 Stone Tunnel Apt. 722,North Gina,Azerbaijan,2025-08-26,,
726,466,delivered,04639 James Neck,New Meganmouth,Poland,2023-10-14,2023-10-16,2023-10-23
727,145,confirmed,50537 Isabella Summit Suite 749,Robertburgh,Pakistan,2023-12-18,,
728,442,delivered,97002 Laura Islands,West Robert,North Macedonia,2024-04-14,2024-04-16,2024-04-19
729,212,shipped,04795 Erica Wall Apt. 296,East Rachelstad,United Arab Emirates,2022-12-11,2022-12-14,
730,20,delivered,05906 Gray Land,East Brittany,Eritrea,2025-12-06,2025-12-10,2025-12-17
731,141,confirmed,626 Franklin Station Apt. 060,Jennifermouth,Tanzania,2024-10-05,,
732,350,pending,6731 Price Mews,Shieldston,Thailand,2024-09-15,,
733,390,pending,32885 Torres Bypass Suite 822,New David,Bosnia and Herzegovina,2025-02-09,,
734,399,delivered,3267 Thomas Spring Suite 319,Johnsonside,Ireland,2024-04-24,2024-04-29,2024-05-01
735,106,delivered,90584 James Mews Apt. 826,West Gabrielafurt,Antarctica (the territory South of 60 deg S),2025-05-04,2025-05-05,2025-05-07
736,401,delivered,8701 Henderson Estate,Port Markchester,Malawi,2024-12-29,2024-12-31,2025-01-05
737,66,shipped,67249 Ferrell Orchard Suite 898,Johnsonfurt,Isle of Man,2025-10-23,2025-10-28,
738,200,returned,3100 Lawson Green Suite 098,Amyburgh,Kenya,2025-08-01,2025-08-05,2025-08-10
739,433,confirmed,34258 Marks Station Suite 636,Brandonberg,Angola,2024-11-29,,
740,162,delivered,321 Evans Fort,West Valerie,Greenland,2025-06-27,2025-06-30,2025-07-04
741,64,delivered,6991 Ross Common,West Alan,Greenland,2025-03-29,2025-04-02,2025-04-08
742,121,delivered,15721 Zimmerman Forges,Johnsonberg,United Kingdom,2023-09-15,2023-09-18,2023-09-24
743,168,delivered,25235 Garcia Cliffs Suite 510,New Jeremystad,Maldives,2025-03-16,2025-03-21,2025-03-24
744,328,delivered,6328 Allen Mountains,Gregoryborough,Latvia,2023-04-15,2023-04-20,2023-04-23
745,498,delivered,32374 Brian Ridges,West Julieside,Lithuania,2024-05-09,2024-05-11,2024-05-13
746,489,delivered,668 William Hills Apt. 544,North Jason,Lao People's Democratic Republic,2025-09-20,2025-09-24,2025-10-01
747,440,confirmed,46851 Johnson Orchard,Edwardburgh,Gambia,2023-12-03,,
748,37,shipped,7755 Eric Mews Suite 211,Andersonberg,Antarctica (the territory South of 60 deg S),2024-05-18,2024-05-19,
749,460,delivered,34128 Ryan Mountains,West Sarahhaven,Syrian Arab Republic,2025-12-05,2025-12-08,2025-12-09
750,474,returned,3388 Carter Plaza,New Dennisberg,Singapore,2024-12-27,2025-01-01,2025-01-06
751,444,returned,298 Justin Pike Apt. 894,Munozstad,Swaziland,2025-08-20,2025-08-24,2025-08-31
752,148,delivered,1204 Amanda Landing,Williamsland,Zimbabwe,2024-12-26,2024-12-30,2025-01-02
753,484,confirmed,4793 Watson Mount Apt. 541,Christineville,Guadeloupe,2023-09-23,,
754,53,delivered,42094 Leon Overpass Suite 394,Eatonside,Congo,2025-08-22,2025-08-23,2025-08-28
755,178,delivered,96929 Oconnor Ports Apt. 874,East Marcus,Sao Tome and Principe,2024-08-27,2024-08-31,2024-09-01
756,417,delivered,4105 Lynn Trail Apt. 116,West Daniel,Lao People's Democratic Republic,2022-02-28,2022-03-04,2022-03-10
757,243,cancelled,1785 Harris Crest Apt. 430,Garrettborough,Lithuania,2025-11-04,,
758,52,shipped,6252 Kimberly Expressway Apt. 157,Crossfurt,Eritrea,2025-04-07,2025-04-08,
759,243,delivered,6117 Parker Avenue,Rodriguezfort,Liechtenstein,2025-12-25,2025-12-27,2025-12-31
760,77,delivered,256 Burgess Light Apt. 026,West Lauren,Thailand,2025-12-26,2025-12-30,2026-01-04
761,43,delivered,87594 Garcia Radial,Oscarborough,Norway,2025-12-04,2025-12-05,2025-12-07
762,63,cancelled,8393 Carter Divide,New Phillipfurt,Saint Lucia,2025-03-25,,
763,18,confirmed,2246 Jacqueline Hills Suite 899,West Jonathanhaven,South Africa,2025-09-06,,
764,91,cancelled,1952 Tina Grove Suite 099,West Tanya,Tajikistan,2024-12-20,,
765,188,returned,6409 Kristen Ranch Apt. 552,East Melindahaven,Gibraltar,2025-12-14,2025-12-19,2025-12-26
766,51,delivered,203 Rubio Inlet,Jacksonshire,Georgia,2025-10-25,2025-10-29,2025-11-05
767,152,delivered,2460 Hanson Corners,Jessicatown,Brazil,2025-01-04,2025-01-08,2025-01-09
768,5,delivered,799 Martinez Club,East Amandaton,Nauru,2024-07-30,2024-08-01,2024-08-07
769,324,delivered,67320 Gary Villages Suite 878,North Ronaldview,Guinea,2024-05-01,2024-05-04,2024-05-09
770,421,cancelled,3888 Jones Gardens,Jacksonmouth,Maldives,2025-09-07,,
771,476,delivered,707 Rodney Place,North Kimberlyshire,Somalia,2025-11-17,2025-11-19,2025-11-22
772,128,cancelled,79873 Jessica Street Suite 983,Lake Dianaburgh,Mongolia,2025-10-27,,
773,489,delivered,674 Michael Drive Apt. 786,Zavalamouth,North Macedonia,2025-09-12,2025-09-15,2025-09-18
774,250,cancelled,201 Gray Springs,Bellshire,United States Minor Outlying Islands,2025-11-14,,
775,350,delivered,0407 Davis Vista,West Scott,Iceland,2024-11-27,2024-12-02,2024-12-07
776,407,delivered,11676 Christina Rest,Jenniferberg,Afghanistan,2025-07-29,2025-07-31,2025-08-07
777,425,shipped,81816 Robinson Divide,Hollowayhaven,Northern Mariana Islands,2025-02-25,2025-02-28,
778,33,delivered,32450 Beck Skyway,Loganmouth,Christmas Island,2024-03-13,2024-03-14,2024-03-20
779,27,cancelled,604 Bethany Glens,Vincentland,Slovenia,2024-04-25,,
780,358,confirmed,8319 Jason Passage Apt. 207,Liuton,Malaysia,2023-06-06,,
781,57,confirmed,9490 Lauren Plains Suite 767,Timothymouth,Estonia,2025-11-03,,
782,63,delivered,85911 Lindsey Wells,West Zacharyfort,Papua New Guinea,2025-07-20,2025-07-22,2025-07-27
783,477,confirmed,520 Michele Lodge Apt. 461,New Jamiestad,United States of America,2023-09-20,,
784,295,delivered,3577 Brian Mills Apt. 833,South Jody,Italy,2025-01-05,2025-01-06,2025-01-07
785,390,delivered,58867 Fletcher Landing Suite 034,Justinfort,Austria,2024-03-31,2024-04-02,2024-04-07
786,68,delivered,21112 Kelly Vista Apt. 797,Angelafurt,Togo,2025-08-29,2025-09-03,2025-09-04
787,78,confirmed,21729 Jessica Passage Apt. 154,Martinville,United States Virgin Islands,2024-01-09,,
788,349,shipped,233 Olson Rest Apt. 032,Bakerberg,Micronesia,2023-10-14,2023-10-17,
789,344,delivered,8557 Christina Trafficway,New Sarafort,Swaziland,2024-08-28,2024-08-31,2024-09-06
790,226,delivered,45720 Smith Land,Port Austinfort,Chile,2025-09-07,2025-09-11,2025-09-15
791,386,shipped,4442 Michael Camp,Donnashire,Bulgaria,2025-11-24,2025-11-28,
792,483,cancelled,69756 Mcfarland Cove,Nguyenchester,Seychelles,2025-03-23,,
793,482,delivered,7725 Rodriguez Loop Suite 433,West Danielville,Luxembourg,2025-05-26,2025-05-29,2025-06-04
794,494,delivered,11736 Sanchez Plain,Courtneyport,Aruba,2025-12-17,2025-12-19,2025-12-22
795,305,delivered,4350 Parker Grove,Hesshaven,United States Minor Outlying Islands,2025-12-18,2025-12-21,2025-12-25
796,135,delivered,3172 Hansen Extensions,Hernandezville,Guam,2024-05-25,2024-05-27,2024-06-03
797,77,delivered,779 Jennifer Expressway Apt. 239,Marytown,China,2025-12-21,2025-12-23,2025-12-24
798,205,confirmed,361 Nicole Road Apt. 043,Kimberlyburgh,Anguilla,2025-08-26,,
799,67,delivered,7108 Lee Loaf Apt. 550,East Mary,Denmark,2023-08-31,2023-09-01,2023-09-04
800,216,delivered,408 Sally Square,West Sandra,Puerto Rico,2024-12-22,2024-12-25,2024-12-30
801,286,delivered,412 Roberson Forks Suite 103,Jenniferfurt,Tanzania,2025-11-14,2025-11-17,2025-11-18
802,340,delivered,85480 Weaver Tunnel,Lake Natalie,Falkland Islands (Malvinas),2024-11-29,2024-12-02,2024-12-04
803,200,delivered,07538 Anderson Circle Apt. 781,New Jane,San Marino,2025-09-04,2025-09-07,2025-09-10
804,21,delivered,910 Cortez Ford,Port Robert,Mauritania,2025-11-21,2025-11-26,2025-11-30
805,305,pending,3332 Claire Junctions Apt. 687,Colonberg,Grenada,2025-12-19,,
806,88,cancelled,8009 Steven Keys,Port Christinaport,Vietnam,2025-10-23,,
807,327,delivered,4488 Rivera Parks Suite 869,Hernandezmouth,North Macedonia,2024-11-03,2024-11-06,2024-11-08
808,41,confirmed,6475 Matthews Burgs Apt. 670,New Mark,South Africa,2025-03-15,,
809,392,shipped,282 Amanda Point,Austinview,Mauritius,2025-08-14,2025-08-19,
810,235,delivered,710 Debra Stravenue,East Andrewmouth,Bouvet Island (Bouvetoya),2025-01-01,2025-01-06,2025-01-08
811,377,shipped,788 Sullivan Station,Brooksville,Austria,2025-12-06,2025-12-10,
812,318,delivered,26673 Jeffrey Inlet Apt. 076,Port Lisa,Burundi,2025-12-30,2026-01-03,2026-01-05
813,98,delivered,81227 Valerie Mission,Port Vanessa,Cyprus,2025-07-30,2025-08-01,2025-08-03
814,248,delivered,886 Austin Fields,Aliciashire,Saint Lucia,2024-07-31,2024-08-04,2024-08-07
815,497,delivered,95629 Victoria Neck Apt. 728,New Shannon,Cook Islands,2024-09-11,2024-09-12,2024-09-13
816,401,delivered,561 Amber Plains Apt. 810,Hudsonhaven,Saint Kitts and Nevis,2025-09-06,2025-09-08,2025-09-15
817,397,delivered,4925 Henderson Row Apt. 973,East Laurenland,Oman,2024-11-11,2024-11-16,2024-11-23
818,398,delivered,17283 Christopher Park Apt. 670,North Douglas,Madagascar,2025-09-02,2025-09-05,2025-09-06
819,276,pending,24228 Sara Point Suite 496,New Brandy,Latvia,2024-12-04,,
820,364,pending,4198 Timothy Parks,Richardstad,Dominica,2024-08-09,,
821,437,confirmed,36279 Elliott Pass Suite 070,New Jennifer,Estonia,2025-12-22,,
822,103,delivered,878 Dorothy Villages,Santiagoburgh,Iran,2025-08-01,2025-08-04,2025-08-11
823,396,cancelled,9643 Black Passage Suite 856,Brianmouth,Oman,2024-03-06,,
824,462,delivered,0802 Erika Alley Apt. 982,East Davidmouth,Anguilla,2025-08-12,2025-08-17,2025-08-20
825,21,delivered,9369 Nancy Overpass Apt. 827,Port Jim,Georgia,2025-12-18,2025-12-21,2025-12-26
826,363,confirmed,89902 Clark Land Suite 268,Sweeneyfort,Antarctica (the territory South of 60 deg S),2023-05-01,,
827,292,confirmed,93041 Robert Causeway,Jackburgh,Guatemala,2025-11-22,,
828,162,delivered,14737 Mcbride Plain,South Tamarachester,Uganda,2025-08-17,2025-08-21,2025-08-22
829,477,pending,58854 Espinoza Green,New Deborah,Iran,2024-01-04,,
830,367,delivered,84420 William Plains,South Lauraberg,Timor-Leste,2025-12-16,2025-12-19,2025-12-25
831,500,cancelled,535 Harris Fork,Lake Jasmineside,Eritrea,2024-12-20,,
832,500,delivered,630 Douglas Ville Apt. 128,South Michele,Costa Rica,2025-12-23,2025-12-24,2025-12-26
833,370,shipped,79497 Paul Fall,Tonyachester,Colombia,2025-05-03,2025-05-06,
834,200,shipped,0380 Bridget Inlet Apt. 394,East Scottshire,Kenya,2025-09-27,2025-09-30,
835,65,delivered,20235 Ferguson Crossroad Suite 681,Teresashire,Libyan Arab Jamahiriya,2025-04-20,2025-04-25,2025-04-29
836,497,confirmed,8149 Ashley Causeway,South Marissa,Georgia,2025-02-12,,
837,384,pending,20607 Michael Courts Suite 459,West Tyler,Palestinian Territory,2025-02-12,,
838,277,returned,916 Mercer Way Suite 480,Port Christopher,Marshall Islands,2024-12-06,2024-12-11,2024-12-14
839,74,cancelled,20216 Pineda Ferry Suite 330,Hallberg,Iraq,2025-01-02,,
840,332,delivered,759 Mcdonald Spring,Brewerborough,Jersey,2024-07-03,2024-07-04,2024-07-08
841,370,delivered,449 Sandoval Flat,Smithberg,Guatemala,2025-08-09,2025-08-11,2025-08-16
842,345,delivered,036 Eric Light,Kimberlyberg,Swaziland,2025-08-18,2025-08-22,2025-08-25
843,156,delivered,909 Gabrielle Lodge,Browningbury,Denmark,2025-01-10,2025-01-15,2025-01-21
844,249,delivered,552 Tyler Plains Suite 690,East Victoria,Cuba,2024-03-18,2024-03-19,2024-03-26
845,430,confirmed,08436 David Estate,Lauraland,Bouvet Island (Bouvetoya),2022-07-21,,
846,366,cancelled,2509 Elizabeth Ports,Ericaborough,Luxembourg,2025-01-26,,
847,375,delivered,5407 Jill Isle Apt. 354,West Jeffrey,Bhutan,2025-01-17,2025-01-21,2025-01-26
848,374,delivered,7206 Cantrell Forest,East Heatherburgh,Sudan,2025-12-27,2025-12-28,2026-01-01
849,357,cancelled,29218 Brett Plain,Port Christineshire,Iraq,2023-02-02,,
850,85,shipped,33471 John Light,West Davidfort,Lithuania,2023-02-03,2023-02-04,
851,404,delivered,32103 Myers Crescent Suite 453,Millerview,Barbados,2025-01-12,2025-01-14,2025-01-15
852,460,shipped,9970 Kim Plain Apt. 532,Hollyville,Saudi Arabia,2025-12-25,2025-12-28,
853,372,confirmed,63256 Gutierrez Grove Apt. 869,West Mariaburgh,Czech Republic,2025-11-02,,
854,340,pending,2001 Larson Junction Suite 630,South Robert,Slovakia (Slovak Republic),2024-12-09,,
855,262,delivered,85808 Robertson Ridges Suite 751,South Isaac,Nepal,2025-06-04,2025-06-07,2025-06-13
856,86,confirmed,484 Hodges Heights,West Brenda,Malaysia,2025-12-19,,
857,284,delivered,727 Donald Garden,New Joshua,Estonia,2025-04-15,2025-04-18,2025-04-21
858,305,confirmed,613 Castillo Avenue Suite 643,Brittneyburgh,Ethiopia,2025-12-21,,
859,297,delivered,24363 Rosario Ports Apt. 350,Montoyaville,Israel,2024-06-30,2024-07-05,2024-07-08
860,322,delivered,74501 Lori Fords,Bowersmouth,Somalia,2025-06-21,2025-06-25,2025-07-01
861,60,returned,51355 Tyrone Ramp,Younghaven,Paraguay,2025-04-12,2025-04-13,2025-04-14
862,223,delivered,46782 Martinez Station Apt. 731,New Robertstad,Mali,2024-05-14,2024-05-18,2024-05-24
863,301,delivered,37718 Duran Mission,Christopherport,Hong Kong,2024-01-12,2024-01-16,2024-01-17
864,362,shipped,9782 Renee Springs Suite 424,Burnsshire,Rwanda,2024-04-09,2024-04-12,
865,498,delivered,45827 Patrick Throughway,Port Richard,Andorra,2025-06-20,2025-06-24,2025-06-29
866,239,shipped,1640 Campbell Plains Apt. 133,Lindaside,Slovenia,2025-07-31,2025-08-01,
867,387,confirmed,0057 Valenzuela Burg,Nicoleberg,Iran,2024-04-11,,
868,350,delivered,73113 Cheryl Shores,Jacobfort,Swaziland,2025-01-28,2025-02-01,2025-02-04
869,221,delivered,783 Henry Drive,Lake Sandraside,Belize,2025-11-07,2025-11-11,2025-11-12
870,316,confirmed,47815 Tammie Loaf Apt. 623,Ruizbury,Brunei Darussalam,2025-04-18,,
871,19,delivered,024 Miller Summit Suite 875,Port Angelaland,Ireland,2025-09-15,2025-09-16,2025-09-22
872,199,delivered,7191 David Greens Suite 223,Tylerview,Romania,2025-07-17,2025-07-18,2025-07-25
873,443,delivered,3553 Smith Island,Victorstad,Togo,2024-05-15,2024-05-16,2024-05-21
874,337,delivered,21216 Rogers Union Suite 928,West Clinton,Holy See (Vatican City State),2024-05-28,2024-05-29,2024-06-01
875,191,delivered,4443 Lin Glen,Johnport,Vanuatu,2025-01-03,2025-01-05,2025-01-11
876,366,delivered,314 Brown Isle Apt. 295,Lake Jay,Kenya,2024-11-12,2024-11-15,2024-11-16
877,320,confirmed,2575 Yates Circles,West Alexland,United Arab Emirates,2024-07-24,,
878,14,confirmed,595 Matthew Shore,Jenniferside,Uruguay,2024-09-23,,
879,498,delivered,7478 Jennifer Meadows,North Jorge,Ireland,2025-05-12,2025-05-13,2025-05-19
880,67,shipped,809 Schultz Flat Apt. 110,Christinafort,Afghanistan,2023-11-03,2023-11-04,
881,124,delivered,429 Rodney Mount,Andrewtown,Tuvalu,2025-10-07,2025-10-11,2025-10-17
882,204,delivered,13335 Ross Mount,Carterburgh,San Marino,2023-11-22,2023-11-26,2023-12-02
883,283,shipped,3642 Matthew Via,Port Tom,Ecuador,2025-03-03,2025-03-06,
884,158,delivered,5692 Derrick Camp,Hernandezhaven,Djibouti,2024-05-12,2024-05-16,2024-05-21
885,345,delivered,035 Samuel Prairie,Millerburgh,Zimbabwe,2025-04-12,2025-04-15,2025-04-21
886,68,delivered,788 Robert Manor Suite 898,Adamstad,Mozambique,2025-10-14,2025-10-17,2025-10-24
887,308,confirmed,3786 Watson Place,West Royborough,Mali,2024-08-17,,
888,83,delivered,723 Rodriguez Way Suite 499,Geoffreyfort,Zambia,2025-08-26,2025-08-30,2025-09-04
889,155,shipped,7071 Tran Roads,West Courtney,Afghanistan,2025-06-14,2025-06-17,
890,420,delivered,201 Kathryn Inlet Apt. 216,Port Samanthaberg,Zambia,2024-05-24,2024-05-28,2024-06-01
891,206,confirmed,05971 Lee Extensions,New Johnport,Azerbaijan,2023-11-01,,
892,398,delivered,132 Carter Lakes Apt. 806,Ochoahaven,Egypt,2025-03-21,2025-03-22,2025-03-26
893,106,shipped,468 Hannah Via Suite 052,Lake Johnmouth,Turks and Caicos Islands,2025-09-06,2025-09-11,
894,241,confirmed,0589 Porter Via,Shaneton,Russian Federation,2024-07-24,,
895,334,shipped,4408 Smith Fields Apt. 617,Lake Kellyshire,Tonga,2024-06-30,2024-07-05,
896,254,delivered,92059 Bailey Trafficway Suite 818,North Robert,Hong Kong,2024-03-24,2024-03-25,2024-03-28
897,218,delivered,1857 Johnny Circle,Simpsonmouth,Syrian Arab Republic,2023-11-22,2023-11-24,2023-12-01
898,341,confirmed,631 Bolton Field,Lake Natasha,Madagascar,2024-06-08,,
899,89,delivered,2540 Nicholas Junction Suite 648,Smithport,United States Minor Outlying Islands,2024-11-06,2024-11-07,2024-11-10
900,233,delivered,983 Roy Rue Suite 175,Port Rebecca,Panama,2025-01-11,2025-01-13,2025-01-19
901,96,delivered,0339 Garcia Village,Lake Jesuston,Guyana,2024-08-26,2024-08-29,2024-09-02
902,325,delivered,79651 Bell Lodge,Anitaburgh,Oman,2025-11-28,2025-11-29,2025-12-05
903,40,pending,98840 Ariana Lock,Port Cynthiaton,Israel,2024-03-03,,
904,265,delivered,997 Anderson Well,Lake Michellefort,Tajikistan,2025-12-25,2025-12-30,2026-01-05
905,4,delivered,6270 Anne Plaza,Morrisshire,Serbia,2024-06-23,2024-06-28,2024-07-02
906,300,delivered,7455 Young Springs Apt. 761,Thomasmouth,Guernsey,2025-04-14,2025-04-16,2025-04-18
907,82,delivered,5760 Paul Causeway Apt. 255,Deniseburgh,Saint Barthelemy,2022-09-20,2022-09-24,2022-09-28
908,151,confirmed,15060 William Manors,Port Randall,Greece,2024-11-09,,
909,255,delivered,9582 Cody Locks,North Allison,Namibia,2024-08-09,2024-08-14,2024-08-16
910,73,delivered,786 Cindy Trace,Lake Jeffreyshire,Cyprus,2023-10-19,2023-10-23,2023-10-29
911,85,delivered,204 Scott Point,North Kristen,Svalbard & Jan Mayen Islands,2023-09-24,2023-09-29,2023-10-06
912,483,shipped,9002 Michael Row Apt. 011,Rossburgh,Swaziland,2024-12-24,2024-12-28,
913,356,shipped,86512 Cruz Loop,Walterborough,Belarus,2024-09-23,2024-09-26,
914,190,delivered,8152 Stevens Prairie,Elizabethburgh,Chile,2025-07-04,2025-07-09,2025-07-16
915,171,delivered,992 Bradshaw Flat,South Karenbury,Western Sahara,2025-02-04,2025-02-06,2025-02-13
916,255,delivered,18026 Cortez Forest Suite 924,Allenfort,Turkmenistan,2025-01-17,2025-01-20,2025-01-26
917,199,confirmed,1679 Dawn Parks,West Cynthia,Aruba,2024-10-14,,
918,404,delivered,81646 Natasha Village,South Amy,Nigeria,2024-05-22,2024-05-25,2024-05-31
919,466,delivered,9488 Sandra Flats Suite 599,West Ashleyborough,Madagascar,2025-02-06,2025-02-11,2025-02-16
920,135,delivered,29355 Guzman Hills,East Annaport,Fiji,2025-12-09,2025-12-13,2025-12-20
921,404,delivered,05341 Foley Prairie,West Stanley,Saint Vincent and the Grenadines,2025-05-11,2025-05-14,2025-05-20
922,162,delivered,9939 Jeffrey Tunnel,Marksfort,South Georgia and the South Sandwich Islands,2023-04-16,2023-04-17,2023-04-23
923,43,cancelled,3704 Thomas Union,Lake Thomashaven,Portugal,2025-09-29,,
924,107,delivered,6325 Ashley Villages,Port Morganview,Norfolk Island,2023-10-21,2023-10-26,2023-11-01
925,345,confirmed,90448 Wilson Roads,Lake Samuel,Monaco,2024-12-19,,
926,338,delivered,63615 Morgan Manor Suite 352,Hicksport,Cuba,2023-07-02,2023-07-03,2023-07-05
927,413,returned,05601 Kaiser Mission,Port Paul,Cote d'Ivoire,2025-04-25,2025-04-30,2025-05-01
928,342,delivered,9925 Carpenter Square Suite 561,Lake Evelyn,United Arab Emirates,2025-04-11,2025-04-16,2025-04-22
929,343,delivered,188 Raymond Forge,Cummingsbury,Colombia,2025-11-29,2025-11-30,2025-12-01
930,55,delivered,76849 Savannah Crossing,Smithview,Slovenia,2025-12-09,2025-12-12,2025-12-16
931,491,delivered,907 Fisher Mission,Lindseymouth,Costa Rica,2025-08-27,2025-09-01,2025-09-06
932,22,cancelled,75585 Glover View,Janetfort,New Caledonia,2024-01-03,,
933,64,returned,704 Renee Crest Apt. 238,Cynthiamouth,Kyrgyz Republic,2025-07-29,2025-08-03,2025-08-06
934,393,cancelled,89968 Hatfield Green Suite 129,West Christopherport,Mali,2024-01-26,,
935,362,cancelled,86532 Richard Skyway Apt. 118,Christophershire,Congo,2024-06-26,,
936,384,delivered,2993 Reed Lights,Phillipsport,Nepal,2025-01-31,2025-02-01,2025-02-08
937,386,delivered,12738 Terry Parkway,Lake Kathymouth,Iran,2025-07-05,2025-07-09,2025-07-16
938,238,cancelled,693 Johnson Viaduct,Erinborough,Jordan,2025-12-30,,
939,188,delivered,609 Paige Fields,North Patricia,Malawi,2025-12-11,2025-12-16,2025-12-22
940,66,shipped,710 Latasha Dale Apt. 454,West Dannyburgh,Pitcairn Islands,2025-03-21,2025-03-22,
941,203,delivered,5278 Andrea Ridge,Millerstad,Iran,2024-04-19,2024-04-20,2024-04-25
942,182,pending,583 Michael Village,Matthewland,Hungary,2025-05-06,,
943,471,delivered,7583 Ann Meadows,Johnsonton,Andorra,2025-09-10,2025-09-13,2025-09-18
944,482,delivered,2008 Thomas Rest Apt. 705,Masonville,French Southern Territories,2025-10-05,2025-10-09,2025-10-10
945,192,returned,9732 Hannah Run,East Brianberg,Finland,2024-09-05,2024-09-10,2024-09-17
946,196,delivered,548 Raven Throughway Suite 962,Westport,India,2025-12-02,2025-12-03,2025-12-07
947,17,delivered,1634 Marshall Square Suite 430,South Christinafurt,Guyana,2025-06-21,2025-06-24,2025-06-25
948,472,delivered,685 Rodriguez Alley,Taratown,Antigua and Barbuda,2025-08-25,2025-08-29,2025-09-01
949,123,delivered,34399 Dwayne Mews,South Oscarborough,Liechtenstein,2025-07-19,2025-07-21,2025-07-25
950,375,delivered,9259 John Rue Suite 352,Port Johnside,Austria,2025-07-07,2025-07-08,2025-07-15
951,379,delivered,276 Daniel Estates Suite 488,Christopherside,Czech Republic,2025-05-18,2025-05-21,2025-05-28
952,290,delivered,1162 Guerrero Greens,Bondmouth,Isle of Man,2025-12-17,2025-12-18,2025-12-22
953,422,delivered,5656 Dana Estate,South Alicia,Libyan Arab Jamahiriya,2025-05-10,2025-05-12,2025-05-15
954,450,delivered,42153 Robin Prairie Suite 668,Kylehaven,Equatorial Guinea,2025-03-05,2025-03-09,2025-03-13
955,218,delivered,4427 Brandon Curve,Haynesmouth,Egypt,2023-06-16,2023-06-20,2023-06-25
956,299,confirmed,6467 Sims Brook Suite 585,Michaelville,Cameroon,2024-04-12,,
957,482,shipped,24333 Myers Locks Apt. 196,Melissafurt,Cameroon,2025-10-01,2025-10-04,
958,176,returned,7680 Edwards Cliff,Lake Benjaminton,Monaco,2023-07-03,2023-07-05,2023-07-09
959,491,delivered,02219 Sarah Dam,Lake Jacobberg,Faroe Islands,2025-09-25,2025-09-29,2025-09-30
960,100,shipped,21070 James Ways Suite 509,Burgessport,Cook Islands,2025-07-08,2025-07-09,
961,113,cancelled,26922 Ray Overpass,North Anitabury,Somalia,2025-09-07,,
962,138,cancelled,30143 Jamie Streets,Lake Marktown,Barbados,2023-06-25,,
963,136,delivered,6823 Mccarthy Via,Priceton,Paraguay,2025-06-06,2025-06-09,2025-06-16
964,252,delivered,790 Moore Islands Suite 466,Lake Kelsey,Guyana,2025-12-19,2025-12-22,2025-12-28
965,319,delivered,070 Matthew Canyon Suite 546,Kelseyborough,Liberia,2025-11-28,2025-12-02,2025-12-07
966,409,shipped,016 Julie Lock Suite 382,Robertsport,Ukraine,2024-01-05,2024-01-08,
967,311,delivered,6621 Lyons Walk,Lake Chris,United Arab Emirates,2025-07-02,2025-07-06,2025-07-09
968,208,shipped,309 Graham Crossroad Apt. 217,New Michael,Latvia,2025-12-13,2025-12-18,
969,339,shipped,0414 Kenneth Mews Apt. 342,North Justinstad,Anguilla,2025-10-16,2025-10-19,
970,444,cancelled,2031 Holt Hills Apt. 968,Kristichester,Palau,2025-08-14,,
971,207,confirmed,8853 Derek Underpass,Port Carlos,United States Virgin Islands,2024-06-23,,
972,267,delivered,763 Bush Locks,East Valerie,Macao,2025-12-25,2025-12-30,2026-01-03
973,237,delivered,096 Prince Vista,Port Christopher,French Guiana,2025-11-10,2025-11-13,2025-11-18
974,253,cancelled,1060 Suzanne Turnpike,North Emilyview,Israel,2025-01-27,,
975,59,delivered,49636 Bell Island Apt. 377,New Jacob,Mexico,2025-06-06,2025-06-11,2025-06-18
976,412,delivered,54433 Kenneth Glen Suite 696,New Tammy,Libyan Arab Jamahiriya,2025-07-03,2025-07-07,2025-07-09
977,361,delivered,5460 John Vista,Averyburgh,Benin,2025-11-22,2025-11-27,2025-11-30
978,489,cancelled,127 Osborn Port Suite 783,Jacobland,Somalia,2025-09-14,,
979,424,delivered,92008 Hannah Prairie,Jerryfort,El Salvador,2025-09-20,2025-09-24,2025-09-27
980,277,delivered,3647 Guerrero Freeway Apt. 284,West Paulafort,Pakistan,2025-11-17,2025-11-20,2025-11-23
981,60,delivered,8833 Kim Valley,Davidshire,Cuba,2025-09-17,2025-09-22,2025-09-24
982,181,delivered,70307 Nicholas Rapids,North Christopher,Lebanon,2024-06-24,2024-06-27,2024-06-29
983,429,delivered,8717 Jeremiah Hollow,Thomasland,Cuba,2025-12-08,2025-12-13,2025-12-17
984,234,delivered,87691 Mikayla Creek,Jordanton,Albania,2025-11-28,2025-12-01,2025-12-02
985,305,delivered,2971 Allison Shoal Apt. 203,West Andrew,Denmark,2025-12-25,2025-12-26,2026-01-02
986,37,delivered,2041 Lewis Run Suite 486,Delgadomouth,Tuvalu,2024-03-26,2024-03-30,2024-04-02
987,50,delivered,27427 Renee Fort Apt. 557,North Pamela,Sweden,2025-01-21,2025-01-24,2025-01-27
988,19,delivered,223 Christina Streets Apt. 409,North Cheryl,United Arab Emirates,2024-04-26,2024-05-01,2024-05-06
989,108,delivered,55572 York Branch,Brownton,United Arab Emirates,2024-04-13,2024-04-18,2024-04-22
990,309,delivered,2312 Rich Valley,Susanmouth,Haiti,2024-04-22,2024-04-23,2024-04-30
991,111,delivered,42966 Roberts Heights Apt. 342,Osborneborough,Reunion,2022-10-31,2022-11-05,2022-11-06
992,310,cancelled,1302 Allen Crossroad,South Josephview,Lao People's Democratic Republic,2024-05-05,,
993,256,delivered,7436 Beard Pass Apt. 127,New Sarah,Marshall Islands,2023-08-01,2023-08-05,2023-08-10
994,65,delivered,12628 Elliott Mission Suite 456,Roberttown,Venezuela,2025-07-22,2025-07-27,2025-08-03
995,136,delivered,39280 Morgan Square,West Zacharyview,Saint Vincent and the Grenadines,2024-10-22,2024-10-27,2024-11-02
996,399,delivered,44310 Gomez Ville,New Micheal,Ghana,2022-06-01,2022-06-02,2022-06-05
997,67,delivered,415 Misty Flats Apt. 670,East Karenshire,Cocos (Keeling) Islands,2024-06-10,2024-06-14,2024-06-20
998,223,delivered,45238 Hughes Key,Stevenborough,Jamaica,2025-08-25,2025-08-27,2025-09-01
999,196,delivered,68649 Lam River,New Michelle,Swaziland,2025-12-11,2025-12-14,2025-12-17
1000,320,delivered,185 White Extensions,Deleonport,Montenegro,2025-09-05,2025-09-08,2025-09-11
1001,478,delivered,724 Richardson Burg,South Jasonhaven,Germany,2024-01-11,2024-01-14,2024-01-15
1002,217,delivered,907 Cheyenne Row Suite 310,Kathleenberg,South Africa,2025-08-28,2025-08-31,2025-09-03
1003,178,pending,6207 Gonzalez Via Apt. 922,Deannamouth,Ukraine,2024-05-23,,
1004,266,delivered,5814 Clark Rue,West Kevinbury,Heard Island and McDonald Islands,2025-12-22,2025-12-26,2025-12-29
1005,356,confirmed,405 Alvarado Ridges,Crystalmouth,Marshall Islands,2024-08-14,,
1006,213,delivered,18657 Adrian Lock Apt. 064,Lake Garrett,United Arab Emirates,2023-12-15,2023-12-19,2023-12-21
1007,140,shipped,3408 Terri Stream,East Patrick,Cocos (Keeling) Islands,2024-05-09,2024-05-12,
1008,265,delivered,24341 Tammy Knoll,New Candiceside,Pakistan,2025-12-20,2025-12-23,2025-12-25
1009,285,pending,7862 Diana Terrace Suite 778,Stephanieton,Jersey,2024-03-15,,
1010,165,confirmed,494 Garcia Station Apt. 850,Williamsbury,Russian Federation,2025-07-18,,
1011,116,shipped,59041 Green Path,Johnview,Argentina,2025-09-20,2025-09-23,
1012,142,delivered,23160 William Heights Suite 518,North Alexander,Monaco,2025-12-03,2025-12-08,2025-12-11
1013,274,delivered,892 Monique Crescent Suite 030,Westfort,Cyprus,2024-08-20,2024-08-22,2024-08-24
1014,399,confirmed,871 Austin Fall,Williamsville,Costa Rica,2022-08-03,,
1015,498,delivered,55471 Anna Lodge,New Jacob,Dominica,2025-08-22,2025-08-27,2025-08-28
1016,451,delivered,907 Gregg Forest,Santoschester,Burundi,2025-06-18,2025-06-23,2025-06-25
1017,314,confirmed,547 Connie Glen Suite 285,Larryborough,Sao Tome and Principe,2025-11-19,,
1018,170,cancelled,603 Kristin Corners Apt. 238,South Stephanie,Liberia,2025-06-04,,
1019,433,pending,3048 Ashley Trail Suite 908,Lake Dakotaland,Austria,2024-02-20,,
1020,301,delivered,801 Kyle Prairie,Burnsbury,South Georgia and the South Sandwich Islands,2023-08-17,2023-08-22,2023-08-27
1021,207,delivered,64623 Coleman Ports,Aaronbury,Tonga,2023-11-24,2023-11-26,2023-11-27
1022,267,delivered,269 Thomas Green,Murrayside,Monaco,2024-08-05,2024-08-07,2024-08-10
1023,224,delivered,70671 Blair Rue Suite 028,Harrisfurt,French Guiana,2025-09-23,2025-09-28,2025-10-01
1024,123,delivered,13950 Marcus Roads Suite 584,North Duane,El Salvador,2023-11-01,2023-11-06,2023-11-07
1025,160,delivered,6697 Patel Street Suite 229,West Bryan,Cocos (Keeling) Islands,2025-09-02,2025-09-05,2025-09-07
1026,130,shipped,528 Katrina Plain,Jefferyhaven,Iran,2024-05-02,2024-05-05,
1027,290,delivered,88419 Hart Street,East Gail,Taiwan,2025-06-21,2025-06-23,2025-06-30
1028,211,delivered,3953 Oconnell Via Apt. 260,Victoriabury,Thailand,2024-08-15,2024-08-17,2024-08-19
1029,49,delivered,1303 Walters Burg,Crystalberg,Solomon Islands,2024-06-28,2024-07-03,2024-07-05
1030,386,delivered,135 Noble Mall Apt. 659,Jefffurt,Marshall Islands,2023-09-18,2023-09-22,2023-09-25
1031,405,pending,1153 Bell Hollow,New Robertfort,Costa Rica,2024-12-25,,
1032,399,confirmed,209 Brenda Ridge Suite 854,Jameschester,Mozambique,2022-12-02,,
1033,318,returned,543 Melissa Plains Suite 623,East Cassandra,Ecuador,2025-12-25,2025-12-29,2025-12-31
1034,106,delivered,6222 Christine Drives,West Toddmouth,Western Sahara,2025-04-18,2025-04-19,2025-04-22
1035,457,confirmed,863 Tammy Rue Apt. 810,Sandraside,Afghanistan,2025-11-07,,
1036,356,shipped,954 Ross Islands,North Wanda,American Samoa,2024-03-10,2024-03-11,
1037,283,shipped,799 Marcus Common,Bishopborough,Libyan Arab Jamahiriya,2024-09-02,2024-09-07,
1038,417,delivered,7359 Cross Viaduct,New Meredith,Mali,2025-09-24,2025-09-28,2025-10-03
1039,202,delivered,886 Meghan Isle,Lindseychester,Tuvalu,2025-06-06,2025-06-09,2025-06-12
1040,407,delivered,8528 Christopher Mountain Apt. 517,Collinsland,Liechtenstein,2025-08-11,2025-08-13,2025-08-17
1041,194,delivered,01984 Washington Hills,East Amyberg,Kuwait,2025-03-26,2025-03-30,2025-04-04
1042,48,delivered,788 Levine Forge Apt. 554,Wrightbury,Kiribati,2022-12-06,2022-12-11,2022-12-15
1043,430,cancelled,880 Alexander Ports Suite 795,Lake Carolbury,New Zealand,2023-02-25,,
1044,28,delivered,46217 Mcgee Pines,Kochtown,Cuba,2024-03-19,2024-03-20,2024-03-23
1045,27,returned,7216 Wolf Ports,Lake Tiffanymouth,New Caledonia,2024-03-01,2024-03-03,2024-03-05
1046,165,delivered,70733 Owen Extension Suite 539,Staceyside,Greenland,2025-06-14,2025-06-15,2025-06-17
1047,409,delivered,842 Garcia Harbor,Christinamouth,Nauru,2023-06-04,2023-06-08,2023-06-13
1048,231,delivered,33043 Kelly Ramp Apt. 825,South Danielle,Togo,2023-07-15,2023-07-19,2023-07-21
1049,310,delivered,9671 Nathan Row Suite 504,East Nathanielfort,Korea,2025-09-22,2025-09-26,2025-09-30
1050,179,delivered,0786 Guzman Neck,South Thomasland,Jordan,2024-08-12,2024-08-17,2024-08-18
1051,177,cancelled,5371 Johnson Fields Suite 870,West Brianburgh,Benin,2025-08-11,,
1052,26,pending,7088 Herring Forks Apt. 569,Lake Johntown,Albania,2025-09-06,,
1053,28,pending,978 Travis Points,Port Derrickside,Dominica,2023-09-18,,
1054,422,delivered,37603 Smith Turnpike,Jeffreymouth,France,2025-03-06,2025-03-08,2025-03-09
1055,437,delivered,015 Cunningham Mill Suite 424,Mackenziestad,Bangladesh,2024-05-29,2024-05-31,2024-06-02
1056,426,delivered,88279 Robert Mountains,Wrightton,Djibouti,2022-11-22,2022-11-26,2022-11-28
1057,333,delivered,0791 Dougherty Rapid Suite 768,Meganberg,Puerto Rico,2025-09-19,2025-09-24,2025-09-28
1058,240,pending,325 Spencer Valley,Thomasfort,Svalbard & Jan Mayen Islands,2025-12-01,,
1059,239,returned,42728 Kim Skyway,Angelamouth,San Marino,2025-06-13,2025-06-18,2025-06-24
1060,253,confirmed,3699 Jason Junction Apt. 088,Lynchfurt,Liechtenstein,2024-08-05,,
1061,313,delivered,2877 Gary Road,Rebeccastad,Cook Islands,2025-12-27,2025-12-31,2026-01-05
1062,123,confirmed,782 Angela Oval,Jasonmouth,Poland,2025-03-05,,
1063,162,pending,75738 Jennifer Cliff,Adrianshire,El Salvador,2025-05-25,,
1064,126,returned,34679 Hensley Forges,Adriennehaven,Costa Rica,2023-07-25,2023-07-30,2023-07-31
1065,110,delivered,197 Wayne Branch,West Gregorymouth,Seychelles,2025-08-26,2025-08-28,2025-09-01
1066,225,delivered,94100 Rebecca Isle Suite 358,West Jean,Belize,2025-11-17,2025-11-19,2025-11-21
1067,408,delivered,865 Acosta Isle Apt. 780,Joshuaburgh,Bulgaria,2025-12-21,2025-12-26,2025-12-28
1068,31,delivered,19520 Wang Fields,South William,Panama,2024-08-16,2024-08-18,2024-08-20
1069,3,shipped,051 Stuart Burgs,Grayside,Guam,2025-09-07,2025-09-09,
1070,96,delivered,68970 Chavez Course,South Randall,Dominica,2024-11-11,2024-11-14,2024-11-18
1071,75,pending,927 Powell Vista Apt. 585,Tashaview,Tonga,2025-09-18,,
1072,391,delivered,356 Jensen Prairie,Laurenhaven,Niger,2025-01-30,2025-02-01,2025-02-03
1073,10,pending,148 Frye Shoal,South Kayla,Mauritius,2025-02-03,,
1074,308,delivered,62339 Alicia Stravenue,Wallaceside,Poland,2025-11-02,2025-11-07,2025-11-14
1075,95,confirmed,2875 Taylor Points Suite 865,Lake Joannamouth,Bermuda,2023-06-03,,
1076,123,shipped,523 Henry Locks,Johnland,Montenegro,2023-09-06,2023-09-11,
1077,36,delivered,4616 Roberts Wells,Nelsonton,Gabon,2024-02-18,2024-02-23,2024-02-25
1078,140,shipped,38332 Edwards Harbor,Hartmanbury,Solomon Islands,2023-08-26,2023-08-29,
1079,116,confirmed,55194 Harrison Camp,North Ashley,Cook Islands,2024-07-29,,
1080,344,delivered,83409 Cortez Courts Apt. 172,North Larry,Mozambique,2024-09-17,2024-09-20,2024-09-23
1081,55,delivered,098 Jennifer Land Apt. 049,New Jennifer,Cuba,2024-08-11,2024-08-12,2024-08-16
1082,403,pending,4568 Wilcox Fort Suite 493,Torresburgh,Japan,2025-12-11,,
1083,392,confirmed,08152 Michael Street,Matthewview,Saint Vincent and the Grenadines,2025-10-02,,
1084,183,returned,1881 Foster Manors Suite 458,Port Richard,Oman,2025-11-06,2025-11-11,2025-11-18
1085,99,shipped,85485 Stephanie Locks,North Ashley,Brazil,2025-07-15,2025-07-19,
1086,369,confirmed,160 Peterson Path Apt. 168,Colemanberg,Nepal,2025-08-25,,
1087,407,delivered,55782 Robin Ranch Apt. 386,Mariahaven,Malaysia,2025-10-07,2025-10-11,2025-10-16
1088,32,delivered,5357 Zachary Land Suite 942,Brownberg,Lebanon,2024-06-27,2024-06-30,2024-07-07
1089,12,returned,7473 Deborah Manors,New Justinfort,Netherlands,2025-08-09,2025-08-13,2025-08-17
1090,156,delivered,693 Janice Ways,Lopezside,Seychelles,2025-04-13,2025-04-14,2025-04-16
1091,96,delivered,6241 Kimberly Shoal Apt. 785,New Tonya,Romania,2024-09-27,2024-09-30,2024-10-04
1092,461,returned,4068 Cummings Crescent,South Troyfurt,Djibouti,2025-12-17,2025-12-18,2025-12-21
1093,267,delivered,57224 Green Keys Suite 373,Freemanborough,Mauritania,2025-03-26,2025-03-29,2025-04-02
1094,103,delivered,94415 Ramos Passage,New Alec,Albania,2025-01-14,2025-01-16,2025-01-21
1095,129,cancelled,16453 Page Plain,North Benjamin,Zambia,2025-12-22,,
1096,73,delivered,812 James Divide,Christopherfurt,Wallis and Futuna,2022-12-21,2022-12-23,2022-12-29
1097,302,shipped,924 Jennifer Cliffs,West Gregory,France,2024-10-25,2024-10-30,
1098,103,confirmed,97755 Frank Mountains Apt. 671,Carlshire,Bhutan,2025-05-03,,
1099,44,delivered,504 Mckay Place Apt. 059,North Vanessa,Saint Lucia,2025-09-23,2025-09-24,2025-09-27
1100,427,delivered,719 Raymond Mountains Apt. 759,Port Jacobmouth,Poland,2024-01-09,2024-01-13,2024-01-15
1101,482,delivered,272 Arnold Run,Schultzstad,Palestinian Territory,2025-09-15,2025-09-20,2025-09-24
1102,1,confirmed,3055 Luis Views,North Davidview,Pitcairn Islands,2024-10-14,,
1103,484,delivered,976 Lori Turnpike,New Paul,South Africa,2025-08-08,2025-08-12,2025-08-19
1104,265,delivered,702 Mark Stream Suite 945,North Erik,Montserrat,2025-12-19,2025-12-21,2025-12-22
1105,496,confirmed,718 James Drives Apt. 024,East Brandon,Cape Verde,2025-12-20,,
1106,324,shipped,9552 Brian Burg,South Kathryn,Mayotte,2023-10-08,2023-10-13,
1107,356,shipped,655 Travis Valley,East Lorettabury,India,2025-03-04,2025-03-06,
1108,356,delivered,11914 James Extension Suite 894,Caitlinchester,Turkmenistan,2024-05-03,2024-05-08,2024-05-14
1109,484,delivered,6548 Robinson Forge,West Thomas,Saint Barthelemy,2024-01-31,2024-02-01,2024-02-05
1110,290,delivered,26207 Harold View,West Brian,Tajikistan,2025-09-18,2025-09-22,2025-09-28
1111,182,shipped,00256 Gross Radial,Buchananborough,Brazil,2025-05-13,2025-05-16,
1112,36,delivered,92179 Joseph Villages Apt. 386,Meghanview,Uzbekistan,2024-09-30,2024-10-02,2024-10-04
1113,129,pending,0405 Kelly Wall,Johnsonland,Dominican Republic,2024-08-09,,
1114,423,delivered,5558 Scott Corner,Brianfort,Singapore,2025-11-14,2025-11-15,2025-11-17
1115,76,confirmed,52318 Tapia Cape,Thomasfort,British Indian Ocean Territory (Chagos Archipelago),2025-11-09,,
1116,184,delivered,571 Angela Pines Apt. 395,Farmerfort,Haiti,2024-11-06,2024-11-08,2024-11-12
1117,292,returned,9193 Sean Overpass,Maldonadoshire,Puerto Rico,2025-11-21,2025-11-22,2025-11-25
1118,75,shipped,45859 Pruitt Spur Apt. 456,Erictown,Timor-Leste,2025-04-17,2025-04-21,
1119,392,delivered,123 Greene Viaduct Suite 065,Port Brittany,Liechtenstein,2025-03-26,2025-03-30,2025-04-02
1120,362,delivered,1059 Rodriguez Causeway Apt. 884,Port Robinville,Bolivia,2025-09-21,2025-09-22,2025-09-29
1121,273,cancelled,526 Patricia Route,Martinfort,Reunion,2024-04-12,,
1122,257,cancelled,222 Case Park,Port Melindabury,Puerto Rico,2025-11-11,,
1123,257,delivered,6358 Soto Orchard,Gloverborough,Iraq,2024-01-17,2024-01-22,2024-01-23
1124,285,delivered,8550 Jeffery Cliffs Apt. 120,Evansfort,Luxembourg,2024-03-19,2024-03-20,2024-03-22
1125,325,pending,37748 Sara Terrace Suite 314,West Jeremy,Bangladesh,2025-10-28,,
1126,342,returned,085 Reed Plaza Suite 883,Mackville,Cocos (Keeling) Islands,2024-10-22,2024-10-27,2024-10-30
1127,335,delivered,4890 Mark Freeway Suite 197,West Cody,Tunisia,2024-06-24,2024-06-26,2024-07-01
1128,101,pending,6910 Duke Meadow Apt. 889,North Gregory,Holy See (Vatican City State),2025-12-24,,
1129,285,confirmed,429 Amanda Mountains,New William,Timor-Leste,2024-08-16,,
1130,187,delivered,86784 Murray Ports Suite 569,North Michaelland,Argentina,2025-10-20,2025-10-23,2025-10-28
1131,268,delivered,31734 Walker Highway,North Todd,Czech Republic,2025-06-17,2025-06-22,2025-06-23
1132,371,cancelled,62969 James Mission Suite 304,East Mary,Bosnia and Herzegovina,2023-04-14,,
1133,419,confirmed,1625 Montgomery Squares Suite 831,Lake Anthony,Kuwait,2024-09-16,,
1134,207,confirmed,81018 Lee Estates Apt. 477,Castanedaburgh,Seychelles,2025-09-14,,
1135,408,delivered,53057 Lamb Mill,Stewarthaven,Singapore,2025-06-12,2025-06-14,2025-06-19
1136,47,delivered,926 Christopher Stravenue,Lake Mariamouth,Canada,2025-02-25,2025-02-28,2025-03-05
1137,454,pending,9846 Russell Rest Suite 931,Nicolemouth,Samoa,2024-10-02,,
1138,449,confirmed,76531 Lopez Park Apt. 446,Davidsonhaven,Ukraine,2025-07-04,,
1139,177,delivered,064 Joseph Drive Suite 166,Elizabethport,Denmark,2025-04-04,2025-04-08,2025-04-12
1140,121,pending,459 Conner Circles Apt. 883,Dominguezhaven,Philippines,2024-09-19,,
1141,156,delivered,1763 Paul Extensions,Kelliehaven,Liberia,2025-02-04,2025-02-06,2025-02-08
1142,152,delivered,244 Mejia Isle Apt. 369,Baileyfurt,Azerbaijan,2025-12-17,2025-12-19,2025-12-24
1143,99,delivered,7678 Kyle Wall,South Yesenia,Nigeria,2024-09-13,2024-09-14,2024-09-17
1144,59,delivered,87452 Victor Centers,Lynchbury,Yemen,2025-08-26,2025-08-31,2025-09-05
1145,160,shipped,586 Boyle Curve Apt. 592,Velezfort,Kyrgyz Republic,2025-11-19,2025-11-24,
1146,129,delivered,41578 Christopher Hill Apt. 160,South Brenda,Mexico,2025-04-24,2025-04-29,2025-05-06
1147,198,shipped,0046 Gonzalez Grove Suite 435,Dawnside,Ethiopia,2025-11-10,2025-11-12,
1148,489,delivered,6911 Suarez Groves,North Amber,Guadeloupe,2025-11-02,2025-11-04,2025-11-06
1149,462,cancelled,86517 Wanda Squares,Port Alanborough,Nicaragua,2025-11-02,,
1150,171,delivered,43153 Burnett Villages,Port Amy,Armenia,2024-01-13,2024-01-17,2024-01-24
1151,348,cancelled,409 Miller Causeway Apt. 000,North Dana,Armenia,2025-08-18,,
1152,261,delivered,0140 Christina Crossroad Apt. 412,Simsfort,Iraq,2025-11-24,2025-11-26,2025-11-27
1153,370,cancelled,33327 Hernandez Trace Suite 251,West Brian,San Marino,2025-06-17,,
1154,89,confirmed,253 Ray Fields,Lake Jessicaberg,Madagascar,2025-01-13,,
1155,431,delivered,8675 Greene Alley,Mooreton,United States Virgin Islands,2025-06-22,2025-06-26,2025-07-01
1156,92,delivered,48945 Decker Locks Suite 917,Williamsfort,Madagascar,2024-10-17,2024-10-18,2024-10-21
1157,476,delivered,42423 Hall Circles Apt. 660,Lake Jacob,Mauritania,2025-10-03,2025-10-06,2025-10-12
1158,445,delivered,47023 Lori Manors,Herringside,Sao Tome and Principe,2024-10-17,2024-10-22,2024-10-24
1159,262,delivered,417 Hoover Islands,Brooksville,Cuba,2025-06-11,2025-06-15,2025-06-17
1160,236,delivered,50050 Simmons Court,New Patrick,Cameroon,2024-05-24,2024-05-26,2024-06-01
1161,460,pending,524 Obrien Branch Suite 971,Melanieberg,Greenland,2025-10-28,,
1162,155,delivered,597 Scott Parkways,South Antonio,Somalia,2025-07-14,2025-07-18,2025-07-25
1163,461,delivered,04916 Thomas Junction,Shawnmouth,Angola,2023-11-03,2023-11-08,2023-11-15
1164,106,delivered,485 Webb Mountain Apt. 179,West Caitlintown,Ukraine,2025-09-22,2025-09-25,2025-10-02
1165,170,pending,64388 Sarah Junctions,Jeremyfurt,Costa Rica,2025-08-27,,
1166,397,delivered,127 Joseph Path,Masonbury,Cayman Islands,2025-12-09,2025-12-14,2025-12-16
1167,123,delivered,8134 Rebecca Mews,Hudsonshire,Guyana,2025-09-22,2025-09-23,2025-09-26
1168,131,delivered,751 Wallace View Apt. 400,North Michaelmouth,Aruba,2025-12-17,2025-12-22,2025-12-27
1169,175,shipped,1379 Richard Stravenue,Lake Gracehaven,Saudi Arabia,2025-10-09,2025-10-10,
1170,179,confirmed,026 Hopkins Road Suite 539,Amandachester,Malawi,2024-10-21,,
1171,139,delivered,10110 Diane Brooks Suite 778,South April,Mayotte,2025-03-01,2025-03-03,2025-03-06
1172,202,confirmed,867 Mason Motorway,Reyesport,Austria,2025-10-31,,
1173,210,pending,439 Zachary Plain,North Karachester,Algeria,2025-11-21,,
1174,434,returned,7282 Matthew Forks Suite 000,Davisfurt,Guernsey,2024-12-09,2024-12-11,2024-12-12
1175,475,delivered,18372 Eric Cape Apt. 922,North Brianstad,Italy,2024-07-19,2024-07-24,2024-07-31
1176,212,delivered,63266 Shawn Trail Suite 864,Joycemouth,Mayotte,2025-08-06,2025-08-08,2025-08-14
1177,186,cancelled,723 Jimmy Lodge,South Nicholasport,Kyrgyz Republic,2025-10-10,,
1178,72,returned,2427 Glass Estates,Michaelview,Maldives,2024-07-24,2024-07-25,2024-07-31
1179,306,pending,1219 Jones Club Suite 959,Pageview,Uruguay,2024-06-29,,
1180,379,delivered,327 Morgan Squares Suite 128,Port Erin,Korea,2024-06-01,2024-06-02,2024-06-03
1181,281,shipped,2876 Jarvis Ferry Apt. 605,Rebeccaville,Cote d'Ivoire,2025-09-20,2025-09-24,
1182,123,delivered,1173 Schwartz Mountains,Kaylaside,Guatemala,2023-05-09,2023-05-11,2023-05-18
1183,103,cancelled,84479 Jackson Inlet,Olsonstad,Aruba,2025-07-21,,
1184,184,delivered,5256 Garcia Rue Apt. 663,Lewisborough,Guam,2024-10-19,2024-10-21,2024-10-27
1185,394,cancelled,294 Gray View Apt. 733,New Cynthiashire,Faroe Islands,2025-06-30,,
1186,187,delivered,9498 Smith Falls,Walshhaven,United States Minor Outlying Islands,2025-05-21,2025-05-23,2025-05-25
1187,69,delivered,187 Kimberly Key Suite 456,Heatherview,Saint Kitts and Nevis,2025-03-28,2025-04-01,2025-04-07
1188,20,confirmed,3760 Savage Crossroad,Joneshaven,Malawi,2025-11-13,,
1189,267,delivered,58370 Jennifer Estate Suite 583,East Danielside,Nigeria,2024-07-06,2024-07-09,2024-07-10
1190,234,shipped,94502 Daniel Crossroad Suite 714,North Joshua,French Polynesia,2023-09-26,2023-09-27,
1191,204,delivered,965 Terry Green,Port Michelle,Greece,2025-01-04,2025-01-07,2025-01-12
1192,287,delivered,5706 Wheeler Meadow,South Lee,Serbia,2024-06-30,2024-07-02,2024-07-04
1193,260,delivered,569 Brian Via,Lake Emilymouth,Central African Republic,2025-02-02,2025-02-05,2025-02-06
1194,120,cancelled,5649 Clark Ferry,Lake Michelleport,Indonesia,2025-09-13,,
1195,27,delivered,30101 Glover Mountains Suite 145,Sellersside,Costa Rica,2023-07-21,2023-07-22,2023-07-26
1196,301,shipped,04263 Gallegos Expressway Suite 600,New Josephchester,Macao,2025-01-12,2025-01-15,
1197,372,delivered,236 Clark Terrace Suite 674,West Amanda,Jersey,2025-06-22,2025-06-27,2025-06-29
1198,126,delivered,0840 Collin Place,New Amanda,Ethiopia,2025-11-28,2025-12-02,2025-12-04
1199,286,delivered,59558 Grant Shores,East Cody,Malaysia,2024-06-10,2024-06-14,2024-06-17
1200,335,delivered,769 Michael Fork,Jimmystad,Vanuatu,2023-07-27,2023-07-28,2023-07-31
1201,435,delivered,392 Lewis Radial,Maynardton,Saint Barthelemy,2023-10-30,2023-11-03,2023-11-09
1202,393,delivered,8792 Ruben Orchard,East Timothyfurt,Papua New Guinea,2025-05-07,2025-05-09,2025-05-13
1203,299,shipped,829 Tanya Estates Apt. 624,South Cynthia,Vanuatu,2025-09-16,2025-09-18,
1204,13,delivered,980 Nicholas Trail,New Phyllis,South Africa,2023-02-18,2023-02-23,2023-02-25
1205,116,delivered,8313 Gabriel Wells,Port Sandra,Cape Verde,2024-01-14,2024-01-18,2024-01-21
1206,240,delivered,189 Rebecca Plaza,Barbarafurt,Italy,2025-12-01,2025-12-06,2025-12-09
1207,151,delivered,16705 Chavez Corner Suite 402,New Jacquelineland,Mexico,2024-11-25,2024-11-27,2024-12-01
1208,366,returned,552 Cohen Squares,Port Laura,Svalbard & Jan Mayen Islands,2025-05-13,2025-05-16,2025-05-21
1209,104,pending,116 Kevin Trafficway,Raymondburgh,San Marino,2025-09-23,,
1210,114,confirmed,4329 Pena Dam Apt. 577,Youngmouth,Monaco,2025-05-05,,
1211,289,returned,8244 Thomas Pass,Ryanview,Vietnam,2023-03-31,2023-04-03,2023-04-04
1212,49,delivered,2918 Ford Ville,South Jeffery,Belarus,2025-06-20,2025-06-25,2025-06-28
1213,253,delivered,3346 Charles Crossing,Lake Christiestad,Svalbard & Jan Mayen Islands,2024-05-21,2024-05-23,2024-05-24
1214,375,shipped,55246 Matthew View Apt. 387,West Jasonville,Brazil,2025-11-18,2025-11-23,
1215,292,delivered,775 Debbie Bypass,Hectorville,Mexico,2025-11-02,2025-11-03,2025-11-08
1216,48,pending,7291 Zhang Avenue Suite 074,Susanborough,Comoros,2022-12-29,,
1217,383,pending,6803 Douglas Forge,East Kristen,Morocco,2025-10-21,,
1218,320,delivered,268 Watson Turnpike Apt. 205,Lake Codyhaven,Reunion,2025-02-08,2025-02-09,2025-02-13
1219,449,delivered,557 Thomas Gardens Apt. 016,Grahammouth,Israel,2025-06-30,2025-07-04,2025-07-09
1220,456,confirmed,7525 Ryan Orchard,Jillside,French Polynesia,2025-05-06,,
1221,54,delivered,655 Marcus Mill Apt. 725,Brandonshire,Latvia,2023-02-03,2023-02-05,2023-02-06
1222,346,returned,92735 Juarez Harbor Apt. 448,West Sierra,Palestinian Territory,2024-07-29,2024-08-03,2024-08-07
1223,173,delivered,107 Jones Mill,North Rebeccatown,Algeria,2025-11-25,2025-11-26,2025-11-28
1224,471,cancelled,4937 Torres Hills,South Jacobshire,Croatia,2024-08-02,,
1225,333,pending,075 Holly Knolls Apt. 055,New Julie,El Salvador,2025-05-07,,
1226,240,delivered,29301 Watson Estate,North Danielburgh,Paraguay,2025-12-20,2025-12-24,2025-12-28
1227,406,delivered,78401 Williams Groves Apt. 807,East Maria,Peru,2025-02-11,2025-02-13,2025-02-17
1228,113,delivered,01466 Warner Turnpike Suite 091,North Derekside,Iran,2024-09-26,2024-09-30,2024-10-05
1229,390,shipped,60321 Dickson Harbors Apt. 183,Garyton,Niger,2025-07-07,2025-07-11,
1230,33,delivered,77455 Ross Station,Jessicastad,Armenia,2023-12-10,2023-12-15,2023-12-16
1231,455,delivered,6675 Christopher Lakes Apt. 109,Port Troytown,United Kingdom,2024-06-26,2024-06-28,2024-06-29
1232,129,confirmed,09793 Turner Street,Port Anne,Somalia,2024-02-18,,
1233,462,shipped,0449 Adams Via,Terryshire,Northern Mariana Islands,2025-10-23,2025-10-28,
1234,68,delivered,4535 Randy Wells,North Williamburgh,Palestinian Territory,2025-02-18,2025-02-20,2025-02-27
1235,165,shipped,677 Steven Loop Suite 666,Smithville,Uzbekistan,2025-10-12,2025-10-15,
1236,286,shipped,59945 Marshall Pines Suite 962,Rossmouth,Gibraltar,2025-04-28,2025-04-29,
1237,309,delivered,88415 Davis Skyway Apt. 295,North Lisaview,Burundi,2025-08-05,2025-08-10,2025-08-17
1238,114,shipped,449 Gomez Port,East Richard,Montenegro,2025-12-11,2025-12-13,
1239,310,delivered,215 Delacruz Green,Petersonfurt,Turkmenistan,2024-08-11,2024-08-12,2024-08-16
1240,116,confirmed,15949 Cline Corners,North Kyle,United Kingdom,2025-12-08,,
1241,137,delivered,854 Graham Inlet Suite 014,Marshallfurt,Congo,2025-12-16,2025-12-20,2025-12-22
1242,448,returned,6997 Baker Parks Apt. 024,South Stephanie,Eritrea,2025-10-18,2025-10-22,2025-10-25
1243,180,delivered,3646 Carlson Meadow Suite 435,Barnesfurt,Benin,2025-07-06,2025-07-08,2025-07-14
1244,292,delivered,019 Cheryl Path Suite 251,South Allisonville,Nauru,2025-12-02,2025-12-06,2025-12-07
1245,222,delivered,0118 Anderson Valleys Suite 708,East Michaelmouth,Montserrat,2025-12-24,2025-12-27,2026-01-01
1246,177,delivered,4647 Bennett Station Suite 757,South Donald,Puerto Rico,2024-10-29,2024-10-30,2024-10-31
1247,464,confirmed,04151 Daniel Vista,East Kimberlychester,Iraq,2023-08-19,,
1248,490,shipped,01571 Arnold Station Suite 565,Gonzaleshaven,Lesotho,2025-06-20,2025-06-25,
1249,381,confirmed,07539 Miller Parks Apt. 442,Ryanborough,Bahamas,2025-07-15,,
1250,396,delivered,0357 Timothy Hill,East Karenhaven,Saint Barthelemy,2024-02-20,2024-02-21,2024-02-27
1251,104,shipped,0985 Clarke Loop Apt. 379,Calebview,Croatia,2023-01-05,2023-01-10,
1252,366,returned,368 Felicia Village,North Kellishire,Pitcairn Islands,2023-09-12,2023-09-13,2023-09-20
1253,77,shipped,66511 Yoder Ports,Angelaville,Belarus,2025-12-23,2025-12-26,
1254,80,pending,196 Robert Forge Suite 142,Ayalashire,Israel,2025-03-03,,
1255,85,confirmed,273 Brandy Street Suite 953,West Janice,Tajikistan,2024-11-10,,
1256,238,pending,38175 Juan Garden Apt. 757,Farmerfort,Reunion,2025-12-28,,
1257,367,delivered,3193 Jessica Island Apt. 529,Lake Justinberg,Congo,2025-12-08,2025-12-09,2025-12-13
1258,277,delivered,411 Tucker Bypass,Theresashire,Macao,2023-11-07,2023-11-11,2023-11-16
1259,304,confirmed,0618 Burns Crest Suite 831,West Josephville,Estonia,2025-12-11,,
1260,405,cancelled,695 Doris Junction,Kristenshire,Latvia,2025-05-31,,
1261,370,confirmed,90359 Sylvia Ferry,Port Raymondtown,Christmas Island,2025-04-14,,
1262,427,confirmed,424 Carr Trail Apt. 721,South Dylan,Micronesia,2023-08-24,,
1263,213,delivered,525 Shah Vista Apt. 060,West Emmaside,Honduras,2024-05-13,2024-05-15,2024-05-19
1264,395,delivered,623 Diaz Walks,Lake Deanmouth,Myanmar,2025-04-18,2025-04-23,2025-04-29
1265,462,returned,1533 Steven Motorway Suite 688,New Ericamouth,Palau,2025-08-17,2025-08-20,2025-08-23
1266,402,delivered,78649 Amy Grove Apt. 974,Johnsonberg,Saudi Arabia,2025-08-13,2025-08-17,2025-08-24
1267,50,delivered,50769 Frank Square,Jasonchester,Micronesia,2025-04-06,2025-04-09,2025-04-13
1268,259,delivered,1761 Heather Rue Suite 442,Port Ianton,Bangladesh,2025-12-08,2025-12-13,2025-12-17
1269,457,returned,7445 Lisa Turnpike,North Melissaburgh,British Virgin Islands,2025-05-03,2025-05-06,2025-05-11
1270,165,shipped,535 Christina Shoal Apt. 620,Lake Brandonland,Uruguay,2025-11-10,2025-11-13,
1271,220,delivered,209 Perez Lake,Kurtmouth,Bulgaria,2023-12-10,2023-12-14,2023-12-15
1272,310,delivered,1524 David Keys,South Jasmineport,Svalbard & Jan Mayen Islands,2024-08-16,2024-08-20,2024-08-27
1273,469,delivered,5183 Angela Hollow,East Brandon,Namibia,2024-06-26,2024-06-28,2024-07-05
1274,189,delivered,14678 Wise Wall Suite 935,Sarahfort,Fiji,2025-07-28,2025-08-01,2025-08-04
1275,407,delivered,6819 Santos Estates Apt. 327,Lopezstad,Niue,2025-08-26,2025-08-29,2025-09-01
1276,442,delivered,0952 Goodwin Roads,South Debbie,Colombia,2025-02-06,2025-02-10,2025-02-11
1277,62,delivered,042 Walker Branch,Morenoberg,Uzbekistan,2025-12-12,2025-12-13,2025-12-16
1278,361,delivered,5575 Curry Manors Suite 505,Andersonfort,Cote d'Ivoire,2025-11-03,2025-11-07,2025-11-14
1279,27,delivered,34608 Kimberly Lodge,Rangelmouth,United Arab Emirates,2025-10-28,2025-11-01,2025-11-06
1280,120,returned,1068 Michelle Glen,New Matthew,Slovenia,2025-08-15,2025-08-17,2025-08-20
1281,330,pending,830 Wise Fort Apt. 870,Jeremyfurt,Angola,2022-06-06,,
1282,499,confirmed,77337 Roger Prairie,Nelsonhaven,Macao,2025-10-08,,
1283,261,confirmed,591 Laura Track,Theresabury,Oman,2025-08-16,,
1284,4,delivered,4408 Burnett Walk Suite 397,South Sharonhaven,France,2024-06-05,2024-06-10,2024-06-17
1285,5,delivered,1113 Schmidt Camp,North Brenda,Faroe Islands,2024-09-04,2024-09-06,2024-09-09
1286,111,delivered,05494 Barnes Haven,Ericton,Indonesia,2025-12-11,2025-12-15,2025-12-20
1287,131,shipped,0505 Olsen Via Suite 804,Doyleland,Bosnia and Herzegovina,2025-12-22,2025-12-24,
1288,152,pending,89856 Ryan Knolls,Olivialand,Mayotte,2025-11-26,,
1289,411,confirmed,14844 Bonnie Hill,Lake Thomas,Taiwan,2023-12-22,,
1290,215,pending,4710 John Lodge,Matthewfurt,Christmas Island,2025-12-20,,
1291,137,pending,90077 Carlos Creek Apt. 652,Adrianastad,Saint Helena,2025-10-30,,
1292,241,shipped,290 Perez Spring,Dominiqueburgh,Mongolia,2024-03-02,2024-03-04,
1293,115,delivered,820 Brianna Squares Apt. 746,Thompsonstad,Uruguay,2025-03-28,2025-04-01,2025-04-08
1294,153,delivered,25903 Robert Rest,South Randallview,Yemen,2023-03-20,2023-03-22,2023-03-25
1295,25,delivered,1019 Charles Fords Suite 732,Arianaview,Tuvalu,2025-01-13,2025-01-17,2025-01-22
1296,330,shipped,283 Martinez Port Suite 677,Edwardville,Tokelau,2022-05-30,2022-06-03,
1297,288,confirmed,878 Oscar Pass,Davisburgh,Haiti,2024-07-13,,
1298,84,delivered,6726 Haney Ferry Suite 861,Lindaside,Argentina,2024-12-02,2024-12-06,2024-12-11
1299,286,cancelled,4703 Ellen Lakes,Lake Steven,Somalia,2025-10-27,,
1300,441,delivered,548 Priscilla Inlet,Eatonburgh,Saint Martin,2025-09-06,2025-09-08,2025-09-12
1301,319,returned,452 Taylor Mountains Apt. 605,West Daniel,Gibraltar,2025-10-16,2025-10-17,2025-10-18
1302,122,delivered,830 Scott Gardens Apt. 738,Oconnellport,Yemen,2025-10-14,2025-10-15,2025-10-22
1303,57,pending,99716 Jackson River,Port Alfredshire,Mauritania,2025-11-08,,
1304,143,delivered,8421 Smith Oval,Tonyton,Papua New Guinea,2024-03-18,2024-03-23,2024-03-29
1305,357,delivered,25380 Willie Harbors Apt. 018,Kristopherland,Costa Rica,2023-12-17,2023-12-18,2023-12-22
1306,114,delivered,4949 Leah Parkways Suite 546,West Allen,Papua New Guinea,2025-12-03,2025-12-08,2025-12-09
1307,413,shipped,7364 Richard Pines,Kimberlybury,Holy See (Vatican City State),2025-05-14,2025-05-19,
1308,13,shipped,6788 Williams Cliffs Suite 450,Weaverborough,Armenia,2025-10-13,2025-10-16,
1309,92,shipped,3513 Ashley Mission Apt. 218,Port Trevorberg,Russian Federation,2024-04-26,2024-05-01,
1310,153,delivered,547 Rachel Knolls Suite 230,Brownborough,French Southern Territories,2022-10-24,2022-10-27,2022-11-01
1311,494,pending,900 Ricky Turnpike,Adamsmouth,Kazakhstan,2025-11-20,,
1312,151,shipped,87804 Clifford Garden,South Brandonfurt,China,2024-12-05,2024-12-07,
1313,469,delivered,95670 Young Burg Suite 058,West Michaelstad,Barbados,2024-05-23,2024-05-25,2024-06-01
1314,236,confirmed,61776 Ashley Way Apt. 860,Micheleville,Sudan,2024-07-22,,
1315,299,shipped,67504 David Port Apt. 782,Port Michaelchester,Bosnia and Herzegovina,2022-12-10,2022-12-15,
1316,297,confirmed,04827 Eric Islands,Reynoldsmouth,Antigua and Barbuda,2024-09-15,,
1317,260,delivered,8396 Hood Ridges Suite 144,Jonathanview,Germany,2024-04-17,2024-04-21,2024-04-24
1318,469,delivered,650 White Shoals,Sarahshire,Kiribati,2024-09-14,2024-09-19,2024-09-20
1319,296,delivered,33809 Soto Gateway Suite 203,Port Jameschester,Bermuda,2024-04-06,2024-04-10,2024-04-17
1320,71,pending,84423 Herrera Loaf Suite 729,New Michaelmouth,Qatar,2025-12-17,,
1321,253,shipped,537 Taylor Forge,Lake Sarahland,Malawi,2025-04-06,2025-04-09,
1322,26,delivered,3963 Charles Harbors,South Rogerstad,Guinea,2025-10-17,2025-10-18,2025-10-20
1323,243,pending,053 Cole Throughway Suite 216,East Eileen,Puerto Rico,2025-07-17,,
1324,497,delivered,4309 Mary Motorway Suite 089,Ericashire,Lebanon,2025-06-11,2025-06-16,2025-06-22
1325,116,confirmed,57696 Barbara Drive,New Jeremyside,Guatemala,2023-12-18,,
1326,467,delivered,0759 Coleman Hills Apt. 741,Christinaburgh,Somalia,2024-12-09,2024-12-10,2024-12-17
1327,59,delivered,07255 Perry Underpass Suite 246,Haroldfurt,El Salvador,2025-10-16,2025-10-20,2025-10-24
1328,112,delivered,642 Alexander Ramp Suite 079,New Kimberly,Ukraine,2024-08-30,2024-09-01,2024-09-05
1329,329,delivered,3772 John Falls,Nicholsshire,Colombia,2024-03-06,2024-03-08,2024-03-10
1330,46,confirmed,56266 Gregory Tunnel,Erikhaven,Saint Kitts and Nevis,2025-12-17,,
1331,93,shipped,207 Knight Brooks,Chavezmouth,United States Minor Outlying Islands,2025-11-20,2025-11-25,
1332,134,shipped,4184 Darlene Track Apt. 280,Blackwellton,Jamaica,2024-02-11,2024-02-16,
1333,135,delivered,45728 Webb Groves,Scottfurt,Aruba,2025-07-20,2025-07-21,2025-07-26
1334,235,delivered,6962 Joseph Isle,Jamietown,Montenegro,2025-09-05,2025-09-06,2025-09-09
1335,158,delivered,47193 Miller Ports,Lake Marystad,Vanuatu,2024-06-23,2024-06-28,2024-06-30
1336,386,shipped,4629 Edwards Court,Lake Stevenchester,South Georgia and the South Sandwich Islands,2025-01-31,2025-02-04,
1337,125,delivered,857 Johnson Fall,Rodgersstad,Mali,2024-09-06,2024-09-08,2024-09-14
1338,133,delivered,635 Delgado Pine Apt. 279,Charlesland,French Guiana,2022-05-21,2022-05-23,2022-05-28
1339,234,cancelled,25531 Joel Ridges,North Brianfort,Togo,2025-05-15,,
1340,216,cancelled,8307 William Plaza Suite 500,Romerofurt,Mauritania,2024-04-06,,
1341,103,delivered,357 Matthew Passage Apt. 612,Allenport,Sweden,2024-12-12,2024-12-13,2024-12-19
1342,314,delivered,9118 Megan Drive,East Caleb,Fiji,2025-04-18,2025-04-23,2025-04-27
1343,118,delivered,42286 Christina Courts Apt. 166,Ellishaven,Lithuania,2025-10-18,2025-10-23,2025-10-30
1344,39,delivered,310 Anderson Village,North Brettshire,Belize,2025-10-15,2025-10-18,2025-10-23
1345,46,confirmed,847 Brandon Shoal Apt. 743,Lake Samantha,Jordan,2025-11-05,,
1346,411,delivered,9730 Kimberly Motorway Suite 438,Hansenside,Cayman Islands,2025-04-30,2025-05-04,2025-05-06
1347,94,delivered,4893 Austin Wall,Stacyberg,United States Minor Outlying Islands,2025-11-27,2025-11-30,2025-12-04
1348,427,pending,7635 Williams Ridge,West Kelseyfort,Saudi Arabia,2023-04-23,,
1349,490,shipped,15934 Nelson Branch,West Ericland,Cuba,2024-06-24,2024-06-27,
1350,438,pending,481 Lane Rapids,New Haleyland,Suriname,2025-09-26,,
1351,323,pending,117 Jones Ferry,New Crystaltown,Comoros,2024-04-21,,
1352,394,confirmed,76938 Mathews Run Suite 038,Orrborough,Montenegro,2024-01-09,,
1353,104,cancelled,4880 Monica Passage Apt. 603,Nelsonport,Fiji,2025-10-16,,
1354,12,cancelled,98288 Barry Dam,North Angelashire,Holy See (Vatican City State),2024-04-28,,
1355,474,cancelled,85599 Campbell Freeway Apt. 808,North David,Colombia,2025-01-11,,
1356,288,shipped,941 Anthony Tunnel,East Christopherborough,Belize,2025-07-15,2025-07-17,
1357,192,delivered,4207 Austin Village,Graymouth,Azerbaijan,2025-05-22,2025-05-24,2025-05-30
1358,320,delivered,951 Brown Isle,North Lisaberg,Cocos (Keeling) Islands,2025-03-08,2025-03-11,2025-03-17
1359,142,delivered,28150 Michael Overpass,Summersport,British Virgin Islands,2024-06-01,2024-06-05,2024-06-11
1360,210,delivered,591 Adam Parks,Jonesmouth,Wallis and Futuna,2024-11-20,2024-11-22,2024-11-23
1361,2,confirmed,592 Anna Harbors Suite 275,Kristineland,Central African Republic,2025-12-29,,
1362,337,returned,693 Sharp Prairie,Hallberg,Ghana,2023-12-24,2023-12-25,2023-12-26
1363,325,shipped,574 Gibson Flat,North Frankport,Niger,2025-11-25,2025-11-28,
1364,52,delivered,140 Robert Mount,Patrickport,Macao,2024-02-17,2024-02-20,2024-02-25
1365,463,confirmed,734 Williams Branch,Lake Paulville,Japan,2024-02-17,,
1366,243,delivered,34417 Olson Tunnel,East Ashleyshire,Uzbekistan,2025-09-09,2025-09-11,2025-09-15
1367,16,delivered,87294 Peter Common Suite 388,Katelynville,Malawi,2024-08-07,2024-08-11,2024-08-16
1368,439,delivered,9349 Matthew Drive Apt. 969,Johnsonborough,France,2025-10-07,2025-10-08,2025-10-13
1369,19,delivered,94909 Ryan Oval Suite 143,North Elizabethhaven,Myanmar,2024-12-02,2024-12-06,2024-12-09
1370,300,confirmed,285 Price Tunnel,Bradleyborough,Equatorial Guinea,2025-01-21,,
1371,310,confirmed,722 Robert Throughway,East Chloeton,Slovakia (Slovak Republic),2025-12-30,,
1372,251,delivered,82402 Mackenzie Creek Suite 297,Schaefermouth,Grenada,2024-10-14,2024-10-16,2024-10-22
1373,35,confirmed,36439 Francisco Courts,East Shannonstad,Denmark,2023-12-11,,
1374,284,delivered,19321 Thomas Green,Natashaborough,Azerbaijan,2024-12-02,2024-12-05,2024-12-11
1375,176,delivered,606 Freeman Pine,New Kyleton,Palestinian Territory,2023-03-10,2023-03-11,2023-03-18
1376,473,delivered,05161 Jones Street,Chaseberg,Fiji,2025-12-25,2025-12-26,2025-12-31
1377,458,delivered,590 James Mount,New Victoriahaven,Kenya,2025-07-01,2025-07-02,2025-07-03
1378,22,returned,152 Melissa Vista,Lake Richardmouth,New Zealand,2025-04-21,2025-04-26,2025-04-30
1379,337,delivered,2940 Williams Alley Apt. 819,Pageton,Burkina Faso,2025-11-14,2025-11-18,2025-11-19
1380,118,delivered,140 Stephanie Flats Apt. 115,Paigetown,Central African Republic,2025-09-25,2025-09-29,2025-10-03
1381,47,delivered,919 Amanda Mountains,Edwardsbury,Morocco,2025-12-26,2025-12-27,2026-01-02
1382,415,delivered,1809 Tiffany Road Suite 711,Janetton,Liechtenstein,2023-07-25,2023-07-30,2023-08-03
1383,75,delivered,13525 Ford Island,North Charlesview,Brazil,2025-10-18,2025-10-22,2025-10-27
1384,264,returned,94609 Wade Well,East Tammy,Mexico,2025-09-12,2025-09-14,2025-09-15
1385,294,confirmed,56944 Anderson Club Apt. 825,Cantuport,Taiwan,2024-07-05,,
1386,4,shipped,7696 Stephanie Junction Suite 940,Kimberlyberg,French Polynesia,2023-04-08,2023-04-10,
1387,435,returned,330 Laura Way,Lake Seanville,Chile,2023-01-20,2023-01-25,2023-01-27
1388,381,returned,81064 Kelly Road,Leeport,Macao,2025-12-16,2025-12-19,2025-12-23
1389,237,delivered,542 Nguyen Island Suite 294,Port Larry,New Zealand,2025-11-13,2025-11-15,2025-11-22
1390,40,confirmed,40822 Cannon Corner Apt. 503,West Loriborough,Czech Republic,2025-05-17,,
1391,282,delivered,565 Smith Streets,Loweryshire,French Polynesia,2025-04-21,2025-04-24,2025-04-29
1392,293,delivered,88737 Lawson Landing,Williammouth,Netherlands,2025-08-11,2025-08-14,2025-08-16
1393,168,delivered,3195 Salazar Villages Apt. 461,West Mistyview,Poland,2025-08-22,2025-08-24,2025-08-26
1394,331,delivered,36097 Alison Bypass,Brownmouth,United Arab Emirates,2025-12-18,2025-12-22,2025-12-23
1395,473,delivered,84018 Edwards Forest Suite 758,Coltonbury,Tanzania,2025-07-26,2025-07-29,2025-08-05
1396,500,shipped,14101 Dennis Villages,Ericmouth,Palau,2024-09-30,2024-10-02,
1397,323,returned,1891 Zavala Keys,Nicholsfurt,Guernsey,2025-12-14,2025-12-19,2025-12-20
1398,167,delivered,96762 Arnold Shoals Apt. 611,Williamland,Cote d'Ivoire,2023-02-08,2023-02-10,2023-02-16
1399,13,delivered,0457 Kristen Light Suite 467,New Kimberly,Fiji,2024-11-29,2024-12-02,2024-12-06
1400,171,delivered,633 Monroe Stream Apt. 489,New Joeton,Eritrea,2023-07-17,2023-07-21,2023-07-23
1401,26,delivered,1588 John Mountains,Bennettchester,South Georgia and the South Sandwich Islands,2025-09-06,2025-09-11,2025-09-16
1402,351,shipped,70225 Jimenez Club,Lake Cathy,Estonia,2025-09-19,2025-09-21,
1403,103,delivered,311 Perry Junctions Suite 039,New Ryan,Mongolia,2025-01-29,2025-02-01,2025-02-07
1404,225,shipped,71690 Morton Divide Apt. 759,New Brittanymouth,Venezuela,2025-10-04,2025-10-07,
1405,241,delivered,0726 Scott Road Suite 503,Markbury,Central African Republic,2024-11-12,2024-11-15,2024-11-18
1406,471,confirmed,09642 Bowman Drives,Carlsonside,Madagascar,2023-07-31,,
1407,93,cancelled,197 Washington Spurs,Donovanberg,Iraq,2025-10-13,,
1408,3,returned,2327 Wood Valley Apt. 141,Susanshire,Mexico,2025-10-31,2025-11-02,2025-11-09
1409,150,delivered,783 Hall View Apt. 901,North Duaneshire,Saint Barthelemy,2024-05-16,2024-05-18,2024-05-24
1410,173,delivered,502 James Plain,New Duanehaven,Qatar,2025-10-15,2025-10-20,2025-10-23
1411,405,delivered,264 Gonzalez Lodge,Jessicaville,Grenada,2025-09-11,2025-09-15,2025-09-19
1412,252,shipped,40267 Jones Crossing,New Vincentshire,Antarctica (the territory South of 60 deg S),2025-07-11,2025-07-14,
1413,158,shipped,47964 Jennifer Roads,West Christopherhaven,Suriname,2023-07-25,2023-07-26,
1414,415,delivered,390 Jenkins Motorway Apt. 289,North Matthewville,Portugal,2025-12-30,2026-01-02,2026-01-04
1415,456,confirmed,02651 Crystal Terrace Suite 314,Georgehaven,Seychelles,2025-10-09,,
1416,136,cancelled,422 Nathaniel Orchard Suite 385,New Samanthafort,Namibia,2025-12-23,,
1417,117,delivered,359 Cook Springs Suite 642,Brucemouth,Cocos (Keeling) Islands,2024-03-26,2024-03-27,2024-04-02
1418,178,delivered,71401 Natasha Cliffs Apt. 728,Lindahaven,Timor-Leste,2024-11-14,2024-11-16,2024-11-18
1419,474,delivered,007 Butler Hill Suite 720,Tinafurt,Tunisia,2025-09-30,2025-10-01,2025-10-03
1420,140,confirmed,4891 Laura Ford Suite 846,Rachaelfurt,Austria,2025-01-06,,
1421,393,delivered,36473 Campbell Lane Apt. 911,New Peter,Turks and Caicos Islands,2024-06-03,2024-06-08,2024-06-13
1422,38,pending,091 White Estate Apt. 772,Millerport,Norway,2024-09-28,,
1423,232,cancelled,3820 Thomas Mount,Rogersbury,Tonga,2024-01-19,,
1424,483,shipped,20238 Daniel Valley Suite 398,West Danielchester,Kazakhstan,2024-12-25,2024-12-28,
1425,259,confirmed,306 Rodriguez Spring Suite 055,South Danaview,Venezuela,2025-10-10,,
1426,495,delivered,3792 Smith Trail Suite 747,Sanchezbury,Kenya,2023-12-17,2023-12-21,2023-12-23
1427,386,delivered,91474 Elizabeth Spur Suite 307,Jennifermouth,Kuwait,2023-07-03,2023-07-07,2023-07-09
1428,473,returned,190 Michelle Lake,Port Laurenfort,Guernsey,2025-11-07,2025-11-09,2025-11-13
1429,20,delivered,777 Ferguson Plain Suite 054,Amyport,Peru,2025-06-30,2025-07-04,2025-07-05
1430,351,delivered,0297 Patrick Street,Josephhaven,United States Virgin Islands,2024-11-11,2024-11-12,2024-11-16
1431,145,delivered,28931 Calvin Harbors,Gonzalezchester,Aruba,2024-10-05,2024-10-06,2024-10-13
1432,314,delivered,74999 Michael Cliff,Lake Pamelafort,Montserrat,2025-06-17,2025-06-19,2025-06-21
1433,442,delivered,4872 Brown Dale Apt. 166,Hoganhaven,Bahamas,2024-01-26,2024-01-31,2024-02-03
1434,157,shipped,119 Chavez Road,Whiteview,Nauru,2022-12-26,2022-12-31,
1435,421,confirmed,679 Patrick Track,North Sarahtown,Czech Republic,2024-09-27,,
1436,436,delivered,36939 William Well,Andreafort,Costa Rica,2024-11-13,2024-11-15,2024-11-18
1437,54,delivered,190 Larson Cliffs Suite 146,West Jasonmouth,Germany,2024-05-02,2024-05-06,2024-05-11
1438,4,delivered,0240 James Spring,Port Emma,Fiji,2023-07-07,2023-07-08,2023-07-11
1439,275,confirmed,97119 Jones Unions,Jasonfort,Panama,2025-12-22,,
1440,253,cancelled,72645 Herrera Land Apt. 932,Whiteside,Denmark,2025-11-01,,
1441,234,returned,589 Madeline Ridges,Sotofort,Cyprus,2024-10-07,2024-10-09,2024-10-14
1442,380,delivered,051 Allison Hill,South Kylechester,Monaco,2025-05-16,2025-05-20,2025-05-26
1443,51,cancelled,0751 Briana Key Apt. 925,Lake Ashleyville,Fiji,2025-10-12,,
1444,145,cancelled,6967 Julie Groves Apt. 840,Vincenthaven,Gambia,2025-06-12,,
1445,130,shipped,8261 Stephanie Fort,Anthonyfurt,Madagascar,2024-12-25,2024-12-28,
1446,206,shipped,33146 Perry Plains,Hernandeztown,Isle of Man,2023-05-18,2023-05-20,
1447,171,delivered,5565 Scott Prairie Apt. 940,Natalieland,Saint Pierre and Miquelon,2023-10-15,2023-10-16,2023-10-23
1448,497,confirmed,15213 Day Glens,Lake Melissa,Algeria,2024-06-21,,
1449,91,delivered,984 Joseph Turnpike,Lesterville,Panama,2024-09-04,2024-09-08,2024-09-15
1450,399,delivered,8310 Meghan Wall,Kinghaven,Solomon Islands,2023-12-26,2023-12-31,2024-01-02
1451,73,delivered,8539 Kendra Islands,New Casey,Mayotte,2024-12-31,2025-01-04,2025-01-05
1452,431,confirmed,4977 James Knoll Apt. 021,Noblebury,Anguilla,2025-06-13,,
1453,25,shipped,62692 Contreras Grove,South Veronica,Cambodia,2025-03-15,2025-03-19,
1454,286,delivered,972 Gutierrez Mews,Colemanbury,United States Virgin Islands,2024-06-10,2024-06-14,2024-06-15
1455,50,delivered,14831 Clark Spur,Mullinsstad,Hong Kong,2025-05-11,2025-05-15,2025-05-22
1456,186,confirmed,659 Alyssa Manor Apt. 308,Dianaland,Tanzania,2024-01-08,,
1457,465,shipped,750 Jeremy Ridges Apt. 512,Susantown,British Virgin Islands,2025-07-24,2025-07-29,
1458,167,returned,370 Smith Inlet,North Sarahmouth,Heard Island and McDonald Islands,2023-07-26,2023-07-28,2023-08-03
1459,387,delivered,18346 Hanna Cove,East Brittanyview,Armenia,2024-10-15,2024-10-18,2024-10-21
1460,165,delivered,8132 Williams Plains Suite 491,Port Kylefort,Kazakhstan,2025-12-21,2025-12-26,2026-01-02
1461,147,confirmed,81007 Howard Drives,Lake Gabrielside,Syrian Arab Republic,2025-04-02,,
1462,232,delivered,440 Gregory Passage,North Noahmouth,Burkina Faso,2024-12-31,2025-01-05,2025-01-10
1463,402,returned,0542 Isabel Curve,North Billmouth,Monaco,2025-07-23,2025-07-26,2025-07-27
1464,156,delivered,45622 John Causeway Apt. 658,Gregorystad,Samoa,2025-04-03,2025-04-04,2025-04-11
1465,337,cancelled,77182 Tanya Springs Suite 636,East Natasha,Ghana,2025-09-06,,
1466,355,delivered,688 Trevino Grove Apt. 719,Port Sarahfort,Australia,2025-02-04,2025-02-05,2025-02-10
1467,189,delivered,12679 Reed Hollow Apt. 477,Georgeview,Guam,2025-12-23,2025-12-26,2026-01-01
1468,9,shipped,90033 Owens Harbors,Lake Roberttown,Bosnia and Herzegovina,2023-03-30,2023-04-01,
1469,207,pending,821 Theresa Place Suite 204,Cervantesville,France,2023-05-25,,
1470,84,delivered,52332 Darrell Knoll,Mejiashire,Ghana,2024-12-24,2024-12-28,2025-01-01
1471,228,delivered,9298 Escobar Wells Suite 783,Joefurt,Qatar,2024-07-05,2024-07-07,2024-07-13
1472,382,delivered,383 Cook Port Suite 981,Meganstad,Senegal,2022-11-07,2022-11-09,2022-11-16
1473,46,delivered,446 Carlson Wells,Darrellview,Ghana,2025-10-30,2025-11-02,2025-11-07
1474,361,delivered,305 Angela Radial Apt. 808,West Rhondafurt,Saint Vincent and the Grenadines,2025-10-05,2025-10-09,2025-10-13
1475,6,returned,1684 Taylor Creek,Port Sheribury,Kuwait,2024-08-09,2024-08-10,2024-08-11
1476,221,delivered,802 Christopher Locks,Port Mollyview,Hungary,2025-09-24,2025-09-25,2025-10-01
1477,280,delivered,596 Green Club Suite 489,Stevenborough,Netherlands,2023-10-06,2023-10-10,2023-10-13
1478,141,delivered,54262 Fletcher Island Suite 959,Edwardport,Northern Mariana Islands,2024-01-30,2024-01-31,2024-02-05
1479,105,delivered,4267 Ramirez Village,New James,United States Virgin Islands,2025-06-12,2025-06-15,2025-06-17
1480,311,delivered,946 Catherine Vista Suite 411,Laurenbury,Bouvet Island (Bouvetoya),2024-04-12,2024-04-15,2024-04-20
1481,214,delivered,934 Richard Court,East Sandra,Saint Barthelemy,2025-04-12,2025-04-13,2025-04-15
1482,236,delivered,0949 Butler Bridge,West Theodoreside,Cyprus,2025-02-07,2025-02-11,2025-02-13
1483,227,delivered,1248 Cassandra Tunnel,Spencerfort,Cook Islands,2024-06-25,2024-06-26,2024-07-01
1484,326,pending,5416 Jacobs Ways Apt. 364,West Jessicaburgh,Sudan,2025-06-17,,
1485,387,pending,93593 Victoria Landing,West Laura,Saint Kitts and Nevis,2025-06-30,,
1486,225,confirmed,560 Romero Gateway,Alexisburgh,Venezuela,2025-04-14,,
1487,187,shipped,614 Jones Glens Suite 415,Davidland,Nigeria,2025-04-01,2025-04-06,
1488,302,delivered,44364 Christopher Flats,Elizabethland,Belgium,2022-10-06,2022-10-09,2022-10-13
1489,159,delivered,7526 Chambers Mall,Port Tyler,Bolivia,2025-01-18,2025-01-23,2025-01-29
1490,103,delivered,51638 Aimee Fork Apt. 046,West Wendybury,Czech Republic,2025-03-31,2025-04-02,2025-04-07
1491,460,confirmed,06164 Richard Pass,Aprilfurt,Svalbard & Jan Mayen Islands,2025-12-28,,
1492,408,delivered,5551 Heather Shore,Kirbybury,Fiji,2025-07-24,2025-07-29,2025-08-02
1493,436,delivered,8901 Romero Parkways,East Garyfort,Korea,2023-12-02,2023-12-06,2023-12-13
1494,307,pending,118 Smith Mews,Brandyfurt,Philippines,2024-09-26,,
1495,59,delivered,2500 Russell Heights Apt. 610,Rivasfort,Eritrea,2025-06-19,2025-06-24,2025-06-29
1496,68,cancelled,2247 Jonathan Wells Apt. 258,Robertborough,Swaziland,2025-05-12,,
1497,192,delivered,1871 Scott Hollow,Port Lori,Slovakia (Slovak Republic),2023-03-17,2023-03-18,2023-03-22
1498,178,pending,514 Mathis Station Suite 915,Powersport,Estonia,2024-02-17,,
1499,481,returned,9427 Amy Centers,North Stephaniemouth,Uganda,2023-03-31,2023-04-03,2023-04-04
1500,127,delivered,92303 Deanna Expressway,Matthewville,Ireland,2024-11-29,2024-11-30,2024-12-06
1501,474,delivered,97976 Mcclain Grove Suite 808,Phillipsmouth,Falkland Islands (Malvinas),2024-09-29,2024-10-02,2024-10-05
1502,303,delivered,35763 Jessica Stream Suite 990,Victortown,Maldives,2023-07-27,2023-07-30,2023-08-02
1503,100,delivered,2114 Rice Keys,Port Kyle,French Southern Territories,2024-08-15,2024-08-18,2024-08-19
1504,434,delivered,492 Guerra Burgs,Hugheschester,Armenia,2025-10-18,2025-10-21,2025-10-22
1505,286,cancelled,185 Williams Highway Suite 636,Christinamouth,Paraguay,2024-05-31,,
1506,480,cancelled,02882 Dean Gardens,East Anna,Tokelau,2024-11-09,,
1507,320,delivered,737 Pineda Fall Suite 335,West Sharihaven,Korea,2024-08-24,2024-08-27,2024-08-30
1508,40,delivered,80171 Pope Hills,Jeffreyhaven,Bahrain,2025-11-05,2025-11-06,2025-11-10
1509,373,confirmed,17823 Jon Heights Suite 651,East Jay,South Africa,2023-08-21,,
1510,394,delivered,9159 Olson Ford,West Jacobmouth,Albania,2025-08-21,2025-08-23,2025-08-29
1511,340,delivered,56033 Alexandra Road,Marybury,Mauritania,2025-02-09,2025-02-10,2025-02-12
1512,200,delivered,473 Shelton Meadow Apt. 118,Brianborough,Myanmar,2025-12-18,2025-12-19,2025-12-25
1513,254,delivered,080 Connor Turnpike,East Christinashire,Cote d'Ivoire,2024-09-08,2024-09-11,2024-09-13
1514,35,delivered,425 Laura Shoal Suite 611,East Scottview,New Caledonia,2022-10-10,2022-10-12,2022-10-15
1515,194,delivered,84343 Hammond Falls,West Pamela,Djibouti,2024-12-13,2024-12-14,2024-12-15
1516,495,pending,26572 Charlene Hill Suite 506,Kevinmouth,American Samoa,2023-11-03,,
1517,5,confirmed,93241 Johnson Shoals Apt. 713,Hernandezfort,Korea,2024-10-31,,
1518,314,delivered,927 Moon Plaza Suite 876,Kentview,Samoa,2025-05-08,2025-05-13,2025-05-19
1519,421,shipped,9680 Lynch Locks,West Nicoleland,Congo,2025-08-20,2025-08-21,
1520,422,delivered,0605 Martin Row Apt. 599,Port Stevenshire,Philippines,2025-05-13,2025-05-15,2025-05-17
1521,152,returned,465 Mclean Shore,Masseychester,Belize,2025-10-24,2025-10-28,2025-10-29
1522,54,pending,6227 Mcmahon Garden,Lake Christianport,Cambodia,2022-07-31,,
1523,241,delivered,9868 Joshua Keys Suite 100,Port Chad,Bulgaria,2025-08-13,2025-08-15,2025-08-20
1524,33,delivered,01188 Moore Villages,Brittanystad,Greece,2025-03-06,2025-03-10,2025-03-11
1525,68,pending,76247 Stewart Court Apt. 806,Gabrielland,Christmas Island,2025-06-08,,
1526,271,delivered,056 Scott Tunnel Suite 516,East Brandy,Haiti,2025-04-24,2025-04-28,2025-04-29
1527,17,delivered,22557 Rodriguez Route,East Chelsea,Belize,2025-10-20,2025-10-22,2025-10-27
1528,64,delivered,5864 Weeks Viaduct,Justinstad,Pitcairn Islands,2025-09-09,2025-09-12,2025-09-16
1529,420,confirmed,62290 Michaela Islands,Melanieland,Benin,2025-02-20,,
1530,85,delivered,310 Kaitlyn Springs,East Leslieburgh,Morocco,2022-10-01,2022-10-02,2022-10-08
1531,243,delivered,0765 Shaw Expressway,Churchville,Afghanistan,2025-04-23,2025-04-26,2025-04-27
1532,21,shipped,343 Wilson Forks,Lambertton,Liechtenstein,2025-10-15,2025-10-20,
1533,487,delivered,19083 Rojas Alley Apt. 718,Port Clarenceborough,Kazakhstan,2025-10-28,2025-10-29,2025-11-02
1534,199,delivered,0683 Thompson Forge,Harrisfort,Tonga,2025-05-25,2025-05-29,2025-06-01
1535,157,shipped,81110 Kerr Causeway,Jonesview,Holy See (Vatican City State),2024-10-25,2024-10-26,
1536,312,delivered,233 Edward Mission Suite 942,South Sarah,Niue,2025-10-17,2025-10-22,2025-10-28
1537,308,delivered,788 Potts Ramp,Port Briana,Jamaica,2024-06-15,2024-06-16,2024-06-18
1538,257,delivered,008 Ho Estate,Johnsonberg,France,2023-12-25,2023-12-30,2024-01-04
1539,452,delivered,7646 Dylan Freeway,Greerland,Yemen,2024-08-11,2024-08-16,2024-08-19
1540,200,delivered,218 Mcknight Lock Apt. 299,Brianaborough,Martinique,2025-08-19,2025-08-21,2025-08-27
1541,324,shipped,6418 Moran Cliff Apt. 364,Breannafort,Hungary,2024-09-30,2024-10-01,
1542,156,delivered,3454 Hanna Ranch Suite 771,South Erinside,Belize,2025-02-24,2025-02-27,2025-03-03
1543,356,pending,15879 Henry Crossroad,Davistown,Colombia,2025-12-01,,
1544,414,delivered,4771 Brooks Rapids,Rileyside,Oman,2024-11-23,2024-11-26,2024-12-03
1545,72,delivered,305 Wallace Ways,Kyleton,Tokelau,2024-07-26,2024-07-30,2024-08-05
1546,396,delivered,042 Ryan Inlet Apt. 347,West Sherylmouth,United States of America,2024-08-31,2024-09-05,2024-09-06
1547,395,cancelled,2993 Bartlett Square Apt. 880,West Mitchell,Korea,2023-09-10,,
1548,426,delivered,73753 Klein Rest Apt. 642,Lake Kelly,Vanuatu,2023-06-30,2023-07-03,2023-07-09
1549,499,delivered,6098 Justin Lock,New Richard,Estonia,2024-04-16,2024-04-20,2024-04-24
1550,154,delivered,53416 Foley Brook Suite 832,Samuelmouth,Mauritania,2025-10-27,2025-11-01,2025-11-02
1551,185,delivered,46453 Patricia Manor Suite 344,Pereztown,Israel,2025-12-18,2025-12-21,2025-12-28
1552,281,delivered,45578 John Station,East Joshuatown,Kuwait,2024-01-25,2024-01-26,2024-01-28
1553,254,cancelled,6652 Smith Fort Suite 726,Sherryview,Oman,2025-02-11,,
1554,471,confirmed,891 Matthew Ramp Suite 663,North Corey,Morocco,2025-02-20,,
1555,339,confirmed,6264 Courtney Port,Lake Jamesland,Kenya,2025-12-22,,
1556,133,delivered,02166 Burns Bridge,Jaclynshire,Ukraine,2024-08-09,2024-08-10,2024-08-11
1557,163,pending,0591 Rodriguez Mall,Lunafort,Saint Martin,2025-12-12,,
1558,470,confirmed,79062 Richard Common,East Anthony,Benin,2023-10-07,,
1559,265,confirmed,0507 Peter Manors,West Jeffreyport,Brunei Darussalam,2025-12-24,,
1560,472,delivered,170 Lee Lakes Suite 849,Lake Susan,Guam,2025-09-23,2025-09-27,2025-10-03
1561,394,delivered,7119 Carol Circles,Port Jasonborough,Pitcairn Islands,2024-01-03,2024-01-04,2024-01-11
1562,228,shipped,16973 Nolan Rest,North Biancahaven,Paraguay,2024-09-08,2024-09-13,
1563,486,confirmed,4837 Rebecca Villages,Transhire,Bouvet Island (Bouvetoya),2025-09-11,,
1564,423,delivered,7157 Benjamin Cove Suite 785,West Carl,Malawi,2025-10-28,2025-10-29,2025-11-01
1565,154,shipped,35572 Robert Turnpike Suite 528,Thompsonburgh,Norfolk Island,2025-08-15,2025-08-16,
1566,395,delivered,222 Jessica Parks,South Robert,Brazil,2024-05-08,2024-05-11,2024-05-17
1567,384,pending,229 Justin Vista Suite 457,Lake Jacobland,Mongolia,2024-10-07,,
1568,304,confirmed,73125 Gilmore Park,Willieborough,San Marino,2025-11-25,,
1569,470,shipped,54172 Anderson Mountain Apt. 255,South Peterburgh,North Macedonia,2025-04-08,2025-04-10,
1570,69,delivered,99150 Robert Prairie,West Robert,Niue,2025-12-20,2025-12-23,2025-12-28
1571,497,delivered,8081 King Track Suite 788,Barrettside,Saint Vincent and the Grenadines,2025-07-31,2025-08-01,2025-08-02
1572,3,delivered,2214 Hill Squares Apt. 123,South Edwin,Niue,2025-09-17,2025-09-18,2025-09-22
1573,324,delivered,04540 Sarah Stravenue Apt. 960,Port Matthew,Iran,2024-01-18,2024-01-23,2024-01-24
1574,275,returned,00967 Melissa Light Suite 948,Sharonville,Saint Lucia,2025-12-13,2025-12-16,2025-12-20
1575,184,delivered,6603 Katrina Brooks Suite 032,Port Saratown,Equatorial Guinea,2025-02-10,2025-02-12,2025-02-13
1576,476,delivered,474 Hamilton Isle Apt. 384,New Kyleside,Heard Island and McDonald Islands,2025-09-15,2025-09-20,2025-09-26
1577,196,delivered,75560 Elizabeth Place Suite 708,Smithfurt,Sri Lanka,2025-12-25,2025-12-28,2026-01-04
1578,44,delivered,0021 Perez Manors,New Brentborough,Gibraltar,2025-10-16,2025-10-17,2025-10-22
1579,187,delivered,5106 Lori Mill,Joyceside,Andorra,2025-12-15,2025-12-17,2025-12-19
1580,71,cancelled,11840 Hughes Creek,Davisfort,Kyrgyz Republic,2022-03-22,,
1581,103,delivered,0795 Christopher Avenue,Williamsside,Italy,2025-11-13,2025-11-18,2025-11-24
1582,243,delivered,508 Howell Gateway,Williamshire,Guadeloupe,2025-07-28,2025-07-31,2025-08-04
1583,247,confirmed,171 Hansen Plaza Apt. 705,Sandersfort,Fiji,2025-10-19,,
1584,310,confirmed,7770 West Cove,West Lori,Comoros,2025-11-15,,
1585,111,delivered,992 Courtney Springs Apt. 029,Susanton,Afghanistan,2025-10-22,2025-10-23,2025-10-24
1586,469,pending,6092 Brooks Common,Autumnport,Bulgaria,2024-10-22,,
1587,450,cancelled,608 Justin Circles Apt. 328,Hernandezchester,Senegal,2025-12-20,,
1588,107,returned,06294 David Crossroad Suite 528,South William,Portugal,2023-06-17,2023-06-21,2023-06-25
1589,126,delivered,65442 Gonzales Neck Apt. 491,Port Nicholasstad,Botswana,2023-12-31,2024-01-01,2024-01-06
1590,205,delivered,0457 Andrew Loaf,Bradfordton,Singapore,2025-12-19,2025-12-21,2025-12-25
1591,31,confirmed,516 Andre Tunnel,Lake Alberthaven,South Africa,2023-09-25,,
1592,309,delivered,4436 Lisa Station Apt. 378,East Randyhaven,Greece,2025-12-29,2025-12-31,2026-01-02
1593,426,shipped,775 Hill Hills Suite 860,North Dianechester,Martinique,2024-10-16,2024-10-18,
1594,207,shipped,7202 Young Station,Jamesfurt,Somalia,2024-01-04,2024-01-08,
1595,265,delivered,0252 Oneill Green,Port Jamesshire,Syrian Arab Republic,2025-12-22,2025-12-23,2025-12-26
1596,279,confirmed,20536 Heather Alley,New Jessicaberg,Uzbekistan,2024-07-02,,
1597,57,delivered,2081 Collins Brooks,Natalieland,Micronesia,2025-11-29,2025-12-01,2025-12-08
1598,24,delivered,02475 Rios Hill,Valdezborough,India,2025-07-31,2025-08-03,2025-08-04
1599,203,delivered,35959 Sean Street Apt. 668,East Traceyburgh,Zambia,2025-09-29,2025-10-02,2025-10-09
1600,114,delivered,982 Mercado Causeway,Shortview,Cyprus,2024-09-01,2024-09-02,2024-09-03
1601,291,delivered,8991 Jones Road,East Heathermouth,Norway,2025-09-27,2025-10-01,2025-10-04
1602,77,delivered,643 Rodney Burg,Juliaton,Mongolia,2025-12-24,2025-12-26,2025-12-27
1603,308,delivered,1508 Drake Key,Lewismouth,Cayman Islands,2024-07-31,2024-08-04,2024-08-09
1604,306,delivered,80596 Rebecca Street,Donaldstad,Bahrain,2024-07-26,2024-07-29,2024-07-30
1605,358,delivered,79354 Daniel Rest,Nelsonland,Lithuania,2024-02-22,2024-02-27,2024-03-03
1606,455,returned,146 Roberson Way,South John,Puerto Rico,2025-05-09,2025-05-10,2025-05-11
1607,145,delivered,55499 Kennedy Isle Apt. 894,Chandlerberg,Taiwan,2025-05-02,2025-05-05,2025-05-06
1608,92,returned,8908 Brown Wells Apt. 543,North Erin,Marshall Islands,2025-08-17,2025-08-22,2025-08-29
1609,402,delivered,60856 Wallace Curve,North Markside,Ecuador,2025-06-03,2025-06-07,2025-06-13
1610,167,returned,8699 Amber Lake,Port Daltonburgh,Trinidad and Tobago,2024-08-21,2024-08-26,2024-08-28
1611,109,delivered,250 Brittany Haven Suite 633,Lake Samantha,Mayotte,2025-06-09,2025-06-11,2025-06-14
1612,78,delivered,75509 Martin Mountain,Jessicaton,Liberia,2023-10-19,2023-10-22,2023-10-23
1613,296,delivered,7459 Kelly Burg Suite 412,East Melanie,Kiribati,2025-06-16,2025-06-19,2025-06-23
1614,110,delivered,69667 Joshua Mission,New Martinshire,Northern Mariana Islands,2024-10-27,2024-10-31,2024-11-01
1615,12,confirmed,5992 Desiree Motorway,Manuelfurt,Angola,2025-04-06,,
1616,115,delivered,7326 Hernandez Cliff Suite 945,New Jessicaside,Montenegro,2025-04-06,2025-04-11,2025-04-18
1617,192,delivered,0769 Burns Mountain,Adamsshire,Nicaragua,2024-10-30,2024-10-31,2024-11-01
1618,266,shipped,1407 Black Shoals Suite 010,Steveport,Jordan,2025-12-24,2025-12-28,
1619,12,returned,7376 Lawson Flats Suite 545,Erikfort,Philippines,2025-01-17,2025-01-21,2025-01-22
1620,196,delivered,7997 Carpenter Heights,Ferrellburgh,Belarus,2025-12-20,2025-12-24,2025-12-26
1621,498,pending,347 Bailey Harbor,Lake Kyleshire,Namibia,2023-09-18,,
1622,450,delivered,382 Michael Prairie,Hudsonport,Northern Mariana Islands,2025-11-04,2025-11-07,2025-11-10
1623,130,pending,51464 Cristina Club,Nortonland,Jersey,2025-06-30,,
1624,292,shipped,09501 Emma Lights Suite 046,East Alisha,Aruba,2025-11-18,2025-11-21,
1625,450,returned,88803 Curry Trafficway Suite 495,Nicholaschester,Finland,2025-12-22,2025-12-26,2025-12-29
1626,284,delivered,1339 Waller Road Suite 115,New Rebekahburgh,Niue,2024-06-13,2024-06-18,2024-06-25
1627,84,delivered,5862 Johnson Inlet Suite 399,Jimenezbury,Svalbard & Jan Mayen Islands,2024-10-11,2024-10-14,2024-10-21
1628,95,delivered,8985 Dana Street Suite 543,New Katrina,Equatorial Guinea,2025-10-10,2025-10-11,2025-10-14
1629,397,delivered,40185 Desiree Isle Suite 139,North Elizabeth,Argentina,2024-12-13,2024-12-18,2024-12-21
1630,480,delivered,44508 Mike Glen Apt. 897,East Christopher,Greenland,2025-09-19,2025-09-23,2025-09-28
1631,350,delivered,3745 Robinson Course,Campbellshire,Latvia,2024-12-29,2025-01-01,2025-01-07
1632,400,returned,058 Wagner Stream Suite 535,Juliemouth,Heard Island and McDonald Islands,2025-02-23,2025-02-28,2025-03-03
1633,457,shipped,33875 John Plaza,Port William,Cocos (Keeling) Islands,2025-06-25,2025-06-28,
1634,42,cancelled,6920 Bates Place Apt. 642,Pricemouth,Mongolia,2025-09-21,,
1635,335,shipped,40352 Anna Cliff,Port Debbie,Kenya,2024-07-31,2024-08-04,
1636,199,delivered,64694 Randall Throughway,New Kelli,Estonia,2025-06-10,2025-06-12,2025-06-16
1637,250,delivered,98379 Sean Vista,Vanceshire,Indonesia,2024-09-16,2024-09-19,2024-09-20
1638,282,shipped,0280 Irwin Views Apt. 920,Bookerview,Seychelles,2024-11-16,2024-11-21,
1639,56,delivered,007 Michael Gardens,East Caleb,Bosnia and Herzegovina,2024-04-12,2024-04-14,2024-04-20
1640,45,delivered,93481 Hernandez Fall Suite 993,Pattonland,Gambia,2025-12-19,2025-12-21,2025-12-22
1641,197,delivered,9991 Sandra Junctions,Port Amandamouth,Estonia,2024-09-05,2024-09-08,2024-09-14
1642,151,delivered,0205 Garcia Land Apt. 253,New Eric,Panama,2025-07-07,2025-07-09,2025-07-13
1643,150,delivered,7368 Jessica Shoal Suite 276,Lake Alexport,Luxembourg,2023-04-06,2023-04-11,2023-04-14
1644,271,shipped,468 Katherine Via Suite 590,Kennedychester,Martinique,2025-10-17,2025-10-18,
1645,470,delivered,21127 Ramos Divide Apt. 440,Stokesborough,Kenya,2025-01-28,2025-01-29,2025-02-04
1646,134,delivered,020 Ray Lake,Millertown,Latvia,2025-02-08,2025-02-10,2025-02-11
1647,133,delivered,385 Jeffrey Glens Suite 594,Porterport,Mexico,2024-01-20,2024-01-21,2024-01-25
1648,213,shipped,58692 Daniel Road Apt. 680,East Nicholechester,Austria,2025-02-09,2025-02-10,
1649,83,delivered,8122 Wilson Glens Apt. 340,West Heatherhaven,Sudan,2025-07-28,2025-08-02,2025-08-04
1650,226,delivered,744 Miller Knolls,South Andre,Italy,2025-12-23,2025-12-28,2026-01-03
1651,187,delivered,093 Tim Highway,Port Anthonyborough,Nicaragua,2025-05-11,2025-05-15,2025-05-17
1652,59,shipped,2239 Hines Highway,Clarkfurt,Czech Republic,2025-02-25,2025-03-01,
1653,302,pending,592 Beth Overpass Suite 169,New Adam,Barbados,2023-02-11,,
1654,236,delivered,9812 Tina Trail Suite 502,West Manuel,Cyprus,2025-08-13,2025-08-16,2025-08-23
1655,113,delivered,86883 Fry Landing,East Jose,Korea,2025-08-30,2025-09-03,2025-09-08
1656,426,confirmed,9496 Deborah Lane Apt. 615,New Kathyview,Malta,2024-12-11,,
1657,236,delivered,457 Macdonald River,Brandyborough,Barbados,2023-10-21,2023-10-26,2023-11-02
1658,403,delivered,49677 Renee Loop,Port Gregory,Bhutan,2025-11-10,2025-11-14,2025-11-18
1659,83,shipped,861 Henry Pike Suite 792,West Alexander,Bahamas,2025-08-23,2025-08-24,
1660,412,delivered,900 Richards Bridge,Melanieview,Northern Mariana Islands,2024-09-27,2024-09-28,2024-10-04
1661,436,delivered,3169 Gabriel Village Suite 284,Dawnchester,Oman,2024-05-09,2024-05-12,2024-05-19
1662,458,delivered,087 Douglas Estates Suite 096,Lake Alexis,Tonga,2025-12-07,2025-12-11,2025-12-13
1663,441,delivered,33404 Bowman Mission,Port Stevenbury,Taiwan,2025-07-28,2025-08-01,2025-08-07
1664,100,delivered,766 Howe Street Suite 106,East Matthew,United States Minor Outlying Islands,2025-03-14,2025-03-16,2025-03-20
1665,403,cancelled,636 Osborne Dam,Victoriamouth,Solomon Islands,2025-06-15,,
1666,454,cancelled,1382 Hill Stream,East Luis,Saint Vincent and the Grenadines,2025-07-26,,
1667,27,returned,89450 Richmond Villages,West Carlosborough,French Polynesia,2025-06-24,2025-06-25,2025-06-28
1668,337,delivered,755 Lopez Keys,Lake Rick,Djibouti,2022-10-15,2022-10-16,2022-10-22
1669,275,shipped,2588 Simpson Junctions Suite 068,North Sabrina,Honduras,2025-12-10,2025-12-14,
1670,494,delivered,81786 Blackburn Pines Apt. 085,West Nataliefurt,Nepal,2025-11-15,2025-11-17,2025-11-22
1671,93,delivered,533 Johnson Light Apt. 606,East Tylerfort,Denmark,2025-10-23,2025-10-26,2025-11-01
1672,49,delivered,6273 Anthony Cape,Davidmouth,Marshall Islands,2022-07-13,2022-07-18,2022-07-23
1673,450,delivered,94169 Kevin Villages Apt. 454,Kimtown,Iran,2025-12-17,2025-12-21,2025-12-22
1674,61,cancelled,7054 Sara Mills Suite 158,Kennethview,Bangladesh,2025-11-01,,
1675,164,shipped,579 Stacey Parkways,South Jason,Heard Island and McDonald Islands,2025-12-05,2025-12-06,
1676,169,confirmed,010 Melanie Bridge Suite 111,Elliottview,Reunion,2024-03-31,,
1677,59,confirmed,526 Michael Ferry Apt. 409,Port Reneeshire,Swaziland,2025-08-05,,
1678,420,delivered,13359 Troy Pine,South Michael,Chad,2025-12-06,2025-12-09,2025-12-15
1679,97,delivered,928 Lori Walks Apt. 609,Davidport,Korea,2025-08-26,2025-08-29,2025-09-05
1680,253,delivered,840 Hernandez Parkways,East Tammychester,Serbia,2025-09-22,2025-09-27,2025-09-28
1681,482,delivered,61389 Kaitlyn Shore Apt. 730,Port Kevin,Nigeria,2025-11-13,2025-11-16,2025-11-19
1682,486,delivered,647 Melissa Field,New Teresa,Djibouti,2025-12-15,2025-12-18,2025-12-20
1683,399,confirmed,5420 Christopher Dale Apt. 315,Lake Richard,Slovakia (Slovak Republic),2025-06-19,,
1684,460,delivered,417 Sarah Walks Apt. 595,Port Mary,Algeria,2025-12-26,2025-12-29,2026-01-04
1685,48,cancelled,3142 Scott Locks,Erictown,Reunion,2023-01-19,,
1686,235,delivered,5572 Ryan Tunnel,Port Thomasmouth,Guinea-Bissau,2025-03-16,2025-03-19,2025-03-24
1687,48,delivered,073 Maldonado Divide,Lake Lucashaven,Kiribati,2022-10-12,2022-10-15,2022-10-16
1688,499,delivered,8720 Gregg Village,Fitzgeraldfurt,Reunion,2025-12-22,2025-12-23,2025-12-30
1689,291,delivered,81846 Roberts Ferry Apt. 381,Wendystad,Georgia,2025-09-21,2025-09-26,2025-10-01
1690,226,delivered,43217 Kimberly Hills,East Scottchester,China,2025-09-05,2025-09-07,2025-09-14
1691,43,delivered,646 Salazar Lodge Suite 239,West Christopherchester,Saint Vincent and the Grenadines,2025-12-11,2025-12-12,2025-12-19
1692,164,delivered,832 Gary Fork Apt. 217,Christopherberg,Heard Island and McDonald Islands,2022-07-17,2022-07-19,2022-07-26
1693,112,delivered,091 Baldwin Freeway,Aprilville,Sao Tome and Principe,2024-12-24,2024-12-29,2025-01-02
1694,149,delivered,10972 Craig Forge Suite 332,Sueshire,Qatar,2024-12-14,2024-12-15,2024-12-18
1695,130,delivered,97971 Eric Loaf,North Kristintown,Qatar,2025-10-25,2025-10-27,2025-11-03
1696,253,delivered,3186 Berry Branch,Port Sandra,Saint Barthelemy,2025-04-22,2025-04-27,2025-05-03
1697,246,delivered,121 Hernandez Estate Suite 984,Hillbury,Netherlands Antilles,2024-07-21,2024-07-25,2024-07-27
1698,133,cancelled,908 David Ville Apt. 198,North Margaretfort,Puerto Rico,2025-01-20,,
1699,251,delivered,48872 Dean Prairie Apt. 106,Lake Amber,Guyana,2025-01-13,2025-01-18,2025-01-24
1700,100,delivered,9628 Pierce Extensions Apt. 032,South Jeffrey,Jamaica,2023-06-02,2023-06-04,2023-06-08
1701,32,shipped,3511 Joshua Causeway Apt. 099,West Jamesville,Pitcairn Islands,2024-05-25,2024-05-29,
1702,225,confirmed,9539 Carroll Greens Apt. 409,West William,Uganda,2025-12-29,,
1703,252,cancelled,5453 Turner Corner Suite 178,East Matthewbury,Congo,2025-05-11,,
1704,336,pending,4766 Howard Lodge Suite 934,South Lindseymouth,Hungary,2025-11-12,,
1705,3,pending,48200 David Island Apt. 852,Youngchester,Burkina Faso,2025-09-23,,
1706,350,cancelled,7913 Bryant Alley Suite 405,Sarahfurt,Italy,2025-11-19,,
1707,138,delivered,94914 Randall Groves Apt. 877,Nicholastown,Bhutan,2024-04-01,2024-04-02,2024-04-09
1708,281,delivered,6494 Gray Glens Suite 808,New Brandon,Turkmenistan,2025-09-08,2025-09-09,2025-09-16
1709,81,delivered,31113 Mariah Drives,East Kimberlymouth,Jordan,2025-02-05,2025-02-06,2025-02-11
1710,159,returned,4054 Yang Mountain Suite 931,Lambertchester,Saint Kitts and Nevis,2025-04-01,2025-04-02,2025-04-04
1711,341,confirmed,3644 Jackson Burg,Keithborough,Suriname,2025-10-11,,
1712,372,delivered,66598 Janice Drives Apt. 045,Taylorville,Mayotte,2023-02-26,2023-03-03,2023-03-06
1713,417,delivered,311 Nelson Crest,Erikatown,Gambia,2024-09-12,2024-09-17,2024-09-24
1714,110,delivered,99398 Robert Forks Suite 810,Chapmanland,French Polynesia,2024-03-23,2024-03-24,2024-03-25
1715,458,delivered,105 Santiago Ville Apt. 421,Jefferyshire,Korea,2025-08-10,2025-08-13,2025-08-18
1716,198,delivered,434 Lutz Stravenue Apt. 895,North Timothymouth,Reunion,2025-09-22,2025-09-23,2025-09-29
1717,326,cancelled,4259 Julia Falls,East Jennystad,Kazakhstan,2025-04-08,,
1718,451,pending,2251 Moran Mountains,Port Adambury,Trinidad and Tobago,2025-10-04,,
1719,347,delivered,860 Mcguire Camp Suite 686,Nicholestad,United Arab Emirates,2025-12-16,2025-12-20,2025-12-24
1720,112,delivered,57941 Daniel Squares,Juanhaven,Portugal,2024-05-23,2024-05-25,2024-05-31
1721,37,shipped,618 Robinson Roads Apt. 705,East Sarahborough,Luxembourg,2024-07-30,2024-08-01,
1722,369,delivered,144 Sheri View Apt. 345,Davidstad,Puerto Rico,2025-11-23,2025-11-28,2025-12-05
1723,152,delivered,845 Jason Course Suite 731,Jennifershire,Singapore,2025-09-17,2025-09-20,2025-09-22
1724,103,confirmed,5094 West Islands,West Jennifer,Namibia,2025-03-06,,
1725,185,confirmed,298 Thomas Squares Apt. 314,Whiteland,Kyrgyz Republic,2025-10-04,,
1726,236,delivered,597 Warner Ford,Gregorychester,Luxembourg,2024-07-16,2024-07-17,2024-07-20
1727,302,shipped,69304 James Springs,Henrymouth,United States of America,2022-08-26,2022-08-31,
1728,401,delivered,23971 Washington Burgs,West Stephanie,Zambia,2023-07-04,2023-07-09,2023-07-16
1729,317,delivered,12394 Levy Lane,Port Steven,Turkmenistan,2024-11-26,2024-11-29,2024-12-03
1730,69,returned,00432 Jasmin Meadows Apt. 081,North Max,Austria,2025-01-17,2025-01-20,2025-01-27
1731,495,cancelled,49176 Danny Cape Suite 678,Olsenhaven,Liechtenstein,2024-12-05,,
1732,128,delivered,772 Scott Divide Apt. 427,North Taylor,Saint Barthelemy,2025-05-18,2025-05-19,2025-05-20
1733,239,pending,11731 Katrina Shoals,Martinberg,India,2025-06-20,,
1734,114,pending,66924 Leslie Cove,Mezafort,Tunisia,2025-04-01,,
1735,69,pending,9297 Bean Mission Suite 176,New Shelia,Malta,2025-07-16,,
1736,206,pending,0084 Gonzalez Stravenue Suite 001,South April,Reunion,2025-10-30,,
1737,200,confirmed,35714 Grace Mission Apt. 112,Taylorbury,Japan,2025-05-26,,
1738,193,pending,66873 Torres Gardens,Blanchardland,Honduras,2025-02-21,,
1739,126,confirmed,78956 Grant Green,Bennettshire,Chad,2025-09-21,,
1740,102,cancelled,8114 Smith Avenue Apt. 618,North Karenburgh,Saint Vincent and the Grenadines,2025-12-24,,
1741,253,delivered,5052 Francisco Orchard Suite 553,South Jefferyborough,Chad,2025-02-23,2025-02-25,2025-02-27
1742,349,delivered,419 Williamson Wells Suite 828,Maryview,Togo,2024-02-19,2024-02-24,2024-02-25
1743,361,shipped,647 Heather Keys Apt. 427,Port Matthewton,Gambia,2025-08-29,2025-08-30,
1744,125,delivered,7341 Edward Squares Suite 096,Lake Ernest,Thailand,2024-01-02,2024-01-04,2024-01-11
1745,361,delivered,6093 Green Mill,Krauseborough,Vanuatu,2025-11-16,2025-11-20,2025-11-22
1746,378,returned,61016 David Throughway,Heidimouth,Malaysia,2024-11-09,2024-11-14,2024-11-18
1747,310,delivered,193 Maldonado Drive,Christinetown,Turkmenistan,2024-05-28,2024-06-01,2024-06-05
1748,450,pending,4222 Gomez Gateway,South Thomasfort,Singapore,2025-11-18,,
1749,323,delivered,1563 Johnson Rest Suite 571,South Markland,Malaysia,2023-07-27,2023-07-29,2023-08-05
1750,418,shipped,8590 Brian Ridge,East Brianberg,Northern Mariana Islands,2024-03-07,2024-03-12,
1751,122,shipped,334 Bonilla Flats,Darylmouth,Djibouti,2025-11-27,2025-12-01,
1752,224,delivered,63186 White Fort Suite 862,East Matthew,Nepal,2025-11-03,2025-11-06,2025-11-09
1753,355,returned,64647 York Union Suite 432,New Brian,Liechtenstein,2025-07-05,2025-07-07,2025-07-12
1754,147,delivered,397 Jimmy Brook,Tuckerhaven,Saudi Arabia,2025-04-20,2025-04-24,2025-04-29
1755,1,returned,4127 Joshua Shores,West Sarah,Zimbabwe,2025-05-14,2025-05-16,2025-05-23
1756,216,delivered,30624 Russell Isle,Rothborough,Equatorial Guinea,2024-09-08,2024-09-12,2024-09-16
1757,458,delivered,2572 Terri Tunnel,Cardenasshire,Micronesia,2025-06-16,2025-06-19,2025-06-24
1758,114,shipped,0489 Beverly Rue,Kaylastad,Cambodia,2023-12-30,2024-01-04,
1759,213,delivered,49027 Graves Glen Suite 509,North Dillonland,Armenia,2025-12-16,2025-12-20,2025-12-27
1760,12,shipped,2278 Patricia Street,Aliciaside,Turkey,2025-06-15,2025-06-16,
1761,395,delivered,2991 Victoria Estates Suite 232,Lake Brianhaven,Georgia,2024-08-04,2024-08-07,2024-08-11
1762,205,returned,0258 Dawson Orchard Suite 092,Dianamouth,Malta,2025-01-21,2025-01-26,2025-02-01
1763,307,delivered,945 Smith Loaf Suite 415,Williammouth,Montenegro,2024-12-18,2024-12-23,2024-12-25
1764,360,delivered,407 Wright Haven Apt. 802,West Meganside,Lithuania,2025-07-24,2025-07-28,2025-07-30
1765,448,confirmed,84497 Paula Road,Richardberg,Gambia,2025-11-21,,
1766,140,returned,13119 Brian Junction Suite 495,Ginamouth,Brunei Darussalam,2024-02-16,2024-02-19,2024-02-26
1767,149,delivered,392 Maxwell Creek,East Janet,Zambia,2025-06-12,2025-06-16,2025-06-17
1768,164,pending,2920 Warner Gardens Apt. 171,East Angelafort,Mongolia,2024-10-03,,
1769,158,delivered,7009 Watkins River Apt. 940,East Jonathan,Syrian Arab Republic,2024-03-10,2024-03-15,2024-03-19
1770,10,cancelled,3767 Flores Overpass,Jessicaberg,Bulgaria,2025-01-18,,
1771,65,delivered,71245 Lisa Inlet Suite 736,Robertville,India,2025-01-02,2025-01-06,2025-01-10
1772,89,delivered,831 Randy Lights Suite 525,New Crystal,Martinique,2025-02-23,2025-02-27,2025-03-05
1773,11,delivered,7832 Andrew Parkways Suite 644,East Michael,Luxembourg,2024-07-11,2024-07-16,2024-07-19
1774,346,delivered,783 Andersen Flat,Port Brian,French Polynesia,2024-12-28,2025-01-01,2025-01-02
1775,372,cancelled,90024 Conley Walk Apt. 505,Margaretmouth,Liberia,2024-06-16,,
1776,360,delivered,96804 Hanson Grove,West Sarah,Uganda,2024-03-11,2024-03-14,2024-03-19
1777,141,delivered,687 Thompson Plaza,Port Jasonhaven,Maldives,2024-03-01,2024-03-06,2024-03-07
1778,176,delivered,8710 Stefanie Hill Apt. 906,South Calvin,Bermuda,2023-08-12,2023-08-13,2023-08-18
1779,283,delivered,8855 Wendy Loaf,New Jesse,Venezuela,2024-10-10,2024-10-14,2024-10-21
1780,156,delivered,287 Cory Junctions,North Derekchester,Lesotho,2025-10-13,2025-10-15,2025-10-22
1781,500,confirmed,8873 Davis Motorway Apt. 377,Dixonville,Greenland,2025-05-09,,
1782,360,confirmed,099 Jimenez Park,Robertside,France,2024-10-12,,
1783,134,delivered,9617 Mary Mission Suite 596,Zhangton,Netherlands,2024-09-04,2024-09-06,2024-09-08
1784,284,delivered,896 Robinson Club,Stephenside,Korea,2025-04-01,2025-04-04,2025-04-05
1785,485,delivered,15045 Michelle Creek,Meyerland,Swaziland,2025-12-04,2025-12-08,2025-12-14
1786,97,delivered,6627 Katherine Ways,Hillfort,United States Virgin Islands,2025-12-23,2025-12-28,2026-01-02
1787,100,delivered,1732 Potts Crossing Apt. 858,Lake Kimberlyfort,Italy,2024-11-19,2024-11-21,2024-11-24
1788,4,delivered,74314 Miller Walk,Christinastad,South Africa,2024-06-08,2024-06-10,2024-06-12
1789,270,pending,60770 Nicholas Heights Suite 972,South Vincentburgh,Zambia,2025-12-21,,
1790,280,shipped,56406 Gay Club,Davidbury,Tajikistan,2025-09-21,2025-09-26,
1791,39,delivered,5605 Davis Port Suite 210,Danielmouth,Honduras,2022-10-14,2022-10-18,2022-10-24
1792,193,cancelled,164 Kimberly Springs,Lake Stevenhaven,Chad,2025-04-17,,
1793,398,delivered,74503 Jonathan Canyon Apt. 703,Ruthfort,Belgium,2025-03-21,2025-03-25,2025-03-27
1794,351,delivered,660 Amy Tunnel,Ryanchester,Malaysia,2025-06-28,2025-07-03,2025-07-10
1795,300,delivered,875 Kim Causeway Suite 351,Jamesfort,Costa Rica,2025-04-30,2025-05-02,2025-05-07
1796,32,cancelled,1017 Daniels Glens,Martinville,Moldova,2025-12-06,,
1797,181,confirmed,6393 Kenneth Springs,Port Davidland,American Samoa,2025-06-01,,
1798,111,shipped,8162 Amber Spur,North Amy,Grenada,2025-10-01,2025-10-06,
1799,86,shipped,381 Lisa Meadow Apt. 091,North Anita,Switzerland,2025-12-13,2025-12-17,
1800,221,shipped,0595 West Station,Amyburgh,Sierra Leone,2025-10-05,2025-10-10,
1801,462,delivered,2690 William Road,East Katherine,Spain,2025-10-04,2025-10-05,2025-10-09
1802,315,confirmed,4572 Ronald Viaduct Suite 555,North Patrickberg,Mali,2024-05-15,,
1803,25,delivered,6675 Palmer Courts,Port Jamesberg,Poland,2024-10-23,2024-10-26,2024-10-31
1804,154,delivered,899 Shelly Port,Elizabethland,Tanzania,2025-06-15,2025-06-17,2025-06-22
1805,399,cancelled,9521 Lynch Isle Apt. 725,Lake Sharonberg,Gibraltar,2023-08-14,,
1806,478,cancelled,19786 Morse Lake Suite 277,New Chad,Nepal,2024-11-20,,
1807,154,delivered,05928 Erika Inlet,South Thomas,Guernsey,2025-06-20,2025-06-24,2025-06-25
1808,145,delivered,4042 Cory Hollow,Tammyfort,Rwanda,2023-04-02,2023-04-04,2023-04-10
1809,487,shipped,13694 Lee Common Apt. 852,Rebeccaton,Somalia,2025-11-22,2025-11-25,
1810,114,delivered,9442 Monica Camp,North Jermaine,Czech Republic,2025-08-26,2025-08-27,2025-08-31
1811,140,shipped,512 Dominguez Fort,New Robertshire,Bahamas,2023-06-16,2023-06-20,
1812,341,confirmed,55019 Solis Islands,Robinburgh,Israel,2025-05-18,,
1813,261,delivered,866 Dougherty Tunnel Apt. 921,East Holly,Mozambique,2025-12-23,2025-12-24,2025-12-28
1814,424,delivered,89830 Anne Trafficway,Zacharychester,Jersey,2025-11-30,2025-12-03,2025-12-09
1815,496,confirmed,17248 Woodward Knoll Apt. 566,South Amy,Sweden,2023-07-13,,
1816,305,delivered,8458 Holland Glens,South Ashleyberg,Thailand,2025-12-27,2025-12-30,2026-01-01
1817,293,shipped,32162 White Pass,South Theresa,Uruguay,2025-10-13,2025-10-18,
1818,433,confirmed,487 Johnson Trail Apt. 770,Port Courtney,Spain,2025-11-15,,
1819,259,delivered,06066 Taylor Lakes Apt. 707,South Shannon,Grenada,2025-12-25,2025-12-29,2026-01-03
1820,200,delivered,92555 Reed Bypass,Marshallview,South Africa,2025-08-08,2025-08-12,2025-08-19
1821,148,returned,9119 Walker Forges,Whiteville,Lesotho,2023-11-06,2023-11-07,2023-11-09
1822,276,delivered,580 Shannon Mission Apt. 512,Port Robinfort,Canada,2024-10-27,2024-10-30,2024-11-01
1823,275,delivered,62422 Parker Drive,Davidburgh,Vanuatu,2025-12-08,2025-12-13,2025-12-15
1824,65,pending,190 West Skyway,Carlosmouth,Bosnia and Herzegovina,2024-10-14,,
1825,42,delivered,6689 Harris Estate,Lake Georgeville,Solomon Islands,2025-11-13,2025-11-18,2025-11-19
1826,106,delivered,76121 Andrew Ridges Suite 669,Reedton,Japan,2025-05-02,2025-05-07,2025-05-09
1827,434,delivered,34775 Dalton Crossroad Apt. 352,West Traciestad,Malta,2024-01-11,2024-01-14,2024-01-20
1828,63,delivered,8486 Jennifer Station,Port Edwardtown,Syrian Arab Republic,2025-12-29,2025-12-30,2026-01-03
1829,85,delivered,748 Brady Canyon,East Brianview,Australia,2024-10-31,2024-11-05,2024-11-10
1830,185,delivered,128 Tucker Glens Suite 238,Mullinsshire,Fiji,2025-07-23,2025-07-24,2025-07-26
1831,58,delivered,7003 Kathleen Ways,East Jason,Turkey,2025-06-05,2025-06-08,2025-06-13
1832,206,delivered,6342 Curtis Ferry,Whitestad,Bosnia and Herzegovina,2024-10-17,2024-10-22,2024-10-26
1833,99,delivered,93298 Jonathan Turnpike Suite 488,Port Stephenburgh,United States of America,2024-05-19,2024-05-21,2024-05-24
1834,369,confirmed,69765 Calhoun Prairie Suite 143,Foxville,Philippines,2025-11-26,,
1835,185,shipped,721 Taylor Ridge,Joneschester,Singapore,2025-12-28,2025-12-30,
1836,109,delivered,450 Renee Terrace,New Kyle,Lesotho,2025-08-15,2025-08-18,2025-08-24
1837,268,confirmed,088 Julie Islands Suite 747,Port Misty,Saint Martin,2025-11-18,,
1838,476,delivered,09909 Nicole Islands Suite 178,Loriview,Bulgaria,2025-12-30,2026-01-02,2026-01-04
1839,93,returned,15450 Taylor Summit,South Scott,Russian Federation,2025-11-26,2025-11-28,2025-12-02
1840,83,delivered,3348 Shannon River,North Rebeccachester,French Southern Territories,2025-08-30,2025-08-31,2025-09-03
1841,258,cancelled,7387 Cunningham Cape Suite 025,Jennifermouth,Kyrgyz Republic,2025-10-05,,
1842,100,delivered,71354 Glass Locks,Froststad,Afghanistan,2024-05-04,2024-05-08,2024-05-13
1843,168,delivered,105 Douglas Divide Apt. 566,Stacyfurt,Lithuania,2025-04-28,2025-05-01,2025-05-07
1844,462,delivered,742 Jennifer Motorway,Port Jenna,Chile,2025-11-12,2025-11-15,2025-11-20
1845,477,delivered,5596 Cooper Common,North Charlesland,French Southern Territories,2025-04-29,2025-05-03,2025-05-05
1846,263,confirmed,5159 Larson Ferry Suite 690,Christopherfurt,Palau,2025-10-11,,
1847,258,delivered,594 Fox Landing Apt. 928,New Monicaborough,Papua New Guinea,2025-03-23,2025-03-28,2025-03-31
1848,177,returned,38557 Williams Causeway,North Joseph,Israel,2024-08-18,2024-08-19,2024-08-21
1849,430,delivered,2770 Clark Freeway,Ronnieview,Philippines,2023-10-01,2023-10-02,2023-10-09
1850,1,cancelled,835 Hayden Station,Robertsport,Anguilla,2025-09-07,,
1851,154,delivered,4981 Stephanie Ville Suite 360,Reedstad,Faroe Islands,2025-08-12,2025-08-14,2025-08-15
1852,56,confirmed,098 Linda Way,Port Veronicafort,Bouvet Island (Bouvetoya),2023-09-17,,
1853,145,shipped,50235 Wolf Island,Lake Steven,Ukraine,2025-02-09,2025-02-10,
1854,77,delivered,45749 William Park,Port David,Israel,2025-12-22,2025-12-25,2025-12-30
1855,272,returned,22540 Alan Lock Suite 673,New Eric,Aruba,2024-11-10,2024-11-11,2024-11-18
1856,400,cancelled,8488 Morris Track,North Amanda,Costa Rica,2023-05-01,,
1857,391,delivered,8462 Phillip Shores Apt. 748,South Brendafort,Paraguay,2025-09-07,2025-09-08,2025-09-12
1858,421,shipped,29149 Edwards Streets,Port David,Isle of Man,2024-03-18,2024-03-22,
1859,321,delivered,3627 Lisa Road Suite 634,North Christopher,American Samoa,2025-11-28,2025-12-02,2025-12-04
1860,8,delivered,227 Cindy Manor Suite 553,Kristinaport,Guam,2025-07-11,2025-07-15,2025-07-20
1861,43,delivered,6042 Clark Street Apt. 551,New Daniellestad,Svalbard & Jan Mayen Islands,2025-12-20,2025-12-22,2025-12-28
1862,419,delivered,864 Jennifer Haven Suite 236,Davidsonbury,Angola,2025-02-07,2025-02-08,2025-02-12
1863,164,delivered,88664 Tonya Summit,Savannahton,Cocos (Keeling) Islands,2025-10-19,2025-10-20,2025-10-24
1864,488,confirmed,8866 John Forges,Sheilaport,Saudi Arabia,2025-07-16,,
1865,261,shipped,568 Sara Mountains,North Crystalhaven,Guinea-Bissau,2025-11-18,2025-11-23,
1866,237,delivered,7851 Mitchell Flat,New Valerie,Romania,2025-12-09,2025-12-12,2025-12-19
1867,339,cancelled,5256 Figueroa Rapids,Lake Jacobburgh,Chile,2025-12-05,,
1868,405,confirmed,319 Dawn Mills Apt. 153,Port Sarah,Serbia,2024-04-02,,
1869,190,cancelled,37819 Anderson Points Suite 480,Aaronfurt,Cocos (Keeling) Islands,2025-11-06,,
1870,333,delivered,73960 Miller Springs Suite 349,North Clifford,American Samoa,2025-04-15,2025-04-20,2025-04-23
1871,94,shipped,31922 Brian Stravenue Suite 624,Coxfort,Armenia,2024-10-10,2024-10-11,
1872,265,shipped,58411 Jackson Stream,West Josephhaven,Bolivia,2025-12-24,2025-12-29,
1873,137,delivered,65360 Joseph Land Suite 402,South Walter,Korea,2025-10-14,2025-10-17,2025-10-19
1874,68,delivered,7109 Reed Neck,North Xavier,Argentina,2025-08-09,2025-08-14,2025-08-18
1875,479,delivered,473 Jackson Isle,South Christina,Mauritius,2025-07-21,2025-07-22,2025-07-26
1876,334,cancelled,55378 Jason Plains,Port Brandon,Switzerland,2025-12-28,,
1877,50,confirmed,889 Schmidt Haven,Shawnside,Zimbabwe,2025-04-06,,
1878,55,delivered,5265 Dawn Heights,West Catherine,Panama,2024-10-28,2024-10-30,2024-11-02
1879,140,shipped,08579 Jill Cliff,North Kimberly,Turks and Caicos Islands,2023-03-11,2023-03-12,
1880,426,delivered,99995 Raymond Summit Suite 549,Marshallberg,Azerbaijan,2023-03-24,2023-03-27,2023-03-30
1881,65,delivered,77880 Kathleen Divide,Lake Tracybury,Syrian Arab Republic,2025-01-24,2025-01-28,2025-01-30
1882,432,delivered,56811 Robert Union Apt. 637,Kevinmouth,Antarctica (the territory South of 60 deg S),2023-06-21,2023-06-24,2023-06-30
1883,398,delivered,115 Arnold Locks,New Christopherhaven,Hong Kong,2025-07-08,2025-07-10,2025-07-11
1884,313,shipped,37778 Robinson Groves,New Kathryn,Cyprus,2022-03-05,2022-03-09,
1885,19,delivered,7273 Cody Orchard,Jenniferburgh,Philippines,2024-04-14,2024-04-17,2024-04-20
1886,20,pending,035 Brianna Port,South Christina,French Southern Territories,2025-11-22,,
1887,277,delivered,14934 Tate Mall,Christopherborough,Senegal,2023-11-16,2023-11-20,2023-11-21
1888,80,delivered,93895 Holmes Avenue Suite 203,Emmamouth,Peru,2025-08-22,2025-08-26,2025-08-28
1889,133,cancelled,7054 Odonnell Ports,North Danaville,Hungary,2022-12-26,,
1890,477,delivered,57763 Huffman Lodge Apt. 120,Joannaburgh,Pakistan,2024-05-25,2024-05-27,2024-05-31
1891,27,delivered,8971 Julie Land Apt. 256,New Stephaniechester,Timor-Leste,2023-06-30,2023-07-03,2023-07-05
1892,83,delivered,536 Kaufman Avenue,South Mary,Angola,2025-08-22,2025-08-27,2025-09-03
1893,138,delivered,6970 Hannah Ridges Suite 635,North Kristina,Pitcairn Islands,2023-05-11,2023-05-15,2023-05-17
1894,350,returned,02233 Cody Parkway Suite 798,Port Blakeside,Sweden,2025-05-05,2025-05-10,2025-05-17
1895,206,delivered,21234 Alvarez Crossing,North Margaretburgh,Kyrgyz Republic,2023-04-15,2023-04-20,2023-04-25
1896,317,delivered,751 Lopez Ridges,Bushfort,Kuwait,2025-05-20,2025-05-22,2025-05-26
1897,148,delivered,64114 Andrea Plain Apt. 011,Kennethmouth,Guam,2023-07-04,2023-07-05,2023-07-11
1898,317,cancelled,26565 Cynthia Square,Brianport,Benin,2024-08-04,,
1899,110,delivered,5311 Miller Lodge Apt. 953,Port Frederick,Gabon,2025-01-22,2025-01-26,2025-02-01
1900,484,delivered,7082 Blake Parks Suite 344,Kristaside,Togo,2023-10-20,2023-10-23,2023-10-28
1901,356,delivered,0005 Jose Crossing,Colliermouth,Kazakhstan,2025-03-13,2025-03-16,2025-03-22
1902,500,shipped,427 Calvin Hills Apt. 499,West Davidville,Saint Pierre and Miquelon,2024-08-16,2024-08-18,
1903,31,cancelled,056 Stephanie Path,Port Jerry,Malawi,2024-01-20,,
1904,31,confirmed,379 Ricardo Lake Apt. 554,Herreraton,Malta,2023-09-26,,
1905,146,pending,18144 Michael Greens,Braunside,Lebanon,2024-11-03,,
1906,22,delivered,4009 Sherman Station Suite 805,Port Carrie,Macao,2024-12-16,2024-12-21,2024-12-22
1907,70,confirmed,51072 Zachary Lodge Suite 797,Jenniferville,Palau,2025-10-07,,
1908,385,pending,55022 Shane Vista Suite 069,South Adam,Jamaica,2023-01-11,,
1909,392,delivered,17615 Kenneth Crescent Apt. 654,West Rickey,Hong Kong,2023-05-19,2023-05-20,2023-05-24
1910,167,delivered,6643 Natalie Courts,Maryburgh,Switzerland,2025-01-03,2025-01-07,2025-01-10
1911,439,delivered,504 Ford Glens Suite 168,Brownfort,Dominican Republic,2025-05-19,2025-05-20,2025-05-27
1912,473,delivered,993 Christopher Mountain,Port Jacquelineland,Bulgaria,2025-06-10,2025-06-12,2025-06-14
1913,429,delivered,11109 Sharp Path Suite 384,East Lisa,Azerbaijan,2025-05-02,2025-05-03,2025-05-09
1914,410,returned,254 Hooper Road Suite 879,East Henry,Belgium,2025-08-31,2025-09-05,2025-09-10
1915,43,returned,42800 Matthew Turnpike,East Amanda,Monaco,2025-12-30,2026-01-01,2026-01-04
1916,264,cancelled,25916 Smith Ferry,Hallfort,Georgia,2025-05-22,,
1917,305,delivered,4811 Robinson Island,East Sara,Cayman Islands,2025-12-27,2025-12-29,2026-01-01
1918,22,delivered,056 Donald Fort Suite 630,East Joseph,Bulgaria,2025-05-24,2025-05-27,2025-06-03
1919,254,pending,7114 John Rapid,Robinsonstad,Cameroon,2023-10-16,,
1920,346,delivered,015 Matthew Glens,East Joseport,Norfolk Island,2024-07-29,2024-08-01,2024-08-03
1921,223,delivered,660 Olivia Square,Mullenfurt,Mali,2024-12-27,2024-12-30,2025-01-03
1922,209,cancelled,337 Heather Glen,Laneburgh,French Guiana,2024-09-20,,
1923,46,shipped,71615 Jensen Courts,New Amber,Svalbard & Jan Mayen Islands,2025-08-11,2025-08-15,
1924,43,delivered,1222 Ferrell Station,East Raymond,Mali,2025-09-28,2025-09-29,2025-10-04
1925,369,delivered,66193 Freeman Park,Knoxville,Liechtenstein,2025-08-16,2025-08-21,2025-08-22
1926,332,delivered,3409 Wood Skyway,Connorberg,Austria,2025-10-09,2025-10-12,2025-10-18
1927,398,shipped,4481 Jared Way Suite 504,East Carlside,Thailand,2024-04-17,2024-04-18,
1928,262,confirmed,4454 Harrington Springs,North Kristinestad,China,2025-06-21,,
1929,410,delivered,3974 Courtney Unions,West Justinton,Iraq,2025-10-23,2025-10-26,2025-10-28
1930,349,delivered,0616 Joshua Junctions Apt. 519,Port Amanda,Swaziland,2023-09-23,2023-09-28,2023-10-03
1931,290,delivered,72341 Natasha Road,Phillipsland,Mali,2025-08-25,2025-08-28,2025-08-29
1932,2,delivered,6287 Daniel Alley Suite 939,Proctorstad,New Caledonia,2025-01-29,2025-02-02,2025-02-03
1933,129,pending,132 John Cliff,Duffyview,Jamaica,2024-10-15,,
1934,406,delivered,77586 Kevin Oval Apt. 466,Port Richardburgh,Netherlands,2024-11-10,2024-11-12,2024-11-19
1935,323,shipped,35636 Smith Roads,East Scott,Cameroon,2024-02-03,2024-02-07,
1936,288,delivered,94490 Knight Manors,East Jenniferton,Angola,2024-07-14,2024-07-17,2024-07-19
1937,32,returned,011 Lang Port,Jimland,Montenegro,2025-04-04,2025-04-08,2025-04-10
1938,108,delivered,2313 Gaines Wall Apt. 696,Grantburgh,Holy See (Vatican City State),2025-11-01,2025-11-03,2025-11-04
1939,196,delivered,22163 Jake Unions Apt. 675,Herringstad,Jordan,2025-12-01,2025-12-03,2025-12-07
1940,257,delivered,420 Anderson Brooks Suite 933,Cannonshire,United States Virgin Islands,2023-09-30,2023-10-01,2023-10-03
1941,94,returned,5185 Kayla Glen Suite 148,Lake Nicole,Albania,2024-11-08,2024-11-09,2024-11-10
1942,187,shipped,30965 Swanson Vista Apt. 294,Obrienside,Malta,2025-10-08,2025-10-09,
1943,368,delivered,74684 Amber Run Suite 984,North Sharonhaven,Croatia,2025-02-27,2025-03-04,2025-03-05
1944,132,delivered,11008 Betty Village,Markshaven,Argentina,2024-11-29,2024-12-02,2024-12-05
1945,186,delivered,4496 Whitaker Shore,Cohentown,Namibia,2023-06-17,2023-06-20,2023-06-21
1946,62,delivered,2234 Jeanette Plains Apt. 312,East Brian,Vanuatu,2024-10-04,2024-10-08,2024-10-13
1947,435,cancelled,936 Amanda Harbors,Lake Michael,India,2025-09-04,,
1948,489,delivered,4320 Katrina Trail,Robertmouth,Togo,2025-12-10,2025-12-11,2025-12-16
1949,309,delivered,682 Barnes Shores Apt. 945,Michaelstad,Brazil,2025-08-16,2025-08-21,2025-08-27
1950,255,delivered,82017 Jamie Mews,Martinland,Mongolia,2025-07-17,2025-07-20,2025-07-25
1951,12,delivered,360 Bianca Gardens,Port Amy,Guernsey,2024-02-17,2024-02-19,2024-02-22
1952,126,shipped,167 Kiara Mount,East Mark,Micronesia,2025-06-04,2025-06-05,
1953,424,delivered,592 Heather Lights Suite 743,Port David,Turks and Caicos Islands,2025-12-25,2025-12-28,2025-12-30
1954,189,delivered,65906 Douglas Oval,Grayland,Kuwait,2025-10-09,2025-10-11,2025-10-18
1955,459,shipped,56138 Beard Lane Suite 606,Mccormickville,Mauritania,2024-03-25,2024-03-28,
1956,434,shipped,89477 Montgomery River,West Yvette,Tokelau,2024-06-28,2024-07-02,
1957,439,confirmed,43760 Jeffrey Highway Suite 446,Hortonchester,Pakistan,2025-06-20,,
1958,29,delivered,8904 Shields Islands,Port Josephfort,Saint Helena,2025-01-04,2025-01-07,2025-01-10
1959,299,delivered,7672 Jason Circle,Mcdanielton,Belize,2025-01-24,2025-01-29,2025-02-03
1960,354,cancelled,64825 Wayne Manors,Mejiaberg,Bermuda,2025-06-23,,
1961,339,shipped,92996 Michael Summit Apt. 147,South Guymouth,France,2025-04-15,2025-04-17,
1962,438,delivered,5551 Fox Centers,Stewartmouth,Albania,2025-07-27,2025-07-29,2025-08-03
1963,115,cancelled,668 Luis Mill Suite 078,Flynnmouth,Haiti,2025-06-17,,
1964,175,delivered,029 Davis Ranch,Larsonberg,Kuwait,2025-08-17,2025-08-21,2025-08-23
1965,68,delivered,633 Jessica Meadow Suite 281,Lisaside,Eritrea,2025-11-30,2025-12-03,2025-12-07
1966,153,delivered,74368 Karen Park Suite 279,Brownview,Bouvet Island (Bouvetoya),2023-03-09,2023-03-14,2023-03-19
1967,223,delivered,96287 Macias Lights Suite 538,North Heatherstad,Turkmenistan,2025-06-09,2025-06-13,2025-06-17
1968,302,delivered,503 Robles Roads Apt. 968,New Daniel,Korea,2025-12-21,2025-12-26,2025-12-31
1969,480,delivered,444 King Inlet Apt. 755,Marshbury,Ukraine,2025-11-15,2025-11-19,2025-11-22
1970,230,confirmed,1590 Amy Oval,East Robert,Slovakia (Slovak Republic),2024-12-29,,
1971,207,shipped,9056 Mcknight Skyway,Lake Kaylamouth,Italy,2025-09-25,2025-09-26,
1972,107,delivered,95594 Irwin Summit,Jonesland,Bahrain,2025-12-10,2025-12-14,2025-12-21
1973,113,shipped,1783 Amber Centers,Taylorfurt,Saint Martin,2024-09-19,2024-09-23,
1974,11,delivered,42236 Brenda Ports Apt. 521,Port Margaret,Guernsey,2023-11-23,2023-11-25,2023-11-26
1975,245,pending,0067 Jones Ranch Apt. 309,Port Josephchester,Costa Rica,2023-01-15,,
1976,295,delivered,74889 Logan Haven Apt. 989,Gailside,Haiti,2025-01-04,2025-01-09,2025-01-16
1977,267,shipped,0528 Williams Pines Apt. 314,Patriciaside,Mayotte,2025-12-05,2025-12-07,
1978,326,shipped,4589 Sanchez Motorway Apt. 979,Smithport,Papua New Guinea,2022-06-16,2022-06-17,
1979,483,shipped,545 Garner Greens,Derekside,Mozambique,2025-04-18,2025-04-21,
1980,334,returned,3367 Smith Shores,North Nicole,Denmark,2025-06-01,2025-06-05,2025-06-06
1981,142,delivered,0064 Guerra Manor,Karenstad,Rwanda,2023-08-30,2023-08-31,2023-09-06
1982,150,delivered,60895 Danny Groves,Lake Edward,Botswana,2023-08-26,2023-08-29,2023-09-05
1983,235,delivered,75247 Johnson Estates Suite 777,Gibsonport,Cyprus,2025-11-28,2025-11-29,2025-12-06
1984,440,cancelled,4449 Richard Walk Suite 183,East Saraport,Saint Lucia,2025-09-13,,
1985,275,delivered,6698 Williams Ways Apt. 599,Sharonchester,Cyprus,2025-12-11,2025-12-13,2025-12-15
1986,133,shipped,7726 Simpson Port Suite 061,East Davidburgh,Guatemala,2024-05-15,2024-05-20,
1987,64,returned,4358 Heath Divide,Joanfurt,United States of America,2024-11-27,2024-12-01,2024-12-05
1988,246,pending,356 Alisha Ports Suite 452,Mcfarlandchester,Djibouti,2024-08-21,,
1989,45,delivered,1469 Singleton Brooks,Lake Christina,Guam,2025-11-03,2025-11-07,2025-11-09
1990,276,shipped,90946 Oliver Lane,Port Christopher,Guam,2024-07-04,2024-07-07,
1991,105,confirmed,40916 Stephenson Hills,Williamsborough,Saint Pierre and Miquelon,2024-02-08,,
1992,178,delivered,683 Castillo Vista,Lake Monica,Qatar,2024-11-21,2024-11-24,2024-11-30
1993,276,delivered,143 Mark Key Suite 658,Port Sydney,Cyprus,2024-09-27,2024-10-02,2024-10-07
1994,201,delivered,64734 Christopher Parks,Port Leslie,Palau,2025-12-28,2026-01-01,2026-01-07
1995,443,delivered,1301 Crystal Mountains,Dustinshire,Denmark,2022-11-29,2022-12-02,2022-12-07
1996,211,delivered,74720 Carpenter Junctions,East Tony,Namibia,2024-09-17,2024-09-22,2024-09-23
1997,485,delivered,69617 Jessica Branch,Port Anthony,Tunisia,2025-09-09,2025-09-12,2025-09-19
1998,363,delivered,71087 Blair Road,New Larryside,Malta,2023-03-30,2023-04-01,2023-04-05
1999,36,delivered,68228 Paul Junctions,North Mark,Ecuador,2022-03-24,2022-03-28,2022-03-29
2000,188,delivered,05085 Shawn Spring Suite 836,Reneefurt,Trinidad and Tobago,2025-12-08,2025-12-12,2025-12-13
