payment_id,order_id,payment_method,payment_status,amount,payment_date
1,1,paypal,completed,764.63,2025-12-22
2,2,paypal,completed,2925.18,2025-03-02
3,2,bank_transfer,completed,1258.1,2025-03-03
4,3,credit_card,refunded,6361.47,2025-12-30
5,4,debit_card,completed,1317.61,2024-05-20
6,4,debit_card,completed,2118.43,2024-05-20
7,5,google_pay,completed,374.78,2025-07-12
8,5,bank_transfer,completed,482.58,2025-07-12
9,6,apple_pay,refunded,4159.37,2024-06-25
10,7,paypal,completed,1061.96,2024-09-15
11,7,debit_card,completed,1475.84,2024-09-17
12,8,bank_transfer,failed,933.82,2025-05-05
13,8,apple_pay,failed,1629.41,2025-05-07
14,9,apple_pay,pending,2827.9,2023-04-09
15,10,apple_pay,completed,4562.9,2025-01-28
16,11,apple_pay,completed,3098.97,2024-09-11
17,12,google_pay,failed,6251.16,2025-12-18
18,13,apple_pay,completed,5521.13,2024-08-29
19,13,google_pay,completed,3090.4,2024-08-31
20,14,bank_transfer,completed,854.13,2024-02-11
21,14,apple_pay,completed,526.39,2024-02-12
22,15,google_pay,completed,2439.92,2025-02-04
23,16,credit_card,completed,1026.62,2024-04-30
24,17,debit_card,failed,3419.89,2025-02-06
25,18,debit_card,completed,4575.64,2025-12-20
26,19,apple_pay,failed,1099.22,2024-06-27
27,19,google_pay,failed,1471.32,2024-06-29
28,20,google_pay,pending,2466.43,2024-12-19
29,21,credit_card,completed,191.41,2024-08-13
30,22,bank_transfer,completed,3064.4,2025-07-24
31,23,bank_transfer,completed,1066.18,2023-04-24
32,24,credit_card,completed,3791.6,2024-09-06
33,25,debit_card,completed,4207.42,2024-02-23
34,26,bank_transfer,completed,386.74,2024-06-29
35,27,google_pay,completed,4136.13,2025-08-30
36,28,paypal,completed,1327.93,2025-09-29
37,29,credit_card,completed,2352.58,2025-07-17
38,30,apple_pay,completed,687.15,2024-01-15
39,31,credit_card,completed,122.19,2025-07-29
40,31,paypal,completed,165.09,2025-07-29
41,32,google_pay,completed,1015.12,2025-09-09
42,33,bank_transfer,failed,2183.08,2025-06-28
43,34,credit_card,completed,2026.45,2022-04-11
44,35,credit_card,failed,405.86,2025-04-15
45,36,apple_pay,completed,789.87,2025-09-06
46,37,debit_card,completed,4960.2,2025-11-20
47,38,debit_card,completed,1210.57,2025-03-31
48,39,apple_pay,pending,277.42,2023-04-02
49,40,debit_card,completed,6160.8,2025-04-03
50,41,apple_pay,completed,907.3,2025-04-25
51,41,debit_card,completed,1620.51,2025-04-25
52,42,debit_card,completed,4243.8,2023-07-20
53,43,apple_pay,completed,1580.09,2023-10-15
54,43,apple_pay,completed,1018.82,2023-10-16
55,44,bank_transfer,completed,1745.81,2024-04-29
56,45,debit_card,completed,3048.78,2025-07-26
57,46,bank_transfer,completed,558.89,2025-08-27
58,47,credit_card,completed,3571.12,2024-05-06
59,47,credit_card,completed,5168.42,2024-05-06
60,48,apple_pay,completed,638.54,2024-12-27
61,48,bank_transfer,completed,600.86,2024-12-29
62,49,bank_transfer,completed,6381.96,2025-11-09
63,50,apple_pay,completed,1220.26,2024-09-15
64,51,google_pay,completed,7299.43,2025-10-02
65,52,apple_pay,completed,2051.03,2023-12-05
66,53,debit_card,completed,2782.26,2024-02-14
67,54,credit_card,completed,2162.77,2025-06-22
68,54,google_pay,completed,3558.25,2025-06-24
69,55,credit_card,completed,5453.87,2024-12-01
70,56,credit_card,completed,1774.52,2025-01-29
71,57,google_pay,completed,5206.23,2025-05-24
72,58,google_pay,completed,1849.07,2024-06-16
73,58,google_pay,completed,2664.53,2024-06-16
74,59,debit_card,completed,6345.03,2025-08-01
75,60,paypal,completed,3014.34,2024-08-19
76,61,google_pay,completed,6159.91,2025-12-08
77,62,apple_pay,pending,1868.03,2025-03-08
78,63,bank_transfer,completed,339.86,2025-10-16
79,64,bank_transfer,completed,1324.47,2025-12-11
80,64,debit_card,completed,779.57,2025-12-11
81,65,bank_transfer,completed,1510.53,2025-12-19
82,65,google_pay,completed,856.15,2025-12-19
83,66,credit_card,completed,502.48,2025-09-01
84,66,paypal,completed,658.92,2025-09-01
85,67,credit_card,completed,371.37,2024-12-15
86,67,paypal,completed,533.33,2024-12-15
87,68,credit_card,completed,778.9,2025-12-06
88,69,google_pay,completed,1184.8,2025-12-08
89,70,bank_transfer,completed,4097.14,2025-08-03
90,71,credit_card,completed,2313.49,2024-04-12
91,72,credit_card,completed,4626.16,2025-12-12
92,73,paypal,completed,1103.49,2024-10-29
93,73,apple_pay,completed,1708.57,2024-10-30
94,74,debit_card,completed,769.0,2025-10-30
95,75,bank_transfer,completed,453.71,2024-02-23
96,76,google_pay,pending,2346.03,2022-06-14
97,77,credit_card,completed,12538.38,2025-04-15
98,78,apple_pay,completed,4722.83,2025-11-06
99,79,bank_transfer,completed,1631.3,2023-10-26
100,80,paypal,completed,5932.14,2025-10-19
101,81,paypal,completed,4403.21,2024-11-14
102,82,credit_card,completed,2743.3,2025-10-31
103,83,debit_card,completed,1844.12,2024-03-22
104,84,google_pay,pending,3629.93,2025-12-02
105,85,bank_transfer,completed,2027.42,2025-03-27
106,85,credit_card,completed,2086.45,2025-03-29
107,86,credit_card,completed,3140.58,2025-01-01
108,87,google_pay,completed,2287.51,2025-11-22
109,87,paypal,completed,2058.18,2025-11-22
110,88,paypal,completed,4441.31,2024-02-22
111,89,paypal,failed,2847.24,2025-04-11
112,90,paypal,pending,4543.3,2024-05-15
113,91,bank_transfer,completed,6600.24,2025-03-14
114,92,paypal,completed,2288.38,2025-04-13
115,92,debit_card,completed,1102.72,2025-04-13
116,93,paypal,completed,5596.66,2025-02-09
117,94,debit_card,completed,432.03,2025-08-14
118,95,apple_pay,completed,2484.87,2025-04-15
119,96,debit_card,refunded,756.96,2024-04-02
120,96,bank_transfer,refunded,419.34,2024-04-03
121,97,credit_card,completed,769.0,2025-07-21
122,98,debit_card,failed,4432.84,2024-10-10
123,99,bank_transfer,completed,32.21,2025-06-02
124,100,google_pay,failed,1919.4,2025-10-20
125,101,apple_pay,completed,2343.95,2024-04-25
126,102,google_pay,completed,6246.64,2025-02-02
127,103,apple_pay,completed,314.26,2025-03-24
128,104,apple_pay,completed,32.21,2025-05-12
129,105,credit_card,completed,6588.83,2025-12-29
130,106,credit_card,failed,5346.46,2025-10-25
131,107,credit_card,refunded,1446.68,2025-12-22
132,108,google_pay,completed,3334.04,2024-11-08
133,109,bank_transfer,completed,8644.9,2025-07-04
134,110,bank_transfer,completed,3332.1,2025-10-25
135,111,paypal,completed,12910.23,2025-11-22
136,112,paypal,completed,6403.56,2025-11-16
137,112,apple_pay,completed,2945.24,2025-11-16
138,113,bank_transfer,completed,3990.41,2023-08-02
139,114,apple_pay,completed,2194.82,2025-05-04
140,114,paypal,completed,2928.93,2025-05-05
141,115,credit_card,completed,1883.96,2025-12-12
142,116,debit_card,completed,1575.61,2023-03-22
143,116,paypal,completed,941.27,2023-03-23
144,117,apple_pay,completed,808.6,2025-12-27
145,117,apple_pay,completed,1582.25,2025-12-28
146,118,google_pay,completed,3487.57,2024-12-05
147,119,debit_card,completed,1722.0,2025-12-11
148,120,debit_card,completed,6152.01,2025-07-10
149,121,debit_card,failed,114.96,2025-04-21
150,122,credit_card,completed,365.89,2022-11-04
151,123,debit_card,failed,2706.04,2025-11-11
152,124,apple_pay,completed,374.93,2025-07-29
153,124,paypal,completed,163.29,2025-07-31
154,125,google_pay,refunded,889.22,2025-02-19
155,126,credit_card,pending,4655.51,2025-05-02
156,127,google_pay,failed,203.4,2024-11-07
157,127,apple_pay,failed,165.31,2024-11-07
158,128,apple_pay,completed,1662.51,2025-06-10
159,129,apple_pay,completed,1611.3,2025-12-31
160,129,credit_card,completed,1093.56,2026-01-01
161,130,apple_pay,completed,1655.28,2024-05-28
162,130,bank_transfer,completed,3350.4,2024-05-29
163,131,google_pay,failed,292.83,2024-08-04
164,132,credit_card,completed,3469.77,2025-12-09
165,133,google_pay,pending,8358.61,2024-10-01
166,134,apple_pay,pending,3444.85,2025-02-25
167,134,debit_card,pending,2827.66,2025-02-25
168,135,bank_transfer,pending,2686.41,2024-05-08
169,136,debit_card,completed,413.49,2023-01-26
170,137,paypal,refunded,169.51,2025-06-01
171,137,credit_card,refunded,389.96,2025-06-03
172,138,bank_transfer,completed,5626.04,2024-05-10
173,139,paypal,refunded,4723.9,2024-09-09
174,139,debit_card,refunded,2505.22,2024-09-10
175,140,bank_transfer,failed,2244.36,2024-09-10
176,140,bank_transfer,failed,4120.25,2024-09-12
177,141,debit_card,completed,1047.92,2025-06-29
178,142,google_pay,refunded,5886.36,2025-09-01
179,143,bank_transfer,refunded,727.27,2025-12-31
180,143,paypal,refunded,1112.03,2025-12-31
181,144,bank_transfer,pending,3271.37,2025-09-17
182,145,credit_card,failed,1299.46,2024-08-20
183,146,credit_card,completed,1776.52,2025-04-01
184,147,google_pay,completed,4571.61,2024-06-17
185,148,bank_transfer,completed,2188.63,2025-12-20
186,149,paypal,pending,3961.24,2023-11-15
187,150,google_pay,completed,767.94,2025-10-30
188,151,apple_pay,completed,1162.22,2025-03-15
189,152,debit_card,pending,12373.99,2025-11-08
190,153,google_pay,pending,3948.93,2024-03-11
191,154,debit_card,completed,3202.49,2025-12-17
192,155,debit_card,completed,1377.6,2025-10-26
193,156,credit_card,completed,6003.66,2024-06-20
194,157,bank_transfer,completed,11104.49,2025-02-03
195,158,paypal,completed,2393.05,2023-08-12
196,159,credit_card,completed,6899.29,2025-03-25
197,160,debit_card,completed,2693.29,2025-09-05
198,160,apple_pay,completed,1169.49,2025-09-05
199,161,credit_card,completed,6038.62,2025-05-13
200,162,paypal,completed,578.31,2025-10-22
201,163,paypal,completed,2079.66,2025-12-11
202,164,apple_pay,completed,10491.44,2022-08-03
203,165,google_pay,completed,2568.77,2025-07-14
204,165,debit_card,completed,2054.68,2025-07-15
205,166,bank_transfer,completed,5141.94,2025-11-24
206,167,bank_transfer,refunded,1131.12,2025-04-13
207,168,paypal,failed,1465.6,2023-12-17
208,168,google_pay,failed,907.49,2023-12-19
209,169,paypal,completed,1973.74,2024-10-19
210,169,debit_card,completed,3860.82,2024-10-19
211,170,credit_card,completed,703.26,2025-12-30
212,171,debit_card,completed,2892.23,2024-06-24
213,172,google_pay,completed,4526.05,2024-10-04
214,172,bank_transfer,completed,3065.94,2024-10-04
215,173,paypal,refunded,1055.99,2024-05-07
216,173,debit_card,refunded,784.21,2024-05-07
217,174,apple_pay,completed,3689.92,2025-04-24
218,175,bank_transfer,completed,1276.93,2025-02-24
219,176,credit_card,completed,1679.17,2023-08-05
220,177,google_pay,completed,3774.13,2024-03-27
221,178,bank_transfer,completed,331.11,2023-06-08
222,178,bank_transfer,completed,768.12,2023-06-09
223,179,debit_card,completed,927.42,2025-10-15
224,180,paypal,completed,826.56,2025-08-16
225,181,debit_card,completed,2597.58,2025-06-17
226,181,google_pay,completed,5415.8,2025-06-19
227,182,credit_card,completed,2421.26,2025-05-16
228,183,paypal,completed,218.91,2025-12-23
229,184,debit_card,completed,1108.44,2024-08-11
230,185,paypal,completed,3822.91,2025-09-13
231,186,credit_card,pending,2316.93,2023-07-09
232,187,debit_card,pending,10948.27,2025-06-29
233,188,debit_card,refunded,4667.11,2023-10-10
234,189,bank_transfer,failed,1908.9,2025-12-20
235,190,apple_pay,completed,2347.5,2024-12-26
236,191,bank_transfer,completed,1690.42,2025-03-21
237,191,credit_card,completed,3575.76,2025-03-22
238,192,paypal,pending,2103.38,2025-12-27
239,193,apple_pay,pending,319.92,2024-07-30
240,194,debit_card,completed,5374.98,2024-12-31
241,195,debit_card,completed,3163.5,2025-10-17
242,195,apple_pay,completed,1957.22,2025-10-19
243,196,bank_transfer,pending,1890.42,2025-03-04
244,197,debit_card,completed,3099.32,2023-05-22
245,198,debit_card,completed,2925.57,2025-07-16
246,199,credit_card,completed,1523.69,2025-04-08
247,199,debit_card,completed,1982.5,2025-04-10
248,200,apple_pay,completed,1557.8,2025-08-17
249,201,apple_pay,completed,2331.18,2024-03-09
250,202,bank_transfer,completed,3767.92,2025-01-24
251,203,google_pay,completed,1894.04,2024-07-12
252,204,credit_card,completed,5222.32,2025-11-15
253,205,paypal,completed,1722.49,2024-12-22
254,205,paypal,completed,2967.83,2024-12-22
255,206,paypal,completed,1776.52,2025-12-23
256,207,bank_transfer,completed,3197.24,2025-05-11
257,208,debit_card,completed,5200.88,2025-12-14
258,209,bank_transfer,completed,635.88,2025-12-21
259,209,paypal,completed,1476.95,2025-12-21
260,210,apple_pay,completed,305.7,2025-07-25
261,211,debit_card,completed,3580.93,2025-06-17
262,212,credit_card,completed,2257.79,2022-09-09
263,212,apple_pay,completed,1459.44,2022-09-11
264,213,paypal,completed,948.06,2023-08-24
265,213,credit_card,completed,1425.03,2023-08-25
266,214,paypal,completed,2111.03,2025-12-25
267,214,apple_pay,completed,1386.93,2025-12-27
268,215,apple_pay,completed,3909.98,2023-10-12
269,216,google_pay,completed,1339.0,2025-07-28
270,217,bank_transfer,completed,2700.62,2025-11-06
271,218,google_pay,completed,1184.8,2023-09-12
272,219,apple_pay,completed,334.79,2025-05-31
273,219,paypal,completed,215.27,2025-05-31
274,220,debit_card,completed,2934.67,2024-03-28
275,221,bank_transfer,completed,715.9,2023-11-25
276,221,google_pay,completed,1014.54,2023-11-26
277,222,apple_pay,completed,6124.05,2025-01-05
278,223,debit_card,pending,1070.67,2025-02-15
279,224,credit_card,completed,3102.42,2025-01-31
280,225,apple_pay,failed,1222.08,2024-08-30
281,226,apple_pay,completed,6905.37,2025-12-30
282,227,apple_pay,pending,1215.0,2023-11-17
283,228,credit_card,completed,2341.61,2025-05-16
284,228,apple_pay,completed,2256.33,2025-05-17
285,229,paypal,completed,3548.63,2026-01-01
286,230,google_pay,completed,6435.22,2024-06-16
287,231,apple_pay,completed,445.55,2025-07-17
288,231,credit_card,completed,542.73,2025-07-18
289,232,bank_transfer,completed,544.87,2025-11-28
290,232,credit_card,completed,437.23,2025-11-30
291,233,google_pay,completed,1695.56,2024-01-28
292,234,google_pay,completed,1193.48,2025-12-04
293,234,apple_pay,completed,764.77,2025-12-05
294,235,credit_card,pending,2887.68,2023-11-08
295,236,paypal,pending,1784.37,2025-01-08
296,237,google_pay,completed,486.46,2025-11-12
297,238,credit_card,completed,10305.48,2023-11-01
298,239,debit_card,pending,275.03,2025-12-02
299,240,apple_pay,completed,5096.58,2025-09-02
300,241,paypal,completed,5111.04,2023-10-16
301,242,debit_card,failed,6812.44,2024-03-28
302,243,paypal,completed,48.86,2025-05-17
303,244,apple_pay,completed,3659.89,2024-12-20
304,245,paypal,completed,3687.81,2025-08-22
305,246,google_pay,completed,7453.24,2025-11-13
306,247,debit_card,pending,6752.99,2023-06-29
307,248,google_pay,completed,3519.17,2025-08-01
308,249,paypal,completed,1138.95,2024-12-29
309,249,debit_card,completed,785.83,2024-12-30
310,250,debit_card,refunded,1992.38,2023-03-21
311,251,bank_transfer,completed,4338.22,2025-11-08
312,252,bank_transfer,completed,2861.05,2025-05-28
313,253,paypal,completed,2968.94,2025-07-29
314,254,apple_pay,completed,2074.02,2024-05-19
315,254,bank_transfer,completed,895.14,2024-05-21
316,255,google_pay,completed,3498.73,2025-10-14
317,256,bank_transfer,completed,218.91,2024-06-07
318,257,credit_card,completed,3295.55,2025-03-27
319,257,apple_pay,completed,2325.41,2025-03-27
320,258,debit_card,pending,5351.97,2025-10-28
321,259,bank_transfer,completed,1136.61,2025-10-31
322,259,credit_card,completed,2479.78,2025-11-02
323,260,credit_card,completed,655.45,2025-09-10
324,260,paypal,completed,384.7,2025-09-12
325,261,credit_card,completed,6867.2,2025-03-09
326,261,paypal,completed,2985.88,2025-03-09
327,262,paypal,completed,2025.85,2025-04-30
328,263,debit_card,completed,2149.03,2025-11-21
329,264,credit_card,completed,1464.82,2022-10-28
330,265,paypal,completed,4544.11,2025-10-10
331,266,paypal,completed,4465.35,2024-11-11
332,267,google_pay,completed,9485.15,2025-06-15
333,268,paypal,failed,5373.25,2025-11-07
334,269,debit_card,completed,176.67,2025-12-29
335,269,credit_card,completed,275.68,2025-12-29
336,270,bank_transfer,completed,6771.5,2023-12-16
337,271,google_pay,completed,464.35,2023-07-12
338,271,debit_card,completed,664.4,2023-07-12
339,272,credit_card,completed,1670.64,2025-05-31
340,272,bank_transfer,completed,3430.69,2025-06-02
341,273,google_pay,completed,2001.99,2024-07-23
342,274,debit_card,completed,2675.6,2025-12-20
343,274,bank_transfer,completed,2970.5,2025-12-20
344,275,paypal,completed,1454.86,2023-01-14
345,276,bank_transfer,completed,2674.48,2025-04-04
346,277,paypal,completed,3074.84,2024-12-26
347,278,debit_card,completed,113.38,2025-11-27
348,278,bank_transfer,completed,128.82,2025-11-27
349,279,paypal,completed,2645.73,2024-06-18
350,279,apple_pay,completed,3017.34,2024-06-20
351,280,debit_card,completed,5399.19,2025-04-05
352,281,bank_transfer,completed,2887.68,2025-08-07
353,282,debit_card,completed,3364.83,2023-02-28
354,282,apple_pay,completed,2052.79,2023-03-01
355,283,paypal,completed,8789.38,2024-03-09
356,284,apple_pay,completed,30.6,2025-06-14
357,285,google_pay,completed,4471.97,2025-08-24
358,286,paypal,completed,2095.98,2024-05-05
359,286,debit_card,completed,3205.85,2024-05-05
360,287,apple_pay,pending,1221.37,2025-08-15
361,288,apple_pay,completed,1180.67,2023-04-13
362,289,debit_card,completed,4081.56,2025-01-27
363,289,google_pay,completed,2391.4,2025-01-28
364,290,bank_transfer,completed,1597.55,2025-05-31
365,290,apple_pay,completed,1106.12,2025-06-01
366,291,debit_card,failed,4778.92,2025-11-01
367,292,debit_card,completed,415.72,2023-03-30
368,293,google_pay,completed,6474.49,2023-03-18
369,294,bank_transfer,completed,870.33,2025-10-10
370,295,bank_transfer,refunded,701.01,2024-11-23
371,296,debit_card,completed,5685.66,2025-02-06
372,297,apple_pay,completed,3577.51,2025-01-29
373,298,bank_transfer,refunded,6762.6,2025-04-23
374,299,credit_card,failed,1775.86,2023-04-17
375,300,bank_transfer,pending,5017.62,2025-03-23
376,301,paypal,completed,5081.59,2025-07-29
377,302,paypal,completed,5213.76,2024-01-16
378,302,google_pay,completed,2710.68,2024-01-17
379,303,debit_card,completed,1789.33,2024-08-13
380,304,paypal,failed,2773.12,2025-12-06
381,305,apple_pay,pending,257.94,2025-08-24
382,306,bank_transfer,completed,3325.24,2025-07-25
383,307,debit_card,pending,6095.28,2024-12-11
384,308,paypal,completed,2018.81,2025-09-07
385,309,debit_card,completed,3908.65,2025-06-16
386,310,apple_pay,completed,1560.15,2025-01-11
387,311,credit_card,completed,4246.56,2025-10-08
388,312,paypal,pending,1883.96,2025-01-14
389,313,google_pay,completed,2295.17,2025-08-09
390,313,paypal,completed,4046.51,2025-08-11
391,314,paypal,completed,2540.04,2022-07-28
392,314,bank_transfer,completed,3253.05,2022-07-30
393,315,paypal,completed,964.97,2024-09-02
394,315,google_pay,completed,458.88,2024-09-04
395,316,bank_transfer,refunded,2905.89,2025-06-28
396,316,apple_pay,refunded,1667.42,2025-06-28
397,317,apple_pay,failed,4469.74,2022-10-29
398,318,paypal,completed,2925.57,2023-01-07
399,319,paypal,pending,525.55,2025-12-13
400,320,google_pay,completed,454.61,2024-04-26
401,320,credit_card,completed,472.81,2024-04-26
402,321,credit_card,completed,2275.64,2025-09-05
403,322,debit_card,completed,1832.03,2025-08-05
404,322,google_pay,completed,1333.8,2025-08-07
405,323,google_pay,pending,2675.91,2025-11-12
406,324,debit_card,completed,945.89,2023-08-13
407,325,apple_pay,completed,687.15,2025-02-08
408,326,credit_card,completed,1006.15,2023-10-18
409,326,apple_pay,completed,1614.11,2023-10-20
410,327,bank_transfer,completed,2112.38,2024-03-23
411,328,paypal,completed,1561.84,2025-06-14
412,328,apple_pay,completed,2743.91,2025-06-14
413,329,bank_transfer,completed,921.19,2023-12-17
414,329,bank_transfer,completed,1912.81,2023-12-17
415,330,credit_card,completed,1089.96,2025-02-16
416,330,paypal,completed,2132.83,2025-02-18
417,331,apple_pay,pending,1830.76,2025-01-24
418,331,bank_transfer,pending,2771.13,2025-01-25
419,332,bank_transfer,completed,2940.29,2025-10-14
420,333,paypal,completed,1099.64,2025-03-17
421,334,paypal,failed,3634.86,2023-10-08
422,335,apple_pay,completed,1496.19,2023-12-23
423,335,credit_card,completed,1533.67,2023-12-23
424,336,paypal,completed,2862.29,2024-09-06
425,337,apple_pay,completed,4244.84,2025-08-20
426,338,debit_card,completed,727.36,2025-09-27
427,338,google_pay,completed,769.18,2025-09-27
428,339,apple_pay,completed,1538.84,2023-10-27
429,339,apple_pay,completed,1717.37,2023-10-29
430,340,credit_card,completed,4188.88,2025-09-17
431,341,debit_card,completed,141.6,2025-10-28
432,342,paypal,completed,6227.08,2024-10-20
433,343,google_pay,completed,4281.2,2025-11-13
434,344,paypal,pending,6640.91,2025-09-06
435,345,debit_card,completed,2316.93,2025-11-30
436,346,google_pay,completed,245.94,2022-07-29
437,346,credit_card,completed,465.44,2022-07-31
438,347,paypal,completed,5149.39,2024-01-24
439,348,credit_card,completed,5282.83,2025-10-18
440,348,debit_card,completed,2574.82,2025-10-18
441,349,bank_transfer,completed,707.77,2024-05-23
442,350,apple_pay,completed,1982.61,2023-08-21
443,351,apple_pay,completed,5807.9,2025-03-31
444,352,apple_pay,completed,2209.4,2024-10-31
445,353,paypal,completed,3204.75,2025-12-29
446,354,google_pay,completed,9095.97,2025-04-12
447,355,bank_transfer,completed,1588.83,2025-02-04
448,356,credit_card,completed,3213.18,2025-05-24
449,357,bank_transfer,completed,779.87,2025-12-22
450,357,debit_card,completed,1551.31,2025-12-22
451,358,bank_transfer,failed,5559.19,2025-09-07
452,359,debit_card,completed,3188.41,2025-05-14
453,360,bank_transfer,completed,7924.76,2025-09-05
454,361,paypal,completed,2299.89,2025-08-27
455,362,bank_transfer,completed,3443.67,2025-02-20
456,363,google_pay,completed,1709.74,2024-07-13
457,364,debit_card,completed,5805.12,2025-03-24
458,365,bank_transfer,completed,744.29,2024-12-14
459,366,google_pay,completed,976.3,2023-11-16
460,367,bank_transfer,refunded,3275.8,2024-09-25
461,368,google_pay,failed,1398.71,2024-02-09
462,369,debit_card,failed,1286.26,2025-11-01
463,370,google_pay,completed,2475.72,2025-03-03
464,371,debit_card,completed,3012.85,2025-01-01
465,372,bank_transfer,completed,3460.07,2025-08-19
466,373,apple_pay,completed,3348.32,2025-11-06
467,374,debit_card,completed,4331.52,2024-03-02
468,375,credit_card,failed,1888.59,2024-05-09
469,375,bank_transfer,failed,1561.43,2024-05-09
470,376,credit_card,completed,5333.8,2025-10-03
471,377,credit_card,completed,769.09,2025-12-30
472,378,credit_card,completed,6055.83,2025-08-30
473,379,bank_transfer,completed,5399.47,2025-05-18
474,380,credit_card,completed,6419.05,2025-02-21
475,380,google_pay,completed,2935.81,2025-02-21
476,381,google_pay,completed,4241.7,2024-10-08
477,382,debit_card,completed,4709.12,2025-10-21
478,383,bank_transfer,completed,6893.58,2025-04-20
479,384,debit_card,completed,2199.2,2025-05-27
480,385,credit_card,completed,3920.19,2025-09-25
481,386,debit_card,completed,2724.28,2025-04-20
482,387,google_pay,refunded,4521.01,2025-10-29
483,387,credit_card,refunded,3178.99,2025-10-31
484,388,credit_card,pending,1281.66,2025-06-23
485,389,apple_pay,completed,1744.03,2024-10-25
486,390,paypal,completed,927.8,2025-05-12
487,390,apple_pay,completed,767.76,2025-05-13
488,391,credit_card,pending,1427.95,2024-05-14
489,392,google_pay,completed,2726.98,2025-02-25
490,393,paypal,completed,3825.03,2025-07-17
491,394,apple_pay,completed,4148.54,2025-10-06
492,395,paypal,completed,1769.27,2025-07-28
493,396,bank_transfer,completed,5045.22,2025-11-25
494,397,bank_transfer,pending,3516.48,2024-02-07
495,397,google_pay,pending,2168.73,2024-02-08
496,398,paypal,failed,2188.63,2025-11-18
497,399,paypal,completed,78.14,2024-07-31
498,399,paypal,completed,124.01,2024-08-02
499,400,google_pay,completed,2050.11,2025-03-22
500,401,bank_transfer,completed,4370.3,2024-11-29
501,402,apple_pay,completed,2710.38,2024-06-24
502,403,debit_card,refunded,5853.38,2025-11-13
503,404,bank_transfer,failed,1022.09,2025-11-02
504,405,credit_card,completed,2254.44,2025-10-10
505,406,paypal,refunded,2335.58,2024-01-16
506,407,credit_card,completed,7542.04,2025-11-11
507,408,apple_pay,completed,986.79,2025-11-23
508,408,bank_transfer,completed,465.05,2025-11-23
509,409,bank_transfer,completed,5024.96,2025-08-27
510,410,paypal,completed,788.61,2025-06-24
511,410,credit_card,completed,1723.36,2025-06-26
512,411,debit_card,completed,2355.51,2024-07-20
513,412,credit_card,completed,1627.92,2024-03-21
514,413,credit_card,completed,4739.45,2025-10-08
515,414,paypal,refunded,776.24,2025-12-23
516,415,paypal,completed,377.85,2025-07-23
517,415,google_pay,completed,692.82,2025-07-23
518,416,debit_card,completed,2754.52,2024-10-24
519,417,google_pay,completed,7113.14,2025-05-25
520,418,credit_card,pending,7529.29,2025-08-01
521,419,debit_card,failed,777.65,2025-08-04
522,420,paypal,completed,6647.0,2025-11-30
523,421,debit_card,completed,5802.28,2025-05-20
524,422,paypal,completed,1049.63,2025-06-07
525,423,credit_card,completed,6351.99,2025-07-05
526,424,apple_pay,completed,3579.52,2023-06-02
527,425,debit_card,completed,1308.45,2025-05-28
528,426,apple_pay,failed,6849.46,2024-10-05
529,427,debit_card,completed,2923.44,2025-01-21
530,428,apple_pay,pending,681.12,2024-10-15
531,429,credit_card,completed,594.25,2025-12-09
532,429,debit_card,completed,336.11,2025-12-09
533,430,debit_card,failed,2641.47,2025-09-20
534,431,debit_card,pending,5015.13,2025-07-10
535,432,google_pay,completed,988.81,2024-12-21
536,432,google_pay,completed,1440.42,2024-12-22
537,433,apple_pay,completed,9155.34,2025-06-08
538,434,debit_card,completed,3890.74,2025-09-30
539,435,apple_pay,completed,3340.63,2025-02-05
540,436,bank_transfer,completed,791.03,2024-02-29
541,437,debit_card,completed,873.5,2025-06-05
542,438,apple_pay,completed,1139.3,2024-06-23
543,438,debit_card,completed,567.66,2024-06-24
544,439,credit_card,failed,2884.26,2025-12-23
545,440,bank_transfer,completed,2708.56,2024-02-14
546,441,google_pay,completed,2995.68,2023-09-02
547,442,credit_card,completed,181.64,2024-10-26
548,442,apple_pay,completed,329.67,2024-10-26
549,443,apple_pay,completed,3703.62,2025-08-29
550,443,google_pay,completed,1968.75,2025-08-30
551,444,bank_transfer,completed,1003.83,2025-06-12
552,444,google_pay,completed,1574.27,2025-06-12
553,445,debit_card,completed,2989.5,2024-04-23
554,446,google_pay,completed,3961.58,2025-08-16
555,447,debit_card,completed,452.48,2025-10-19
556,447,paypal,completed,473.95,2025-10-21
557,448,credit_card,completed,4207.66,2024-04-19
558,449,debit_card,completed,493.82,2025-10-19
559,450,credit_card,completed,2103.47,2025-10-19
560,451,debit_card,completed,2650.02,2024-11-05
561,452,debit_card,failed,5847.08,2025-08-24
562,453,debit_card,completed,3779.85,2025-08-23
563,454,debit_card,failed,2351.93,2024-09-25
564,455,credit_card,completed,1806.92,2024-11-19
565,456,google_pay,completed,2277.32,2025-04-21
566,457,apple_pay,refunded,3845.42,2025-11-01
567,458,debit_card,completed,671.55,2023-03-12
568,458,bank_transfer,completed,613.69,2023-03-13
569,459,bank_transfer,completed,3081.49,2025-05-18
570,460,apple_pay,completed,4148.78,2025-12-28
571,461,debit_card,completed,487.68,2025-07-17
572,462,bank_transfer,pending,2215.19,2023-01-17
573,462,google_pay,pending,1843.87,2023-01-19
574,463,paypal,completed,4320.83,2025-11-16
575,464,apple_pay,completed,10878.5,2025-02-12
576,465,paypal,completed,579.24,2024-02-05
577,465,google_pay,completed,1263.88,2024-02-06
578,466,paypal,refunded,2990.58,2023-12-27
579,466,apple_pay,refunded,1809.92,2023-12-28
580,467,paypal,completed,1248.95,2025-11-07
581,468,credit_card,completed,3957.07,2025-10-15
582,469,paypal,completed,1703.12,2025-05-25
583,470,credit_card,completed,2539.67,2025-03-19
584,471,bank_transfer,completed,2663.82,2024-06-22
585,471,google_pay,completed,1146.2,2024-06-22
586,472,debit_card,completed,1480.35,2024-11-02
587,473,debit_card,completed,882.93,2025-01-15
588,473,apple_pay,completed,1336.93,2025-01-16
589,474,apple_pay,completed,2354.87,2023-05-22
590,475,credit_card,completed,1257.12,2025-08-24
591,476,apple_pay,completed,2482.67,2025-07-23
592,476,bank_transfer,completed,3227.91,2025-07-23
593,477,apple_pay,failed,566.46,2025-05-20
594,477,apple_pay,failed,1210.06,2025-05-20
595,478,google_pay,completed,625.99,2025-01-21
596,478,credit_card,completed,1283.71,2025-01-22
597,479,paypal,completed,9.08,2025-08-13
598,479,google_pay,completed,4.64,2025-08-15
599,480,google_pay,refunded,3995.46,2024-02-16
600,481,debit_card,completed,1618.54,2025-04-16
601,481,debit_card,completed,1708.7,2025-04-16
602,482,debit_card,completed,267.32,2025-10-20
603,482,apple_pay,completed,621.9,2025-10-20
604,483,google_pay,completed,2712.74,2025-11-29
605,483,paypal,completed,1472.94,2025-11-29
606,484,google_pay,completed,3642.41,2025-11-09
607,485,debit_card,completed,171.66,2025-09-25
608,486,debit_card,refunded,11978.77,2025-05-26
609,487,debit_card,completed,5647.56,2025-09-23
610,488,bank_transfer,completed,4489.08,2025-02-03
611,489,apple_pay,completed,2274.21,2025-07-07
612,490,credit_card,failed,319.2,2025-12-19
613,491,credit_card,completed,3061.22,2025-05-28
614,492,debit_card,completed,973.91,2025-07-14
615,492,bank_transfer,completed,1549.01,2025-07-14
616,493,debit_card,pending,3201.1,2025-07-10
617,494,paypal,completed,2854.74,2024-04-01
618,494,google_pay,completed,3045.62,2024-04-01
619,495,apple_pay,completed,2447.98,2025-11-04
620,496,apple_pay,pending,4996.18,2024-04-14
621,497,paypal,completed,652.21,2025-05-11
622,497,debit_card,completed,280.64,2025-05-12
623,498,google_pay,pending,1897.6,2024-10-06
624,498,paypal,pending,2129.14,2024-10-07
625,499,debit_card,completed,4796.99,2025-05-14
626,500,credit_card,completed,9018.88,2025-10-10
627,501,paypal,completed,4732.84,2025-07-01
628,502,apple_pay,completed,9209.14,2025-11-16
629,503,google_pay,completed,5111.86,2024-09-06
630,503,google_pay,completed,4082.11,2024-09-08
631,504,bank_transfer,completed,2420.61,2025-10-05
632,504,debit_card,completed,1296.9,2025-10-06
633,505,debit_card,completed,1126.25,2025-11-23
634,506,google_pay,completed,3985.16,2025-01-02
635,507,debit_card,completed,3235.93,2024-02-09
636,508,google_pay,completed,970.42,2024-03-21
637,508,google_pay,completed,808.02,2024-03-23
638,509,paypal,completed,1003.74,2025-12-20
639,509,google_pay,completed,540.88,2025-12-20
640,510,debit_card,completed,2911.22,2024-12-01
641,510,credit_card,completed,1354.3,2024-12-02
642,511,apple_pay,refunded,4377.64,2025-01-01
643,512,apple_pay,completed,1593.29,2025-09-04
644,512,google_pay,completed,972.07,2025-09-04
645,513,apple_pay,completed,1747.19,2025-03-07
646,513,credit_card,completed,3545.44,2025-03-09
647,514,debit_card,completed,1459.09,2024-12-22
648,515,credit_card,completed,1455.63,2025-12-28
649,515,credit_card,completed,3234.62,2025-12-28
650,516,debit_card,pending,729.69,2025-06-10
651,517,apple_pay,pending,6180.05,2023-01-12
652,518,bank_transfer,completed,1237.92,2025-09-18
653,518,credit_card,completed,796.63,2025-09-18
654,519,apple_pay,completed,681.9,2025-08-27
655,519,paypal,completed,1097.37,2025-08-29
656,520,google_pay,refunded,2468.98,2025-02-11
657,520,credit_card,refunded,3887.88,2025-02-12
658,521,bank_transfer,completed,1076.34,2025-08-12
659,521,bank_transfer,completed,900.51,2025-08-12
660,522,google_pay,pending,3870.52,2025-01-16
661,522,paypal,pending,2905.48,2025-01-16
662,523,debit_card,completed,1155.07,2022-11-20
663,524,apple_pay,failed,2545.02,2024-08-23
664,525,debit_card,failed,3205.44,2025-12-20
665,526,google_pay,pending,665.0,2023-11-12
666,527,bank_transfer,completed,2546.08,2025-12-15
667,528,credit_card,completed,1096.86,2024-03-24
668,528,paypal,completed,1479.96,2024-03-25
669,529,credit_card,pending,4881.96,2025-08-07
670,530,google_pay,completed,7480.41,2024-03-21
671,531,bank_transfer,completed,670.45,2025-12-28
672,532,apple_pay,completed,31.31,2023-05-07
673,532,google_pay,completed,29.89,2023-05-07
674,533,credit_card,pending,6636.5,2024-03-02
675,534,apple_pay,completed,1584.1,2025-01-05
676,534,debit_card,completed,1719.94,2025-01-05
677,535,google_pay,completed,4462.78,2024-08-09
678,536,apple_pay,pending,559.72,2025-09-30
679,536,debit_card,pending,1217.94,2025-10-01
680,537,debit_card,completed,1789.96,2024-10-30
681,537,debit_card,completed,1817.34,2024-10-30
682,538,credit_card,completed,112.57,2024-12-26
683,539,apple_pay,completed,4765.09,2024-09-11
684,540,google_pay,failed,889.1,2024-03-29
685,541,paypal,failed,6022.49,2025-09-16
686,542,google_pay,completed,5803.41,2024-07-29
687,543,credit_card,completed,10242.01,2024-01-15
688,544,credit_card,completed,4591.32,2025-09-01
689,545,bank_transfer,failed,1197.31,2024-06-03
690,545,google_pay,failed,2531.51,2024-06-05
691,546,google_pay,failed,3898.37,2023-11-23
692,547,bank_transfer,pending,701.01,2025-12-01
693,548,bank_transfer,completed,2667.66,2025-04-05
694,549,google_pay,failed,1776.28,2025-03-05
695,550,apple_pay,completed,4109.18,2023-08-01
696,551,paypal,completed,2318.54,2025-04-16
697,552,google_pay,completed,28.98,2025-12-16
698,553,bank_transfer,completed,7745.07,2024-01-13
699,554,google_pay,pending,3742.91,2025-04-11
700,555,bank_transfer,refunded,1905.6,2024-03-08
701,556,paypal,completed,541.09,2023-08-14
702,556,google_pay,completed,245.89,2023-08-15
703,557,apple_pay,completed,3624.37,2023-03-17
704,558,google_pay,completed,3199.87,2025-11-25
705,559,google_pay,completed,2700.24,2025-07-12
706,560,google_pay,completed,436.54,2024-10-03
707,561,credit_card,completed,3447.25,2022-03-03
708,561,bank_transfer,completed,1587.95,2022-03-05
709,562,google_pay,pending,3889.07,2022-09-06
710,562,paypal,pending,2693.97,2022-09-07
711,563,credit_card,completed,4819.47,2024-07-13
712,564,credit_card,completed,1909.6,2024-03-10
713,564,debit_card,completed,1991.08,2024-03-11
714,565,paypal,completed,1097.89,2025-01-31
715,565,apple_pay,completed,827.35,2025-02-01
716,566,apple_pay,completed,4434.23,2024-12-12
717,566,bank_transfer,completed,4001.49,2024-12-12
718,567,paypal,pending,535.33,2025-09-05
719,568,apple_pay,completed,7117.96,2024-12-26
720,569,google_pay,completed,3574.86,2025-01-18
721,569,apple_pay,completed,2277.3,2025-01-19
722,570,debit_card,completed,1162.42,2025-12-24
723,571,paypal,completed,3360.55,2025-05-16
724,572,apple_pay,completed,4865.5,2025-12-08
725,573,debit_card,completed,298.1,2025-11-01
726,574,bank_transfer,completed,505.62,2025-06-18
727,574,paypal,completed,369.72,2025-06-20
728,575,google_pay,completed,283.2,2024-07-23
729,576,bank_transfer,completed,287.47,2024-07-20
730,576,google_pay,completed,235.5,2024-07-21
731,577,bank_transfer,completed,3483.25,2025-06-12
732,578,credit_card,failed,275.03,2024-01-02
733,579,credit_card,completed,557.11,2025-11-10
734,579,bank_transfer,completed,340.63,2025-11-10
735,580,google_pay,completed,3872.65,2025-06-18
736,581,bank_transfer,completed,7326.45,2025-07-12
737,582,credit_card,completed,5065.54,2025-07-12
738,583,debit_card,completed,2500.55,2025-10-01
739,584,debit_card,completed,1316.5,2024-04-12
740,585,credit_card,completed,768.62,2025-06-11
741,585,debit_card,completed,778.22,2025-06-11
742,586,credit_card,failed,2721.94,2024-02-11
743,587,apple_pay,completed,6602.27,2025-06-19
744,588,bank_transfer,completed,3179.91,2024-08-15
745,589,credit_card,completed,5371.13,2025-01-11
746,590,apple_pay,completed,1896.23,2025-10-17
747,591,paypal,completed,150.92,2025-11-28
748,591,paypal,completed,158.47,2025-11-29
749,592,bank_transfer,completed,2093.3,2022-07-26
750,592,apple_pay,completed,2420.07,2022-07-27
751,593,paypal,completed,1136.49,2024-10-30
752,593,apple_pay,completed,522.55,2024-10-30
753,594,paypal,refunded,2525.63,2023-07-27
754,595,apple_pay,pending,7372.65,2024-12-15
755,596,google_pay,completed,7024.1,2024-07-06
756,597,credit_card,completed,1283.62,2023-06-03
757,597,credit_card,completed,1163.8,2023-06-03
758,598,paypal,completed,643.53,2022-07-20
759,599,bank_transfer,completed,2700.1,2024-09-04
760,600,debit_card,completed,3054.39,2025-07-20
761,601,bank_transfer,refunded,3545.53,2025-11-24
762,602,debit_card,refunded,1642.15,2023-12-14
763,602,paypal,refunded,1210.88,2023-12-14
764,603,debit_card,completed,295.43,2025-02-08
765,603,bank_transfer,completed,156.92,2025-02-09
766,604,credit_card,completed,1960.99,2025-09-06
767,605,apple_pay,completed,238.99,2025-07-11
768,606,debit_card,completed,5038.95,2025-01-16
769,607,apple_pay,completed,1973.45,2025-01-29
770,608,debit_card,failed,1301.73,2024-08-19
771,609,google_pay,completed,1022.62,2025-11-04
772,609,bank_transfer,completed,1727.07,2025-11-04
773,610,google_pay,pending,862.43,2023-10-18
774,611,bank_transfer,pending,2383.68,2024-03-25
775,612,google_pay,completed,2320.6,2025-05-24
776,613,bank_transfer,pending,1713.76,2025-12-14
777,613,debit_card,pending,3700.44,2025-12-14
778,614,bank_transfer,completed,1978.26,2025-11-14
779,615,bank_transfer,completed,5372.6,2025-12-24
780,616,debit_card,pending,399.26,2025-11-12
781,616,apple_pay,pending,378.39,2025-11-12
782,617,apple_pay,completed,3533.97,2025-07-03
783,618,bank_transfer,completed,4871.33,2025-12-27
784,619,google_pay,completed,4133.15,2025-12-10
785,620,credit_card,completed,12018.8,2025-12-24
786,621,apple_pay,failed,1487.19,2025-04-18
787,622,credit_card,completed,243.23,2023-02-22
788,623,google_pay,completed,3295.75,2024-07-17
789,624,debit_card,completed,155.2,2024-02-18
790,625,apple_pay,completed,5507.68,2023-05-24
791,626,apple_pay,completed,2061.46,2024-03-25
792,627,bank_transfer,completed,5106.83,2023-09-02
793,628,bank_transfer,completed,10395.14,2025-03-06
794,629,credit_card,completed,3855.81,2025-06-26
795,630,credit_card,completed,1650.47,2025-12-16
796,631,google_pay,completed,1420.97,2025-11-09
797,632,apple_pay,completed,7443.65,2025-10-04
798,633,bank_transfer,completed,2056.99,2025-10-12
799,634,apple_pay,completed,473.03,2024-03-25
800,634,apple_pay,completed,441.19,2024-03-26
801,635,apple_pay,completed,249.38,2023-10-19
802,635,paypal,completed,446.75,2023-10-21
803,636,apple_pay,completed,2726.45,2025-12-06
804,637,paypal,completed,582.26,2025-11-29
805,637,apple_pay,completed,1027.12,2025-11-30
806,638,credit_card,completed,1026.13,2025-11-05
807,638,debit_card,completed,695.87,2025-11-06
808,639,google_pay,completed,2501.69,2024-12-30
809,640,google_pay,completed,923.25,2025-01-15
810,641,paypal,completed,2203.19,2025-12-20
811,642,google_pay,failed,4721.81,2025-03-22
812,643,google_pay,completed,1320.28,2025-09-04
813,644,apple_pay,completed,1346.27,2025-03-03
814,645,google_pay,completed,5024.46,2025-02-07
815,646,credit_card,completed,729.69,2024-09-23
816,647,paypal,completed,905.65,2025-01-16
817,648,apple_pay,refunded,6777.79,2024-09-30
818,649,credit_card,completed,5533.86,2025-10-28
819,649,google_pay,completed,2771.42,2025-10-28
820,650,apple_pay,refunded,5400.87,2025-10-31
821,651,bank_transfer,completed,4764.76,2025-08-16
822,652,apple_pay,failed,822.67,2025-08-29
823,652,apple_pay,failed,524.95,2025-08-30
824,653,apple_pay,completed,1464.45,2024-12-23
825,654,apple_pay,completed,4063.75,2025-01-31
826,655,apple_pay,completed,3506.19,2024-03-13
827,656,credit_card,failed,425.81,2025-10-24
828,656,debit_card,failed,416.53,2025-10-25
829,657,google_pay,completed,1247.14,2025-12-26
830,657,credit_card,completed,1539.14,2025-12-26
831,658,debit_card,completed,2153.72,2024-08-22
832,658,debit_card,completed,1224.6,2024-08-24
833,659,debit_card,completed,3332.16,2025-07-20
834,660,paypal,completed,5145.23,2025-10-04
835,661,bank_transfer,completed,1075.63,2025-12-24
836,661,paypal,completed,1255.55,2025-12-24
837,662,google_pay,refunded,3314.23,2025-06-07
838,663,bank_transfer,completed,8439.76,2025-06-28
839,664,google_pay,failed,501.92,2025-12-03
840,665,credit_card,completed,755.23,2025-12-04
841,666,bank_transfer,completed,3811.19,2025-12-08
842,667,apple_pay,completed,1628.63,2025-09-14
843,668,paypal,completed,628.73,2024-08-13
844,668,google_pay,completed,838.66,2024-08-13
845,669,bank_transfer,completed,1140.52,2025-08-01
846,669,bank_transfer,completed,1669.78,2025-08-01
847,670,debit_card,completed,821.67,2025-12-24
848,670,paypal,completed,451.62,2025-12-25
849,671,debit_card,pending,1844.37,2025-01-23
850,671,google_pay,pending,1103.3,2025-01-23
851,672,bank_transfer,completed,3658.39,2025-04-14
852,673,bank_transfer,completed,5509.37,2025-10-20
853,673,apple_pay,completed,2649.01,2025-10-20
854,674,apple_pay,completed,3333.53,2025-05-27
855,674,apple_pay,completed,2019.62,2025-05-27
856,675,debit_card,completed,3750.98,2025-12-06
857,676,apple_pay,pending,1453.34,2025-10-07
858,676,debit_card,pending,1801.97,2025-10-07
859,677,credit_card,completed,5617.89,2025-12-05
860,678,paypal,completed,2879.77,2023-02-15
861,678,google_pay,completed,5332.66,2023-02-16
862,679,credit_card,completed,197.53,2024-12-05
863,680,google_pay,completed,1111.67,2025-11-02
864,681,google_pay,completed,5718.3,2025-09-25
865,682,debit_card,failed,4757.73,2024-10-21
866,683,credit_card,completed,8507.35,2025-11-20
867,684,debit_card,pending,2791.08,2024-12-23
868,685,debit_card,completed,2331.18,2025-08-14
869,686,debit_card,completed,2576.35,2025-06-06
870,687,google_pay,pending,3212.92,2023-12-20
871,687,apple_pay,pending,6046.43,2023-12-22
872,688,google_pay,refunded,1168.73,2025-01-08
873,689,google_pay,completed,4090.46,2024-03-01
874,690,debit_card,refunded,1296.09,2024-02-25
875,691,paypal,completed,380.44,2024-11-02
876,691,credit_card,completed,523.56,2024-11-04
877,692,google_pay,pending,1747.5,2025-11-05
878,693,google_pay,failed,3435.99,2024-01-27
879,694,bank_transfer,completed,3657.96,2025-05-22
880,695,bank_transfer,completed,464.29,2025-11-27
881,696,credit_card,completed,1746.61,2025-05-02
882,697,paypal,completed,2229.75,2025-09-28
883,698,paypal,refunded,70.93,2025-02-21
884,699,bank_transfer,completed,5961.61,2024-11-25
885,700,apple_pay,completed,1813.67,2025-12-20
886,701,apple_pay,completed,672.05,2025-04-17
887,701,credit_card,completed,885.75,2025-04-17
888,702,paypal,completed,2810.74,2024-03-27
889,703,google_pay,completed,2431.59,2025-11-12
890,704,credit_card,completed,3406.69,2025-10-12
891,705,debit_card,completed,2791.08,2024-01-19
892,706,bank_transfer,completed,2567.73,2025-05-06
893,707,credit_card,completed,1270.7,2025-05-24
894,708,google_pay,completed,7322.38,2024-08-17
895,708,apple_pay,completed,5187.23,2024-08-17
896,709,bank_transfer,completed,726.6,2025-01-14
897,710,apple_pay,completed,1289.2,2023-09-15
898,711,google_pay,completed,3295.54,2024-12-07
899,712,paypal,completed,1726.89,2025-01-22
900,712,credit_card,completed,3125.48,2025-01-22
901,713,paypal,pending,3060.07,2025-12-28
902,714,bank_transfer,completed,908.61,2025-07-17
903,715,apple_pay,completed,4825.71,2025-12-29
904,716,google_pay,completed,2447.42,2025-04-26
905,717,apple_pay,completed,4695.98,2024-07-03
906,718,debit_card,completed,3305.42,2025-10-05
907,719,credit_card,failed,5956.3,2025-08-12
908,720,bank_transfer,completed,8833.44,2023-12-25
909,721,debit_card,completed,9816.05,2025-11-09
910,722,credit_card,completed,787.84,2024-04-23
911,722,paypal,completed,1486.32,2024-04-24
912,723,credit_card,completed,1162.52,2024-10-21
913,724,paypal,completed,4936.55,2025-11-13
914,725,bank_transfer,completed,2355.48,2025-08-28
915,725,bank_transfer,completed,1488.0,2025-08-30
916,726,bank_transfer,completed,799.34,2023-10-16
917,727,apple_pay,completed,697.83,2023-12-20
918,727,debit_card,completed,1358.6,2023-12-21
919,728,paypal,completed,5328.4,2024-04-14
920,729,credit_card,completed,563.51,2022-12-13
921,730,paypal,completed,10261.99,2025-12-07
922,731,credit_card,completed,3876.94,2024-10-07
923,732,paypal,pending,6550.32,2024-09-17
924,733,paypal,pending,1850.43,2025-02-11
925,734,debit_card,completed,1121.8,2024-04-24
926,734,google_pay,completed,606.75,2024-04-26
927,735,apple_pay,completed,8578.44,2025-05-04
928,736,google_pay,completed,2877.67,2024-12-30
929,737,google_pay,completed,7278.16,2025-10-23
930,738,google_pay,refunded,3125.9,2025-08-03
931,739,credit_card,completed,3447.61,2024-11-30
932,740,credit_card,completed,494.91,2025-06-28
933,740,credit_card,completed,305.41,2025-06-29
934,741,paypal,completed,1047.92,2025-03-31
935,742,google_pay,completed,187.21,2023-09-17
936,743,apple_pay,completed,2481.74,2025-03-16
937,744,credit_card,completed,1776.52,2023-04-15
938,745,debit_card,completed,3883.38,2024-05-11
939,746,bank_transfer,completed,1459.09,2025-09-22
940,747,bank_transfer,completed,3031.15,2023-12-03
941,748,apple_pay,completed,1646.02,2024-05-18
942,748,google_pay,completed,2025.11,2024-05-18
943,749,apple_pay,completed,1910.39,2025-12-05
944,749,paypal,completed,2844.37,2025-12-07
945,750,google_pay,refunded,893.49,2024-12-28
946,751,apple_pay,refunded,1111.1,2025-08-21
947,752,credit_card,completed,5025.97,2024-12-26
948,752,google_pay,completed,3311.54,2024-12-26
949,753,paypal,completed,2487.22,2023-09-23
950,753,google_pay,completed,1399.09,2023-09-23
951,754,google_pay,completed,5667.86,2025-08-24
952,755,apple_pay,completed,2373.09,2024-08-27
953,756,debit_card,completed,8371.09,2022-02-28
954,757,bank_transfer,failed,2570.09,2025-11-06
955,758,credit_card,completed,638.04,2025-04-08
956,759,paypal,completed,2291.27,2025-12-26
957,759,paypal,completed,1248.45,2025-12-28
958,760,google_pay,completed,269.11,2025-12-28
959,761,credit_card,completed,462.14,2025-12-06
960,762,paypal,failed,3420.86,2025-03-26
961,763,google_pay,completed,7639.49,2025-09-07
962,764,google_pay,failed,3869.27,2024-12-22
963,764,bank_transfer,failed,2937.28,2024-12-22
964,765,google_pay,refunded,5473.56,2025-12-15
965,766,google_pay,completed,287.28,2025-10-25
966,767,bank_transfer,completed,1468.78,2025-01-05
967,767,credit_card,completed,1374.29,2025-01-07
968,768,debit_card,completed,587.64,2024-07-31
969,768,credit_card,completed,408.22,2024-08-02
970,769,apple_pay,completed,1406.65,2024-05-01
971,770,bank_transfer,failed,1746.02,2025-09-07
972,771,bank_transfer,completed,3783.5,2025-11-17
973,772,credit_card,failed,5979.74,2025-10-29
974,773,paypal,completed,5454.03,2025-09-13
975,774,bank_transfer,failed,3741.18,2025-11-14
976,775,google_pay,completed,6320.47,2024-11-27
977,776,bank_transfer,completed,1447.84,2025-07-30
978,776,google_pay,completed,832.33,2025-07-30
979,777,debit_card,completed,1909.24,2025-02-27
980,778,credit_card,completed,9086.14,2024-03-15
981,779,paypal,failed,4772.78,2024-04-27
982,780,paypal,completed,4246.47,2023-06-08
983,781,credit_card,completed,3142.13,2025-11-05
984,782,paypal,completed,5297.16,2025-07-22
985,782,credit_card,completed,3042.02,2025-07-22
986,783,debit_card,completed,3509.77,2023-09-20
987,784,apple_pay,completed,766.96,2025-01-05
988,785,credit_card,completed,1325.18,2024-04-01
989,785,apple_pay,completed,2063.11,2024-04-01
990,786,apple_pay,completed,791.03,2025-08-30
991,787,debit_card,completed,7802.47,2024-01-10
992,788,credit_card,completed,1218.13,2023-10-16
993,789,bank_transfer,completed,2377.48,2024-08-30
994,790,credit_card,completed,691.15,2025-09-08
995,791,debit_card,completed,6967.76,2025-11-26
996,792,debit_card,failed,8542.7,2025-03-25
997,793,credit_card,completed,1562.17,2025-05-28
998,794,apple_pay,completed,3649.04,2025-12-17
999,795,google_pay,completed,4111.57,2025-12-20
1000,796,paypal,completed,3564.55,2024-05-26
1001,796,paypal,completed,2229.01,2024-05-28
1002,797,debit_card,completed,7236.59,2025-12-23
1003,798,credit_card,completed,1713.09,2025-08-27
1004,798,bank_transfer,completed,1714.68,2025-08-28
1005,799,credit_card,completed,2398.3,2023-09-01
1006,800,apple_pay,completed,1382.3,2024-12-23
1007,801,google_pay,completed,5180.54,2025-11-15
1008,802,debit_card,completed,5965.1,2024-11-29
1009,803,debit_card,completed,8744.43,2025-09-04
1010,804,apple_pay,completed,382.12,2025-11-21
1011,804,debit_card,completed,391.7,2025-11-21
1012,805,credit_card,pending,277.42,2025-12-21
1013,806,debit_card,failed,177.77,2025-10-25
1014,806,debit_card,failed,383.86,2025-10-25
1015,807,google_pay,completed,1754.72,2024-11-03
1016,807,debit_card,completed,3857.57,2024-11-05
1017,808,debit_card,completed,3032.11,2025-03-15
1018,809,apple_pay,completed,384.5,2025-08-14
1019,810,apple_pay,completed,4354.17,2025-01-02
1020,810,bank_transfer,completed,2296.95,2025-01-04
1021,811,paypal,completed,1239.78,2025-12-06
1022,811,debit_card,completed,2744.22,2025-12-07
1023,812,apple_pay,completed,740.73,2025-12-31
1024,813,credit_card,completed,3003.12,2025-07-31
1025,814,google_pay,completed,3688.53,2024-07-31
1026,815,google_pay,completed,1992.38,2024-09-12
1027,816,credit_card,completed,2735.85,2025-09-08
1028,817,credit_card,completed,159.25,2024-11-12
1029,817,apple_pay,completed,159.95,2024-11-13
1030,818,google_pay,completed,3456.27,2025-09-02
1031,819,bank_transfer,pending,3928.57,2024-12-05
1032,820,apple_pay,pending,7532.65,2024-08-10
1033,821,bank_transfer,completed,1156.74,2025-12-23
1034,822,apple_pay,completed,2068.14,2025-08-03
1035,822,debit_card,completed,1301.92,2025-08-04
1036,823,credit_card,failed,2465.78,2024-03-07
1037,823,bank_transfer,failed,2705.68,2024-03-07
1038,824,apple_pay,completed,3198.57,2025-08-14
1039,825,credit_card,completed,1433.15,2025-12-20
1040,825,paypal,completed,1293.95,2025-12-20
1041,826,apple_pay,completed,1320.42,2023-05-03
1042,827,bank_transfer,completed,1910.3,2025-11-22
1043,828,debit_card,completed,275.03,2025-08-19
1044,829,google_pay,pending,791.03,2024-01-04
1045,830,credit_card,completed,423.88,2025-12-16
1046,830,apple_pay,completed,353.18,2025-12-16
1047,831,credit_card,failed,877.67,2024-12-21
1048,832,apple_pay,completed,1802.62,2025-12-23
1049,832,google_pay,completed,1521.45,2025-12-25
1050,833,debit_card,completed,3953.68,2025-05-05
1051,834,credit_card,completed,11261.31,2025-09-28
1052,835,paypal,completed,4307.98,2025-04-20
1053,836,google_pay,completed,8221.57,2025-02-14
1054,837,bank_transfer,pending,189.42,2025-02-14
1055,837,debit_card,pending,85.61,2025-02-14
1056,838,google_pay,refunded,4983.07,2024-12-06
1057,839,paypal,failed,368.71,2025-01-03
1058,840,paypal,completed,1043.78,2024-07-03
1059,840,debit_card,completed,1673.72,2024-07-04
1060,841,credit_card,completed,795.15,2025-08-10
1061,842,google_pay,completed,1317.76,2025-08-20
1062,843,paypal,completed,4915.83,2025-01-11
1063,843,bank_transfer,completed,2216.09,2025-01-12
1064,844,google_pay,completed,2248.89,2024-03-20
1065,845,google_pay,completed,2394.22,2022-07-23
1066,846,debit_card,failed,2846.72,2025-01-26
1067,846,apple_pay,failed,2552.47,2025-01-28
1068,847,debit_card,completed,206.75,2025-01-18
1069,848,bank_transfer,completed,3516.78,2025-12-27
1070,849,apple_pay,failed,1232.19,2023-02-03
1071,850,credit_card,completed,3206.08,2023-02-05
1072,851,bank_transfer,completed,252.46,2025-01-13
1073,851,google_pay,completed,489.65,2025-01-15
1074,852,credit_card,completed,9418.44,2025-12-25
1075,853,credit_card,completed,556.53,2025-11-03
1076,854,bank_transfer,pending,2117.22,2024-12-09
1077,854,google_pay,pending,1383.84,2024-12-10
1078,855,debit_card,completed,3304.75,2025-06-06
1079,855,credit_card,completed,4124.62,2025-06-08
1080,856,bank_transfer,completed,2469.9,2025-12-20
1081,857,credit_card,completed,51.73,2025-04-15
1082,858,google_pay,completed,2874.1,2025-12-21
1083,859,apple_pay,completed,1223.71,2024-07-01
1084,860,debit_card,completed,2001.2,2025-06-23
1085,860,bank_transfer,completed,1719.52,2025-06-24
1086,861,debit_card,refunded,2671.94,2025-04-13
1087,862,google_pay,completed,2504.03,2024-05-15
1088,863,apple_pay,completed,4739.14,2024-01-12
1089,864,debit_card,completed,459.72,2024-04-11
1090,864,credit_card,completed,837.08,2024-04-12
1091,865,apple_pay,completed,325.36,2025-06-22
1092,865,google_pay,completed,191.19,2025-06-22
1093,866,apple_pay,completed,3726.34,2025-08-01
1094,867,bank_transfer,completed,5987.78,2024-04-11
1095,868,debit_card,completed,3589.32,2025-01-30
1096,868,debit_card,completed,5708.19,2025-02-01
1097,869,paypal,completed,4496.95,2025-11-08
1098,870,credit_card,completed,1693.55,2025-04-19
1099,871,credit_card,completed,743.38,2025-09-15
1100,872,credit_card,completed,2117.91,2025-07-19
1101,873,google_pay,completed,887.66,2024-05-16
1102,874,google_pay,completed,8873.59,2024-05-28
1103,875,bank_transfer,completed,1603.18,2025-01-04
1104,876,bank_transfer,completed,11253.34,2024-11-13
1105,877,credit_card,completed,3692.76,2024-07-26
1106,878,paypal,completed,6131.51,2024-09-24
1107,879,paypal,completed,1003.33,2025-05-14
1108,879,apple_pay,completed,1013.8,2025-05-14
1109,880,bank_transfer,completed,2843.34,2023-11-04
1110,881,google_pay,completed,3536.35,2025-10-09
1111,882,apple_pay,completed,5339.01,2023-11-23
1112,883,google_pay,completed,738.73,2025-03-05
1113,883,bank_transfer,completed,941.6,2025-03-06
1114,884,paypal,completed,3669.21,2024-05-12
1115,885,paypal,completed,451.11,2025-04-13
1116,885,google_pay,completed,356.22,2025-04-13
1117,886,bank_transfer,completed,3665.79,2025-10-16
1118,887,paypal,completed,10033.78,2024-08-17
1119,888,bank_transfer,completed,57.48,2025-08-27
1120,889,apple_pay,completed,5749.94,2025-06-16
1121,890,credit_card,completed,2887.68,2024-05-24
1122,891,paypal,completed,910.95,2023-11-03
1123,891,google_pay,completed,470.72,2023-11-04
1124,892,apple_pay,completed,1172.66,2025-03-23
1125,893,apple_pay,completed,4338.33,2025-09-07
1126,894,apple_pay,completed,2976.25,2024-07-25
1127,895,credit_card,completed,4394.01,2024-06-30
1128,896,google_pay,completed,1247.36,2024-03-24
1129,897,bank_transfer,completed,1154.98,2023-11-24
1130,897,credit_card,completed,565.47,2023-11-24
1131,898,bank_transfer,completed,5296.68,2024-06-10
1132,899,paypal,completed,875.35,2024-11-06
1133,900,apple_pay,completed,2724.81,2025-01-13
1134,900,bank_transfer,completed,2901.23,2025-01-13
1135,901,apple_pay,completed,4575.4,2024-08-26
1136,902,google_pay,completed,5255.44,2025-11-28
1137,903,credit_card,pending,2043.41,2024-03-03
1138,904,apple_pay,completed,1601.37,2025-12-27
1139,905,apple_pay,completed,5438.71,2024-06-23
1140,906,google_pay,completed,2668.98,2025-04-15
1141,907,credit_card,completed,6869.58,2022-09-20
1142,908,paypal,completed,2465.72,2024-11-09
1143,909,bank_transfer,completed,785.59,2024-08-11
1144,909,credit_card,completed,755.55,2024-08-13
1145,910,apple_pay,completed,10024.29,2023-10-21
1146,911,apple_pay,completed,8329.03,2023-09-24
1147,911,bank_transfer,completed,4124.72,2023-09-26
1148,912,credit_card,completed,1096.49,2024-12-26
1149,913,bank_transfer,completed,2057.27,2024-09-23
1150,913,google_pay,completed,1753.46,2024-09-23
1151,914,debit_card,completed,332.47,2025-07-05
1152,914,bank_transfer,completed,183.41,2025-07-07
1153,915,credit_card,completed,1124.33,2025-02-06
1154,915,paypal,completed,1227.78,2025-02-07
1155,916,google_pay,completed,415.72,2025-01-19
1156,917,debit_card,completed,301.13,2024-10-16
1157,917,google_pay,completed,675.17,2024-10-17
1158,918,debit_card,completed,2181.31,2024-05-24
1159,919,paypal,completed,157.13,2025-02-08
1160,920,credit_card,completed,4339.43,2025-12-11
1161,921,google_pay,completed,4871.04,2025-05-11
1162,922,debit_card,completed,1160.22,2023-04-16
1163,923,google_pay,failed,2098.36,2025-09-29
1164,924,debit_card,completed,6049.11,2023-10-23
1165,925,paypal,completed,3642.71,2024-12-20
1166,926,google_pay,completed,8436.1,2023-07-03
1167,927,google_pay,refunded,646.06,2025-04-26
1168,928,google_pay,completed,2095.37,2025-04-13
1169,929,debit_card,completed,236.98,2025-11-29
1170,930,paypal,completed,2388.47,2025-12-11
1171,931,debit_card,completed,679.93,2025-08-29
1172,931,debit_card,completed,1431.47,2025-08-29
1173,932,paypal,failed,6035.22,2024-01-03
1174,933,apple_pay,refunded,4256.84,2025-07-29
1175,934,credit_card,failed,5313.85,2024-01-28
1176,935,google_pay,failed,3599.46,2024-06-28
1177,936,credit_card,completed,657.59,2025-02-01
1178,936,paypal,completed,879.7,2025-02-03
1179,937,bank_transfer,completed,1594.05,2025-07-07
1180,938,credit_card,failed,2310.9,2025-12-31
1181,939,google_pay,completed,726.27,2025-12-11
1182,940,debit_card,completed,3954.99,2025-03-23
1183,941,apple_pay,completed,1320.86,2024-04-19
1184,941,apple_pay,completed,877.48,2024-04-21
1185,942,google_pay,pending,5916.67,2025-05-06
1186,943,bank_transfer,completed,2319.09,2025-09-11
1187,943,paypal,completed,1046.73,2025-09-11
1188,944,paypal,completed,647.37,2025-10-06
1189,944,paypal,completed,383.27,2025-10-06
1190,945,credit_card,refunded,6694.62,2024-09-06
1191,946,credit_card,completed,1495.79,2025-12-02
1192,947,google_pay,completed,2868.8,2025-06-23
1193,948,apple_pay,completed,433.06,2025-08-26
1194,948,google_pay,completed,873.67,2025-08-26
1195,949,google_pay,completed,2818.05,2025-07-21
1196,949,apple_pay,completed,2415.23,2025-07-22
1197,950,google_pay,completed,2167.45,2025-07-08
1198,951,credit_card,completed,2225.67,2025-05-18
1199,951,apple_pay,completed,3116.69,2025-05-19
1200,952,apple_pay,completed,7589.89,2025-12-19
1201,953,paypal,completed,656.46,2025-05-12
1202,954,bank_transfer,completed,4220.69,2025-03-05
1203,955,debit_card,completed,1704.58,2023-06-18
1204,956,credit_card,completed,6622.67,2024-04-13
1205,957,google_pay,completed,2075.45,2025-10-02
1206,958,credit_card,refunded,1107.82,2023-07-04
1207,959,apple_pay,completed,5004.22,2025-09-26
1208,960,google_pay,completed,1896.47,2025-07-10
1209,961,apple_pay,failed,437.67,2025-09-07
1210,962,google_pay,failed,846.34,2023-06-27
1211,962,credit_card,failed,1038.37,2023-06-29
1212,963,credit_card,completed,772.31,2025-06-08
1213,964,google_pay,completed,3459.85,2025-12-21
1214,965,credit_card,completed,1299.85,2025-11-29
1215,965,credit_card,completed,890.45,2025-12-01
1216,966,paypal,completed,1391.23,2024-01-05
1217,967,credit_card,completed,1004.96,2025-07-04
1218,967,paypal,completed,842.98,2025-07-06
1219,968,credit_card,completed,1703.9,2025-12-14
1220,969,apple_pay,completed,447.15,2025-10-17
1221,970,credit_card,failed,1516.1,2025-08-16
1222,971,google_pay,completed,1805.14,2024-06-23
1223,972,google_pay,completed,3117.25,2025-12-25
1224,973,apple_pay,completed,2302.39,2025-11-12
1225,973,debit_card,completed,1386.35,2025-11-13
1226,974,credit_card,failed,4342.48,2025-01-27
1227,975,paypal,completed,1733.99,2025-06-06
1228,976,google_pay,completed,2146.24,2025-07-03
1229,977,google_pay,completed,4215.45,2025-11-23
1230,978,google_pay,failed,4519.04,2025-09-14
1231,979,bank_transfer,completed,558.08,2025-09-21
1232,980,google_pay,completed,774.9,2025-11-18
1233,981,credit_card,completed,4680.06,2025-09-18
1234,982,apple_pay,completed,1758.4,2024-06-26
1235,983,bank_transfer,completed,431.01,2025-12-09
1236,983,debit_card,completed,792.7,2025-12-10
1237,984,bank_transfer,completed,1733.55,2025-11-29
1238,985,bank_transfer,completed,614.13,2025-12-25
1239,986,paypal,completed,807.33,2024-03-26
1240,987,paypal,completed,691.78,2025-01-21
1241,987,paypal,completed,606.9,2025-01-22
1242,988,paypal,completed,8824.97,2024-04-26
1243,989,google_pay,completed,5836.71,2024-04-13
1244,990,apple_pay,completed,215.29,2024-04-24
1245,991,google_pay,completed,3455.93,2022-11-01
1246,991,bank_transfer,completed,2159.89,2022-11-02
1247,992,paypal,failed,1275.97,2024-05-06
1248,993,apple_pay,completed,5154.56,2023-08-03
1249,994,google_pay,completed,2203.33,2025-07-24
1250,994,paypal,completed,2466.51,2025-07-25
1251,995,debit_card,completed,14.49,2024-10-22
1252,996,bank_transfer,completed,664.67,2022-06-02
1253,996,google_pay,completed,1249.68,2022-06-03
1254,997,debit_card,completed,7901.73,2024-06-10
1255,998,bank_transfer,completed,2377.12,2025-08-25
1256,999,bank_transfer,completed,273.11,2025-12-12
1257,999,google_pay,completed,465.1,2025-12-13
1258,1000,bank_transfer,completed,27.45,2025-09-05
1259,1001,debit_card,completed,4853.94,2024-01-13
1260,1002,apple_pay,completed,993.42,2025-08-28
1261,1003,apple_pay,pending,2271.8,2024-05-25
1262,1004,google_pay,completed,8803.87,2025-12-23
1263,1005,google_pay,completed,2635.3,2024-08-14
1264,1006,paypal,completed,5419.74,2023-12-15
1265,1007,google_pay,completed,2268.02,2024-05-11
1266,1008,credit_card,completed,2256.1,2025-12-22
1267,1009,credit_card,pending,6400.93,2024-03-16
1268,1010,debit_card,completed,960.9,2025-07-18
1269,1010,debit_card,completed,435.71,2025-07-20
1270,1011,credit_card,completed,2203.93,2025-09-21
1271,1012,paypal,completed,826.91,2025-12-03
1272,1013,credit_card,completed,159.06,2024-08-21
1273,1013,google_pay,completed,77.92,2024-08-21
1274,1014,google_pay,completed,6353.7,2022-08-05
1275,1015,apple_pay,completed,5409.94,2025-08-23
1276,1016,paypal,completed,1861.11,2025-06-20
1277,1017,credit_card,completed,492.31,2025-11-19
1278,1017,google_pay,completed,650.95,2025-11-21
1279,1018,bank_transfer,failed,7575.64,2025-06-06
1280,1019,credit_card,pending,1070.29,2024-02-22
1281,1019,credit_card,pending,2364.82,2024-02-23
1282,1020,bank_transfer,completed,3865.36,2023-08-19
1283,1021,debit_card,completed,2925.57,2023-11-24
1284,1022,paypal,completed,499.71,2024-08-07
1285,1022,bank_transfer,completed,320.76,2024-08-07
1286,1023,apple_pay,completed,1992.55,2025-09-23
1287,1024,credit_card,completed,3263.99,2023-11-01
1288,1025,apple_pay,completed,558.73,2025-09-02
1289,1025,paypal,completed,664.98,2025-09-02
1290,1026,apple_pay,completed,953.29,2024-05-04
1291,1027,credit_card,completed,2083.72,2025-06-21
1292,1028,paypal,completed,114.96,2024-08-15
1293,1029,credit_card,completed,469.13,2024-06-28
1294,1030,debit_card,completed,4247.74,2023-09-19
1295,1031,debit_card,pending,38.89,2024-12-25
1296,1032,paypal,completed,1410.56,2022-12-02
1297,1032,apple_pay,completed,1699.18,2022-12-04
1298,1033,credit_card,refunded,3479.23,2025-12-25
1299,1034,debit_card,completed,3664.11,2025-04-19
1300,1035,google_pay,completed,1065.57,2025-11-07
1301,1036,debit_card,completed,1223.34,2024-03-11
1302,1037,debit_card,completed,3264.76,2024-09-03
1303,1038,google_pay,completed,1628.89,2025-09-25
1304,1038,bank_transfer,completed,745.19,2025-09-27
1305,1039,bank_transfer,completed,5530.06,2025-06-08
1306,1040,apple_pay,completed,2633.01,2025-08-12
1307,1040,paypal,completed,3482.17,2025-08-14
1308,1041,apple_pay,completed,5993.18,2025-03-26
1309,1042,debit_card,completed,2364.68,2022-12-08
1310,1042,credit_card,completed,1791.38,2022-12-10
1311,1043,debit_card,failed,2841.92,2023-02-26
1312,1044,bank_transfer,completed,1350.59,2024-03-20
1313,1045,bank_transfer,refunded,145.73,2024-03-02
1314,1045,paypal,refunded,275.11,2024-03-04
1315,1046,google_pay,completed,2212.33,2025-06-15
1316,1047,google_pay,completed,2188.63,2023-06-04
1317,1048,google_pay,completed,4576.19,2023-07-15
1318,1049,google_pay,completed,1473.89,2025-09-22
1319,1050,google_pay,completed,6052.18,2024-08-12
1320,1050,google_pay,completed,4767.62,2024-08-13
1321,1051,apple_pay,failed,2452.61,2025-08-11
1322,1052,google_pay,pending,3480.9,2025-09-06
1323,1053,credit_card,pending,10200.63,2023-09-20
1324,1054,apple_pay,completed,1372.0,2025-03-07
1325,1054,debit_card,completed,2931.14,2025-03-08
1326,1055,paypal,completed,4506.9,2024-05-29
1327,1056,debit_card,completed,1691.6,2022-11-23
1328,1057,apple_pay,completed,1527.47,2025-09-20
1329,1057,paypal,completed,2657.46,2025-09-21
1330,1058,google_pay,pending,3424.31,2025-12-02
1331,1058,debit_card,pending,2152.05,2025-12-02
1332,1059,google_pay,refunded,3465.82,2025-06-13
1333,1060,debit_card,completed,1294.08,2024-08-05
1334,1060,debit_card,completed,2609.5,2024-08-06
1335,1061,debit_card,completed,1980.12,2025-12-27
1336,1061,apple_pay,completed,1475.81,2025-12-27
1337,1062,paypal,completed,3019.65,2025-03-07
1338,1062,apple_pay,completed,6222.46,2025-03-08
1339,1063,google_pay,pending,1014.4,2025-05-25
1340,1064,bank_transfer,refunded,2690.41,2023-07-25
1341,1065,apple_pay,completed,2262.46,2025-08-28
1342,1066,apple_pay,completed,1140.33,2025-11-17
1343,1067,google_pay,completed,8924.68,2025-12-21
1344,1068,google_pay,completed,1083.34,2024-08-16
1345,1069,apple_pay,completed,5126.05,2025-09-07
1346,1069,bank_transfer,completed,2234.02,2025-09-09
1347,1070,paypal,completed,1505.03,2024-11-12
1348,1070,bank_transfer,completed,1150.08,2024-11-13
1349,1071,google_pay,pending,2779.29,2025-09-20
1350,1072,debit_card,completed,2313.49,2025-01-30
1351,1073,paypal,pending,1961.32,2025-02-03
1352,1074,paypal,completed,1389.57,2025-11-04
1353,1074,apple_pay,completed,2232.34,2025-11-06
1354,1075,google_pay,completed,7323.8,2023-06-03
1355,1076,credit_card,completed,2811.38,2023-09-07
1356,1077,apple_pay,completed,4250.85,2024-02-18
1357,1078,credit_card,completed,735.35,2023-08-27
1358,1078,apple_pay,completed,1113.42,2023-08-28
1359,1079,google_pay,completed,269.11,2024-07-31
1360,1080,paypal,completed,1968.11,2024-09-18
1361,1080,credit_card,completed,1847.26,2024-09-18
1362,1081,apple_pay,completed,123.63,2024-08-13
1363,1081,apple_pay,completed,196.29,2024-08-15
1364,1082,paypal,pending,3540.88,2025-12-13
1365,1083,google_pay,completed,6854.53,2025-10-04
1366,1084,paypal,refunded,3238.22,2025-11-07
1367,1085,bank_transfer,completed,1332.68,2025-07-15
1368,1085,paypal,completed,832.67,2025-07-16
1369,1086,debit_card,completed,1310.3,2025-08-26
1370,1086,debit_card,completed,2773.37,2025-08-28
1371,1087,credit_card,completed,8679.0,2025-10-08
1372,1088,paypal,completed,538.85,2024-06-27
1373,1088,google_pay,completed,851.76,2024-06-29
1374,1089,debit_card,refunded,2561.7,2025-08-11
1375,1090,credit_card,completed,7263.13,2025-04-14
1376,1091,debit_card,completed,5908.2,2024-09-28
1377,1092,apple_pay,refunded,4668.92,2025-12-18
1378,1093,bank_transfer,completed,3185.42,2025-03-27
1379,1094,paypal,completed,1847.38,2025-01-15
1380,1094,credit_card,completed,1211.99,2025-01-15
1381,1095,credit_card,failed,1137.04,2025-12-22
1382,1096,apple_pay,completed,1042.36,2022-12-21
1383,1097,apple_pay,completed,2758.95,2024-10-25
1384,1098,paypal,completed,1459.62,2025-05-03
1385,1099,debit_card,completed,141.86,2025-09-25
1386,1100,google_pay,completed,1629.99,2024-01-09
1387,1100,apple_pay,completed,886.89,2024-01-10
1388,1101,credit_card,completed,7359.06,2025-09-15
1389,1102,google_pay,completed,1960.21,2024-10-15
1390,1102,debit_card,completed,3701.13,2024-10-15
1391,1103,bank_transfer,completed,3382.28,2025-08-10
1392,1104,credit_card,completed,2773.33,2025-12-20
1393,1105,debit_card,completed,6970.57,2025-12-21
1394,1106,credit_card,completed,11249.98,2023-10-09
1395,1107,paypal,completed,4753.11,2025-03-04
1396,1108,credit_card,completed,2350.22,2024-05-05
1397,1109,debit_card,completed,1502.41,2024-01-31
1398,1110,debit_card,completed,1049.63,2025-09-19
1399,1111,google_pay,completed,6520.38,2025-05-14
1400,1112,paypal,completed,3663.02,2024-09-30
1401,1113,debit_card,pending,1797.46,2024-08-09
1402,1114,paypal,completed,5479.18,2025-11-14
1403,1115,google_pay,completed,4135.46,2025-11-10
1404,1116,bank_transfer,completed,4522.0,2024-11-08
1405,1117,google_pay,refunded,4131.78,2025-11-21
1406,1118,apple_pay,completed,1287.07,2025-04-19
1407,1118,bank_transfer,completed,2084.29,2025-04-21
1408,1119,paypal,completed,4026.56,2025-03-27
1409,1120,bank_transfer,completed,2080.88,2025-09-21
1410,1121,apple_pay,failed,7095.01,2024-04-12
1411,1122,apple_pay,failed,8352.81,2025-11-13
1412,1123,debit_card,completed,1006.26,2024-01-17
1413,1124,debit_card,completed,1648.52,2024-03-20
1414,1124,bank_transfer,completed,3126.24,2024-03-21
1415,1125,apple_pay,pending,1445.78,2025-10-30
1416,1126,bank_transfer,refunded,1901.71,2024-10-22
1417,1127,debit_card,completed,3528.17,2024-06-24
1418,1128,google_pay,pending,2591.91,2025-12-25
1419,1128,apple_pay,pending,1248.54,2025-12-25
1420,1129,apple_pay,completed,7838.82,2024-08-16
1421,1130,apple_pay,completed,5015.1,2025-10-22
1422,1131,credit_card,completed,98.66,2025-06-19
1423,1132,credit_card,failed,287.28,2023-04-16
1424,1133,google_pay,completed,3773.79,2024-09-18
1425,1133,paypal,completed,3021.63,2024-09-19
1426,1134,bank_transfer,completed,1044.42,2025-09-14
1427,1135,google_pay,completed,5439.72,2025-06-13
1428,1136,debit_card,completed,1847.66,2025-02-25
1429,1137,apple_pay,pending,261.28,2024-10-04
1430,1138,google_pay,completed,3708.24,2025-07-05
1431,1139,google_pay,completed,6556.31,2025-04-06
1432,1140,credit_card,pending,1049.63,2024-09-21
1433,1141,paypal,completed,7032.87,2025-02-04
1434,1141,apple_pay,completed,4406.16,2025-02-06
1435,1142,apple_pay,completed,2409.06,2025-12-19
1436,1142,apple_pay,completed,1553.15,2025-12-20
1437,1143,paypal,completed,457.0,2024-09-13
1438,1143,debit_card,completed,334.03,2024-09-15
1439,1144,credit_card,completed,2848.73,2025-08-27
1440,1145,paypal,completed,1705.84,2025-11-21
1441,1146,debit_card,completed,366.02,2025-04-25
1442,1146,credit_card,completed,441.31,2025-04-25
1443,1147,bank_transfer,completed,599.03,2025-11-10
1444,1147,credit_card,completed,1190.73,2025-11-11
1445,1148,paypal,completed,2269.38,2025-11-04
1446,1148,apple_pay,completed,2670.01,2025-11-04
1447,1149,debit_card,failed,1289.2,2025-11-03
1448,1150,credit_card,completed,1232.47,2024-01-13
1449,1150,google_pay,completed,1582.81,2024-01-15
1450,1151,google_pay,failed,1213.21,2025-08-19
1451,1152,paypal,completed,275.03,2025-11-26
1452,1153,credit_card,failed,1448.44,2025-06-19
1453,1153,paypal,failed,1790.01,2025-06-21
1454,1154,debit_card,completed,236.98,2025-01-13
1455,1155,paypal,completed,7065.77,2025-06-22
1456,1156,paypal,completed,171.66,2024-10-17
1457,1157,apple_pay,completed,4463.36,2025-10-04
1458,1158,apple_pay,completed,3445.55,2024-10-19
1459,1159,paypal,completed,8987.43,2025-06-12
1460,1160,google_pay,completed,4438.07,2024-05-26
1461,1161,debit_card,pending,556.8,2025-10-30
1462,1162,debit_card,completed,959.55,2025-07-15
1463,1163,bank_transfer,completed,1752.32,2023-11-04
1464,1164,bank_transfer,completed,2536.62,2025-09-22
1465,1164,debit_card,completed,1993.02,2025-09-23
1466,1165,google_pay,pending,8170.93,2025-08-28
1467,1166,google_pay,completed,374.84,2025-12-10
1468,1166,credit_card,completed,263.2,2025-12-12
1469,1167,paypal,completed,3059.34,2025-09-24
1470,1168,paypal,completed,968.5,2025-12-17
1471,1168,apple_pay,completed,1550.74,2025-12-17
1472,1169,google_pay,completed,2865.82,2025-10-09
1473,1170,debit_card,completed,489.51,2024-10-22
1474,1170,google_pay,completed,1124.87,2024-10-22
1475,1171,google_pay,completed,6832.43,2025-03-02
1476,1172,credit_card,completed,1956.1,2025-11-01
1477,1173,paypal,pending,868.01,2025-11-22
1478,1173,google_pay,pending,529.81,2025-11-24
1479,1174,apple_pay,refunded,981.49,2024-12-09
1480,1175,paypal,completed,4719.54,2024-07-19
1481,1176,debit_card,completed,6334.32,2025-08-07
1482,1177,apple_pay,failed,2185.56,2025-10-12
1483,1178,paypal,refunded,9432.91,2024-07-25
1484,1179,google_pay,pending,1457.71,2024-06-29
1485,1180,google_pay,completed,949.93,2024-06-02
1486,1181,google_pay,completed,1941.46,2025-09-22
1487,1182,google_pay,completed,826.6,2023-05-10
1488,1182,google_pay,completed,679.16,2023-05-10
1489,1183,apple_pay,failed,1994.53,2025-07-23
1490,1184,paypal,completed,141.6,2024-10-19
1491,1185,google_pay,failed,5108.24,2025-07-01
1492,1186,debit_card,completed,2874.23,2025-05-23
1493,1186,debit_card,completed,2648.72,2025-05-25
1494,1187,apple_pay,completed,3455.8,2025-03-29
1495,1188,debit_card,completed,4999.58,2025-11-15
1496,1189,apple_pay,completed,5684.56,2024-07-07
1497,1190,paypal,completed,1893.83,2023-09-28
1498,1190,bank_transfer,completed,1517.75,2023-09-29
1499,1191,credit_card,completed,2778.33,2025-01-04
1500,1191,credit_card,completed,2155.73,2025-01-04
1501,1192,google_pay,completed,226.37,2024-06-30
1502,1192,debit_card,completed,177.44,2024-07-02
1503,1193,credit_card,completed,792.96,2025-02-02
1504,1193,paypal,completed,695.01,2025-02-02
1505,1194,credit_card,failed,6219.92,2025-09-15
1506,1195,google_pay,completed,899.25,2023-07-23
1507,1196,google_pay,completed,1755.34,2025-01-14
1508,1197,paypal,completed,463.03,2025-06-22
1509,1198,google_pay,completed,2023.6,2025-11-28
1510,1199,google_pay,completed,3715.66,2024-06-11
1511,1200,debit_card,completed,8103.32,2023-07-28
1512,1201,bank_transfer,completed,1766.53,2023-11-01
1513,1202,google_pay,completed,5275.44,2025-05-07
1514,1203,bank_transfer,completed,3504.4,2025-09-17
1515,1203,paypal,completed,3710.22,2025-09-17
1516,1204,debit_card,completed,3212.72,2023-02-19
1517,1205,apple_pay,completed,614.35,2024-01-15
1518,1206,bank_transfer,completed,3354.5,2025-12-02
1519,1207,credit_card,completed,3418.18,2024-11-25
1520,1208,debit_card,refunded,7118.95,2025-05-13
1521,1209,debit_card,pending,1436.86,2025-09-23
1522,1210,apple_pay,completed,4218.0,2025-05-07
1523,1211,paypal,refunded,5899.15,2023-04-01
1524,1212,credit_card,completed,942.26,2025-06-21
1525,1213,credit_card,completed,689.64,2024-05-22
1526,1213,credit_card,completed,901.34,2024-05-24
1527,1214,debit_card,completed,645.69,2025-11-18
1528,1215,debit_card,completed,2329.24,2025-11-03
1529,1216,apple_pay,pending,3706.78,2022-12-29
1530,1217,credit_card,pending,3945.43,2025-10-22
1531,1218,google_pay,completed,1363.96,2025-02-10
1532,1219,apple_pay,completed,1554.12,2025-07-01
1533,1220,paypal,completed,3553.93,2025-05-08
1534,1220,paypal,completed,3600.4,2025-05-09
1535,1221,bank_transfer,completed,9483.09,2023-02-05
1536,1221,credit_card,completed,4596.14,2023-02-06
1537,1222,debit_card,refunded,8409.79,2024-07-30
1538,1222,debit_card,refunded,6951.32,2024-08-01
1539,1223,credit_card,completed,4233.94,2025-11-26
1540,1223,apple_pay,completed,1819.62,2025-11-27
1541,1224,credit_card,failed,860.45,2024-08-03
1542,1224,debit_card,failed,890.85,2024-08-03
1543,1225,bank_transfer,pending,5872.42,2025-05-08
1544,1226,google_pay,completed,2995.4,2025-12-21
1545,1227,google_pay,completed,6271.69,2025-02-13
1546,1228,google_pay,completed,1717.13,2024-09-26
1547,1229,credit_card,completed,3817.53,2025-07-09
1548,1230,google_pay,completed,1906.32,2023-12-10
1549,1231,google_pay,completed,2698.68,2024-06-27
1550,1232,bank_transfer,completed,529.61,2024-02-18
1551,1233,google_pay,completed,3864.18,2025-10-24
1552,1234,google_pay,completed,7125.96,2025-02-18
1553,1234,credit_card,completed,3865.04,2025-02-18
1554,1235,paypal,completed,1510.13,2025-10-13
1555,1236,paypal,completed,4528.38,2025-04-30
1556,1237,google_pay,completed,861.0,2025-08-06
1557,1238,debit_card,completed,3428.59,2025-12-12
1558,1239,credit_card,completed,7636.53,2024-08-11
1559,1240,google_pay,completed,2779.64,2025-12-08
1560,1241,paypal,completed,2438.72,2025-12-18
1561,1241,credit_card,completed,3481.34,2025-12-19
1562,1242,paypal,refunded,3905.5,2025-10-18
1563,1243,paypal,completed,1203.6,2025-07-08
1564,1244,debit_card,completed,4816.02,2025-12-02
1565,1244,google_pay,completed,3813.51,2025-12-03
1566,1245,credit_card,completed,515.88,2025-12-24
1567,1246,google_pay,completed,1403.56,2024-10-29
1568,1247,apple_pay,completed,520.05,2023-08-19
1569,1248,debit_card,completed,3225.9,2025-06-22
1570,1249,paypal,completed,883.11,2025-07-15
1571,1250,bank_transfer,completed,6431.76,2024-02-20
1572,1251,apple_pay,completed,1511.07,2023-01-07
1573,1252,credit_card,refunded,710.15,2023-09-12
1574,1252,paypal,refunded,1402.93,2023-09-12
1575,1253,paypal,completed,445.18,2025-12-23
1576,1253,bank_transfer,completed,375.68,2025-12-25
1577,1254,debit_card,pending,702.25,2025-03-03
1578,1255,debit_card,completed,1424.23,2024-11-12
1579,1256,bank_transfer,pending,297.89,2025-12-30
1580,1256,apple_pay,pending,577.45,2025-12-31
1581,1257,apple_pay,completed,275.03,2025-12-09
1582,1258,credit_card,completed,1576.0,2023-11-07
1583,1259,credit_card,completed,11740.69,2025-12-11
1584,1260,credit_card,failed,2294.14,2025-06-01
1585,1260,apple_pay,failed,4388.35,2025-06-02
1586,1261,debit_card,completed,8782.0,2025-04-14
1587,1262,credit_card,completed,4195.18,2023-08-26
1588,1263,paypal,completed,436.75,2024-05-14
1589,1264,credit_card,completed,2048.1,2025-04-18
1590,1265,paypal,refunded,503.13,2025-08-18
1591,1266,google_pay,completed,90.14,2025-08-13
1592,1266,google_pay,completed,191.04,2025-08-13
1593,1267,credit_card,completed,3311.16,2025-04-07
1594,1268,paypal,completed,4022.93,2025-12-10
1595,1269,apple_pay,refunded,1087.07,2025-05-05
1596,1269,bank_transfer,refunded,849.1,2025-05-06
1597,1270,bank_transfer,completed,6050.84,2025-11-10
1598,1271,credit_card,completed,1184.8,2023-12-10
1599,1272,paypal,completed,5850.39,2024-08-17
1600,1273,apple_pay,completed,2398.14,2024-06-28
1601,1273,bank_transfer,completed,4840.88,2024-06-28
1602,1274,google_pay,completed,5415.65,2025-07-30
1603,1275,debit_card,completed,4467.77,2025-08-28
1604,1276,bank_transfer,completed,2397.25,2025-02-08
1605,1277,credit_card,completed,1938.27,2025-12-12
1606,1277,apple_pay,completed,2428.61,2025-12-14
1607,1278,debit_card,completed,710.29,2025-11-05
1608,1279,paypal,completed,5462.38,2025-10-28
1609,1280,apple_pay,refunded,5456.03,2025-08-17
1610,1281,debit_card,pending,1266.0,2022-06-08
1611,1282,bank_transfer,completed,2751.51,2025-10-10
1612,1283,credit_card,completed,3253.12,2025-08-18
1613,1284,paypal,completed,1714.71,2024-06-05
1614,1285,apple_pay,completed,7236.34,2024-09-05
1615,1286,credit_card,completed,620.28,2025-12-11
1616,1286,credit_card,completed,1191.93,2025-12-11
1617,1287,debit_card,completed,3801.56,2025-12-24
1618,1288,bank_transfer,pending,3060.06,2025-11-27
1619,1288,google_pay,pending,1669.83,2025-11-28
1620,1289,apple_pay,completed,2417.97,2023-12-22
1621,1290,google_pay,pending,1961.7,2025-12-22
1622,1291,debit_card,pending,737.93,2025-10-30
1623,1291,credit_card,pending,1599.53,2025-10-31
1624,1292,paypal,completed,1006.26,2024-03-04
1625,1293,apple_pay,completed,1220.59,2025-03-28
1626,1294,google_pay,completed,9249.28,2023-03-21
1627,1295,credit_card,completed,1395.86,2025-01-15
1628,1295,apple_pay,completed,1120.48,2025-01-17
1629,1296,apple_pay,completed,1381.68,2022-06-01
1630,1297,credit_card,completed,1588.83,2024-07-13
1631,1298,google_pay,completed,2922.12,2024-12-04
1632,1299,google_pay,failed,1764.46,2025-10-28
1633,1299,credit_card,failed,1481.47,2025-10-28
1634,1300,credit_card,completed,5482.35,2025-09-07
1635,1301,bank_transfer,refunded,97.27,2025-10-16
1636,1302,apple_pay,completed,6858.49,2025-10-15
1637,1303,apple_pay,pending,354.6,2025-11-10
1638,1303,google_pay,pending,175.01,2025-11-12
1639,1304,google_pay,completed,3473.08,2024-03-20
1640,1305,bank_transfer,completed,2043.32,2023-12-18
1641,1306,apple_pay,completed,3221.96,2025-12-05
1642,1307,paypal,completed,6718.84,2025-05-14
1643,1308,apple_pay,completed,2597.75,2025-10-13
1644,1309,bank_transfer,completed,304.44,2024-04-28
1645,1309,credit_card,completed,212.22,2024-04-28
1646,1310,debit_card,completed,2216.42,2022-10-24
1647,1310,bank_transfer,completed,3531.9,2022-10-24
1648,1311,paypal,pending,4312.63,2025-11-20
1649,1312,google_pay,completed,735.63,2024-12-05
1650,1312,google_pay,completed,546.18,2024-12-05
1651,1313,paypal,completed,2340.46,2024-05-24
1652,1314,paypal,completed,2483.47,2024-07-22
1653,1315,debit_card,completed,3293.53,2022-12-11
1654,1316,paypal,completed,1459.29,2024-09-15
1655,1317,google_pay,completed,4139.48,2024-04-19
1656,1317,credit_card,completed,2486.87,2024-04-21
1657,1318,credit_card,completed,8827.11,2024-09-14
1658,1319,apple_pay,completed,3608.83,2024-04-07
1659,1320,google_pay,pending,1160.3,2025-12-18
1660,1321,credit_card,completed,702.24,2025-04-06
1661,1321,credit_card,completed,1151.05,2025-04-07
1662,1322,debit_card,completed,6853.31,2025-10-19
1663,1323,google_pay,pending,1696.79,2025-07-17
1664,1324,credit_card,completed,6909.59,2025-06-12
1665,1325,google_pay,completed,1487.69,2023-12-20
1666,1326,paypal,completed,2035.01,2024-12-09
1667,1327,credit_card,completed,3201.26,2025-10-16
1668,1328,google_pay,completed,657.51,2024-08-30
1669,1329,credit_card,completed,7309.7,2024-03-07
1670,1330,credit_card,completed,609.32,2025-12-18
1671,1330,google_pay,completed,470.09,2025-12-19
1672,1331,google_pay,completed,2905.76,2025-11-22
1673,1331,google_pay,completed,1555.82,2025-11-24
1674,1332,apple_pay,completed,3845.42,2024-02-11
1675,1333,apple_pay,completed,2608.34,2025-07-22
1676,1334,apple_pay,completed,2293.88,2025-09-07
1677,1335,paypal,completed,182.95,2024-06-25
1678,1336,credit_card,completed,1388.01,2025-02-01
1679,1336,paypal,completed,717.57,2025-02-01
1680,1337,apple_pay,completed,3076.11,2024-09-08
1681,1337,apple_pay,completed,3375.31,2024-09-09
1682,1338,bank_transfer,completed,12.2,2022-05-22
1683,1339,apple_pay,failed,3247.46,2025-05-17
1684,1340,debit_card,failed,238.99,2024-04-07
1685,1341,credit_card,completed,1250.75,2024-12-12
1686,1342,paypal,completed,564.42,2025-04-20
1687,1343,google_pay,completed,3598.59,2025-10-19
1688,1344,apple_pay,completed,2342.71,2025-10-17
1689,1345,bank_transfer,completed,1072.43,2025-11-06
1690,1345,paypal,completed,1248.17,2025-11-06
1691,1346,bank_transfer,completed,1038.27,2025-05-01
1692,1347,debit_card,completed,5600.86,2025-11-27
1693,1347,credit_card,completed,6152.49,2025-11-28
1694,1348,apple_pay,pending,2911.9,2023-04-24
1695,1349,bank_transfer,completed,1969.39,2024-06-24
1696,1350,bank_transfer,pending,4483.74,2025-09-27
1697,1351,apple_pay,pending,942.24,2024-04-23
1698,1351,google_pay,pending,1640.76,2024-04-23
1699,1352,google_pay,completed,2494.88,2024-01-11
1700,1353,apple_pay,failed,3421.37,2025-10-16
1701,1354,google_pay,failed,252.59,2024-04-29
1702,1354,debit_card,failed,192.75,2024-05-01
1703,1355,credit_card,failed,1696.48,2025-01-12
1704,1356,debit_card,completed,3567.48,2025-07-17
1705,1357,google_pay,completed,2313.49,2025-05-22
1706,1358,google_pay,completed,30.5,2025-03-08
1707,1359,credit_card,completed,1551.24,2024-06-01
1708,1359,paypal,completed,2367.74,2024-06-02
1709,1360,credit_card,completed,383.19,2024-11-22
1710,1360,bank_transfer,completed,573.83,2024-11-22
1711,1361,google_pay,completed,204.47,2025-12-31
1712,1362,debit_card,refunded,374.15,2023-12-25
1713,1363,bank_transfer,completed,4118.88,2025-11-25
1714,1364,bank_transfer,completed,1762.62,2024-02-19
1715,1365,google_pay,completed,1247.75,2024-02-18
1716,1366,paypal,completed,67.38,2025-09-11
1717,1367,google_pay,completed,2379.8,2024-08-09
1718,1368,paypal,completed,5541.39,2025-10-09
1719,1369,credit_card,completed,624.66,2024-12-04
1720,1369,paypal,completed,471.53,2024-12-04
1721,1370,apple_pay,completed,3843.96,2025-01-21
1722,1371,google_pay,completed,2084.04,2025-12-30
1723,1372,paypal,completed,480.25,2024-10-14
1724,1372,apple_pay,completed,808.09,2024-10-16
1725,1373,apple_pay,completed,7497.32,2023-12-11
1726,1374,bank_transfer,completed,933.08,2024-12-04
1727,1375,bank_transfer,completed,889.22,2023-03-10
1728,1376,google_pay,completed,1270.59,2025-12-25
1729,1377,bank_transfer,completed,5886.45,2025-07-02
1730,1378,debit_card,refunded,7381.96,2025-04-21
1731,1379,bank_transfer,completed,739.96,2025-11-14
1732,1380,bank_transfer,completed,2352.11,2025-09-25
1733,1381,apple_pay,completed,393.2,2025-12-27
1734,1381,google_pay,completed,198.82,2025-12-28
1735,1382,bank_transfer,completed,829.82,2023-07-25
1736,1383,credit_card,completed,3536.24,2025-10-20
1737,1384,debit_card,refunded,3743.52,2025-09-12
1738,1384,apple_pay,refunded,2213.13,2025-09-12
1739,1385,apple_pay,completed,1770.48,2024-07-05
1740,1386,bank_transfer,completed,11108.87,2023-04-09
1741,1387,paypal,refunded,734.45,2023-01-21
1742,1388,apple_pay,refunded,4501.32,2025-12-17
1743,1389,apple_pay,completed,1094.84,2025-11-13
1744,1390,apple_pay,completed,1586.16,2025-05-18
1745,1390,bank_transfer,completed,3189.38,2025-05-20
1746,1391,paypal,completed,7223.12,2025-04-22
1747,1392,apple_pay,completed,1094.84,2025-08-11
1748,1393,credit_card,completed,2369.75,2025-08-22
1749,1393,google_pay,completed,2402.37,2025-08-24
1750,1394,bank_transfer,completed,6640.04,2025-12-19
1751,1395,bank_transfer,completed,2427.22,2025-07-27
1752,1395,apple_pay,completed,3585.8,2025-07-28
1753,1396,credit_card,completed,607.5,2024-09-30
1754,1397,bank_transfer,refunded,2108.82,2025-12-15
1755,1398,bank_transfer,completed,656.72,2023-02-10
1756,1399,apple_pay,completed,1462.84,2024-12-01
1757,1400,credit_card,completed,6370.75,2023-07-18
1758,1401,bank_transfer,completed,478.98,2025-09-08
1759,1402,bank_transfer,completed,2315.46,2025-09-21
1760,1403,bank_transfer,completed,4472.82,2025-01-31
1761,1404,apple_pay,completed,1628.28,2025-10-05
1762,1404,google_pay,completed,2137.79,2025-10-07
1763,1405,debit_card,completed,8743.53,2024-11-13
1764,1406,google_pay,completed,2412.02,2023-07-31
1765,1407,google_pay,failed,1624.46,2025-10-15
1766,1408,apple_pay,refunded,2876.85,2025-11-02
1767,1408,paypal,refunded,2782.71,2025-11-03
1768,1409,paypal,completed,2589.84,2024-05-16
1769,1410,debit_card,completed,7128.29,2025-10-16
1770,1411,credit_card,completed,3202.14,2025-09-12
1771,1412,debit_card,completed,1049.63,2025-07-12
1772,1413,debit_card,completed,858.94,2023-07-25
1773,1414,google_pay,completed,2230.82,2025-12-30
1774,1414,bank_transfer,completed,1733.53,2025-12-31
1775,1415,bank_transfer,completed,4293.3,2025-10-10
1776,1416,paypal,failed,6344.73,2025-12-24
1777,1417,credit_card,completed,2471.34,2024-03-28
1778,1418,debit_card,completed,3464.15,2024-11-14
1779,1419,paypal,completed,2919.23,2025-09-30
1780,1420,paypal,completed,1654.06,2025-01-06
1781,1421,google_pay,completed,4094.35,2024-06-03
1782,1422,credit_card,pending,4060.1,2024-09-30
1783,1423,debit_card,failed,3270.14,2024-01-19
1784,1423,google_pay,failed,1696.16,2024-01-19
1785,1424,credit_card,completed,2272.62,2024-12-25
1786,1425,credit_card,completed,734.81,2025-10-11
1787,1426,debit_card,completed,190.63,2023-12-17
1788,1426,bank_transfer,completed,312.5,2023-12-17
1789,1427,apple_pay,completed,3845.42,2023-07-05
1790,1428,paypal,refunded,2220.22,2025-11-09
1791,1429,paypal,completed,3304.48,2025-06-30
1792,1430,credit_card,completed,4291.79,2024-11-11
1793,1431,apple_pay,completed,3344.08,2024-10-06
1794,1432,bank_transfer,completed,3871.21,2025-06-18
1795,1433,apple_pay,completed,1308.06,2024-01-27
1796,1433,bank_transfer,completed,1821.27,2024-01-29
1797,1434,apple_pay,completed,425.36,2022-12-28
1798,1435,credit_card,completed,1789.76,2024-09-27
1799,1436,bank_transfer,completed,2574.36,2024-11-15
1800,1437,apple_pay,completed,6171.4,2024-05-03
1801,1438,apple_pay,completed,1499.79,2023-07-09
1802,1438,google_pay,completed,2483.04,2023-07-09
1803,1439,paypal,completed,2081.84,2025-12-24
1804,1440,credit_card,failed,930.36,2025-11-02
1805,1441,apple_pay,refunded,4664.22,2024-10-08
1806,1442,google_pay,completed,1960.61,2025-05-17
1807,1442,paypal,completed,1093.82,2025-05-17
1808,1443,apple_pay,failed,5607.43,2025-10-14
1809,1443,credit_card,failed,3484.29,2025-10-15
1810,1444,google_pay,failed,828.29,2025-06-12
1811,1445,credit_card,completed,992.97,2024-12-25
1812,1445,google_pay,completed,700.26,2024-12-25
1813,1446,bank_transfer,completed,3551.03,2023-05-18
1814,1447,google_pay,completed,410.43,2023-10-16
1815,1448,debit_card,completed,8856.02,2024-06-22
1816,1449,debit_card,completed,1140.34,2024-09-06
1817,1450,apple_pay,completed,7592.19,2023-12-26
1818,1451,google_pay,completed,411.15,2025-01-01
1819,1451,bank_transfer,completed,611.63,2025-01-02
1820,1452,apple_pay,completed,2957.91,2025-06-13
1821,1453,debit_card,completed,1019.62,2025-03-15
1822,1454,bank_transfer,completed,2222.88,2024-06-10
1823,1455,debit_card,completed,3702.3,2025-05-13
1824,1455,apple_pay,completed,1799.26,2025-05-14
1825,1456,paypal,completed,2183.44,2024-01-08
1826,1457,paypal,completed,1755.78,2025-07-26
1827,1458,google_pay,refunded,959.66,2023-07-26
1828,1458,apple_pay,refunded,448.31,2023-07-27
1829,1459,debit_card,completed,5572.09,2024-10-15
1830,1460,google_pay,completed,2032.38,2025-12-21
1831,1461,credit_card,completed,3982.9,2025-04-04
1832,1461,debit_card,completed,3102.54,2025-04-06
1833,1462,apple_pay,completed,416.12,2025-01-02
1834,1463,google_pay,refunded,1992.87,2025-07-23
1835,1464,credit_card,completed,2108.76,2025-04-05
1836,1464,credit_card,completed,1198.16,2025-04-07
1837,1465,google_pay,failed,876.16,2025-09-08
1838,1465,apple_pay,failed,633.23,2025-09-08
1839,1466,credit_card,completed,3742.91,2025-02-06
1840,1467,credit_card,completed,2568.12,2025-12-23
1841,1468,debit_card,completed,1583.57,2023-03-31
1842,1468,paypal,completed,1070.47,2023-04-02
1843,1469,paypal,pending,1808.72,2023-05-27
1844,1469,apple_pay,pending,3214.11,2023-05-29
1845,1470,apple_pay,completed,5363.45,2024-12-25
1846,1471,google_pay,completed,3527.21,2024-07-05
1847,1472,bank_transfer,completed,2467.5,2022-11-08
1848,1473,google_pay,completed,6856.22,2025-11-01
1849,1474,paypal,completed,777.65,2025-10-05
1850,1475,google_pay,refunded,7369.2,2024-08-11
1851,1476,bank_transfer,completed,3303.59,2025-09-26
1852,1477,bank_transfer,completed,3089.48,2023-10-06
1853,1478,paypal,completed,2024.59,2024-01-31
1854,1479,apple_pay,completed,4059.29,2025-06-12
1855,1480,paypal,completed,3566.94,2024-04-13
1856,1481,paypal,completed,3818.01,2025-04-13
1857,1482,credit_card,completed,1620.14,2025-02-07
1858,1483,credit_card,completed,689.0,2024-06-26
1859,1483,google_pay,completed,1073.1,2024-06-26
1860,1484,paypal,pending,3307.31,2025-06-18
1861,1485,bank_transfer,pending,2343.71,2025-07-02
1862,1486,bank_transfer,completed,1568.36,2025-04-15
1863,1487,bank_transfer,completed,372.39,2025-04-02
1864,1488,apple_pay,completed,9315.82,2022-10-08
1865,1489,debit_card,completed,3614.88,2025-01-19
1866,1490,credit_card,completed,4212.44,2025-04-01
1867,1491,debit_card,completed,6222.8,2025-12-28
1868,1492,credit_card,completed,1371.65,2025-07-25
1869,1493,debit_card,completed,2891.82,2023-12-02
1870,1494,apple_pay,pending,4234.28,2024-09-28
1871,1494,paypal,pending,2599.68,2024-09-30
1872,1495,apple_pay,completed,2536.86,2025-06-19
1873,1496,bank_transfer,failed,978.77,2025-05-13
1874,1496,paypal,failed,1120.62,2025-05-15
1875,1497,credit_card,completed,7009.38,2023-03-18
1876,1498,bank_transfer,pending,1595.59,2024-02-17
1877,1498,google_pay,pending,1023.82,2024-02-19
1878,1499,debit_card,refunded,3278.38,2023-04-02
1879,1499,credit_card,refunded,1637.22,2023-04-04
1880,1500,paypal,completed,3443.97,2024-11-29
1881,1500,apple_pay,completed,7553.12,2024-11-30
1882,1501,bank_transfer,completed,8522.32,2024-09-29
1883,1502,apple_pay,completed,1714.24,2023-07-29
1884,1503,bank_transfer,completed,2195.8,2024-08-17
1885,1503,paypal,completed,1807.83,2024-08-18
1886,1504,debit_card,completed,3038.84,2025-10-18
1887,1505,debit_card,failed,492.68,2024-05-31
1888,1506,paypal,failed,2250.68,2024-11-09
1889,1506,google_pay,failed,1708.39,2024-11-11
1890,1507,bank_transfer,completed,4131.78,2024-08-24
1891,1508,paypal,completed,3522.75,2025-11-07
1892,1509,debit_card,completed,777.06,2023-08-21
1893,1510,debit_card,completed,4137.39,2025-08-22
1894,1511,credit_card,completed,6156.14,2025-02-10
1895,1512,debit_card,completed,5152.47,2025-12-19
1896,1512,bank_transfer,completed,2818.78,2025-12-20
1897,1513,apple_pay,completed,2943.66,2024-09-08
1898,1514,credit_card,completed,4092.15,2022-10-10
1899,1515,bank_transfer,completed,2059.01,2024-12-15
1900,1516,paypal,pending,3708.53,2023-11-05
1901,1517,credit_card,completed,1008.84,2024-11-02
1902,1518,bank_transfer,completed,1153.49,2025-05-08
1903,1519,debit_card,completed,5545.84,2025-08-21
1904,1519,apple_pay,completed,4535.6,2025-08-22
1905,1520,debit_card,completed,1076.47,2025-05-13
1906,1521,google_pay,refunded,825.96,2025-10-25
1907,1522,credit_card,pending,3927.47,2022-08-02
1908,1522,credit_card,pending,1905.01,2022-08-02
1909,1523,google_pay,completed,3351.93,2025-08-14
1910,1524,apple_pay,completed,2796.76,2025-03-07
1911,1524,credit_card,completed,1719.86,2025-03-09
1912,1525,debit_card,pending,732.03,2025-06-09
1913,1526,credit_card,completed,1532.96,2025-04-24
1914,1526,google_pay,completed,3517.95,2025-04-24
1915,1527,credit_card,completed,1845.38,2025-10-20
1916,1528,debit_card,completed,1804.96,2025-09-10
1917,1529,paypal,completed,2864.17,2025-02-21
1918,1529,paypal,completed,1613.65,2025-02-21
1919,1530,credit_card,completed,382.38,2022-10-02
1920,1531,debit_card,completed,3649.04,2025-04-25
1921,1532,google_pay,completed,476.65,2025-10-17
1922,1533,google_pay,completed,4263.39,2025-10-28
1923,1534,paypal,completed,49.24,2025-05-27
1924,1534,apple_pay,completed,110.36,2025-05-28
1925,1535,credit_card,completed,4137.29,2024-10-25
1926,1536,apple_pay,completed,2134.2,2025-10-17
1927,1536,bank_transfer,completed,2830.5,2025-10-17
1928,1537,paypal,completed,1995.47,2024-06-17
1929,1538,google_pay,completed,2255.63,2023-12-26
1930,1539,apple_pay,completed,3342.1,2024-08-12
1931,1539,credit_card,completed,1627.95,2024-08-13
1932,1540,debit_card,completed,355.47,2025-08-20
1933,1541,google_pay,completed,3310.6,2024-10-02
1934,1542,apple_pay,completed,3304.02,2025-02-26
1935,1543,apple_pay,pending,873.5,2025-12-03
1936,1544,debit_card,completed,3023.69,2024-11-25
1937,1545,debit_card,completed,211.86,2024-07-26
1938,1545,paypal,completed,250.28,2024-07-26
1939,1546,debit_card,completed,2206.48,2024-09-01
1940,1547,apple_pay,failed,3159.55,2023-09-11
1941,1548,bank_transfer,completed,257.57,2023-06-30
1942,1548,apple_pay,completed,441.05,2023-07-02
1943,1549,debit_card,completed,11537.52,2024-04-18
1944,1550,apple_pay,completed,437.67,2025-10-27
1945,1551,bank_transfer,completed,6431.26,2025-12-20
1946,1552,google_pay,completed,4757.39,2024-01-27
1947,1553,apple_pay,failed,9014.56,2025-02-11
1948,1554,paypal,completed,2199.43,2025-02-22
1949,1554,apple_pay,completed,1978.74,2025-02-24
1950,1555,google_pay,completed,2409.48,2025-12-23
1951,1556,apple_pay,completed,3120.84,2024-08-11
1952,1557,bank_transfer,pending,1804.22,2025-12-13
1953,1558,debit_card,completed,1724.87,2023-10-08
1954,1558,apple_pay,completed,1170.44,2023-10-08
1955,1559,apple_pay,completed,1805.46,2025-12-24
1956,1560,credit_card,completed,2509.48,2025-09-25
1957,1561,bank_transfer,completed,773.48,2024-01-03
1958,1562,google_pay,completed,1353.52,2024-09-10
1959,1563,debit_card,completed,9431.67,2025-09-12
1960,1564,apple_pay,completed,121.49,2025-10-28
1961,1564,apple_pay,completed,265.25,2025-10-30
1962,1565,debit_card,completed,1387.82,2025-08-17
1963,1565,debit_card,completed,1052.79,2025-08-17
1964,1566,credit_card,completed,530.1,2024-05-09
1965,1567,apple_pay,pending,4515.09,2024-10-07
1966,1568,debit_card,completed,4312.84,2025-11-27
1967,1569,debit_card,completed,2562.18,2025-04-10
1968,1570,paypal,completed,2416.09,2025-12-22
1969,1571,debit_card,completed,2409.69,2025-08-02
1970,1572,google_pay,completed,4744.45,2025-09-19
1971,1573,apple_pay,completed,2253.68,2024-01-20
1972,1574,apple_pay,refunded,1638.62,2025-12-15
1973,1575,google_pay,completed,3501.18,2025-02-10
1974,1576,google_pay,completed,4938.59,2025-09-15
1975,1577,apple_pay,completed,2201.95,2025-12-27
1976,1578,bank_transfer,completed,3823.61,2025-10-17
1977,1579,google_pay,completed,1600.6,2025-12-16
1978,1580,credit_card,failed,1244.78,2022-03-24
1979,1581,paypal,completed,4313.88,2025-11-14
1980,1582,google_pay,completed,4858.85,2025-07-30
1981,1583,credit_card,completed,2613.46,2025-10-19
1982,1584,debit_card,completed,2247.08,2025-11-15
1983,1585,debit_card,completed,4105.28,2025-10-23
1984,1585,paypal,completed,6213.65,2025-10-23
1985,1586,paypal,pending,2707.44,2024-10-22
1986,1587,paypal,failed,3311.89,2025-12-22
1987,1588,bank_transfer,refunded,3978.44,2023-06-19
1988,1589,credit_card,completed,3755.03,2024-01-02
1989,1590,google_pay,completed,1413.3,2025-12-21
1990,1591,debit_card,completed,223.36,2023-09-27
1991,1591,apple_pay,completed,161.14,2023-09-27
1992,1592,bank_transfer,completed,2513.41,2025-12-31
1993,1592,bank_transfer,completed,2235.93,2026-01-01
1994,1593,google_pay,completed,2247.86,2024-10-18
1995,1594,bank_transfer,completed,1639.11,2024-01-06
1996,1594,credit_card,completed,957.59,2024-01-07
1997,1595,paypal,completed,510.43,2025-12-22
1998,1596,credit_card,completed,6475.94,2024-07-02
1999,1597,credit_card,completed,7856.62,2025-12-01
2000,1598,debit_card,completed,1690.53,2025-08-01
2001,1599,google_pay,completed,5460.56,2025-09-29
2002,1600,google_pay,completed,3124.32,2024-09-01
2003,1601,bank_transfer,completed,859.58,2025-09-28
2004,1601,bank_transfer,completed,1379.96,2025-09-28
2005,1602,credit_card,completed,696.13,2025-12-26
2006,1603,paypal,completed,427.22,2024-08-02
2007,1604,debit_card,completed,1585.66,2024-07-28
2008,1605,bank_transfer,completed,2354.68,2024-02-24
2009,1606,bank_transfer,refunded,5572.88,2025-05-09
2010,1607,debit_card,completed,726.6,2025-05-03
2011,1608,google_pay,refunded,2354.24,2025-08-19
2012,1609,debit_card,completed,1618.43,2025-06-04
2013,1609,paypal,completed,2052.7,2025-06-05
2014,1610,paypal,refunded,3506.19,2024-08-21
2015,1611,debit_card,completed,5250.45,2025-06-10
2016,1612,apple_pay,completed,4343.51,2023-10-19
2017,1613,paypal,completed,1709.26,2025-06-16
2018,1614,paypal,completed,999.35,2024-10-27
2019,1615,paypal,completed,2337.46,2025-04-06
2020,1616,apple_pay,completed,5117.04,2025-04-06
2021,1617,bank_transfer,completed,279.74,2024-10-30
2022,1617,debit_card,completed,373.78,2024-11-01
2023,1618,paypal,completed,5835.38,2025-12-26
2024,1619,paypal,refunded,3962.38,2025-01-17
2025,1620,debit_card,completed,6310.81,2025-12-22
2026,1620,google_pay,completed,3140.62,2025-12-24
2027,1621,paypal,pending,625.71,2023-09-18
2028,1622,google_pay,completed,4156.84,2025-11-05
2029,1623,credit_card,pending,6017.08,2025-07-01
2030,1624,debit_card,completed,942.82,2025-11-20
2031,1624,credit_card,completed,1708.71,2025-11-20
2032,1625,debit_card,refunded,4988.71,2025-12-22
2033,1625,credit_card,refunded,4755.14,2025-12-24
2034,1626,paypal,completed,4762.15,2024-06-14
2035,1627,google_pay,completed,3105.41,2024-10-11
2036,1628,bank_transfer,completed,4023.82,2025-10-10
2037,1629,credit_card,completed,839.7,2024-12-14
2038,1630,debit_card,completed,1414.96,2025-09-20
2039,1631,apple_pay,completed,848.65,2024-12-31
2040,1632,google_pay,refunded,4723.95,2025-02-24
2041,1632,debit_card,refunded,5135.8,2025-02-25
2042,1633,google_pay,completed,854.44,2025-06-25
2043,1634,apple_pay,failed,3630.74,2025-09-22
2044,1634,paypal,failed,2154.99,2025-09-23
2045,1635,paypal,completed,1258.04,2024-08-02
2046,1636,debit_card,completed,493.82,2025-06-12
2047,1637,bank_transfer,completed,1420.08,2024-09-17
2048,1638,bank_transfer,completed,1030.72,2024-11-18
2049,1638,google_pay,completed,1187.96,2024-11-20
2050,1639,bank_transfer,completed,3873.12,2024-04-12
2051,1640,google_pay,completed,2368.0,2025-12-21
2052,1640,credit_card,completed,2707.61,2025-12-23
2053,1641,apple_pay,completed,2158.08,2024-09-05
2054,1642,debit_card,completed,639.38,2025-07-09
2055,1642,paypal,completed,734.11,2025-07-10
2056,1643,paypal,completed,1626.69,2023-04-07
2057,1643,paypal,completed,1217.38,2023-04-07
2058,1644,paypal,completed,57.48,2025-10-19
2059,1645,credit_card,completed,660.07,2025-01-28
2060,1646,debit_card,completed,1804.96,2025-02-08
2061,1647,bank_transfer,completed,6390.34,2024-01-20
2062,1648,debit_card,completed,825.09,2025-02-11
2063,1649,credit_card,completed,1973.26,2025-07-30
2064,1649,apple_pay,completed,2978.08,2025-07-31
2065,1650,bank_transfer,completed,3282.86,2025-12-25
2066,1650,bank_transfer,completed,3579.12,2025-12-26
2067,1651,paypal,completed,1799.73,2025-05-12
2068,1652,google_pay,completed,457.92,2025-02-27
2069,1652,paypal,completed,341.51,2025-03-01
2070,1653,paypal,pending,1295.56,2023-02-12
2071,1653,google_pay,pending,1112.31,2023-02-12
2072,1654,debit_card,completed,3155.32,2025-08-13
2073,1654,apple_pay,completed,2822.04,2025-08-14
2074,1655,google_pay,completed,1656.58,2025-08-31
2075,1656,google_pay,completed,3497.76,2024-12-11
2076,1657,google_pay,completed,2530.11,2023-10-23
2077,1658,bank_transfer,completed,7561.52,2025-11-12
2078,1659,paypal,completed,1408.56,2025-08-25
2079,1660,paypal,completed,370.58,2024-09-27
2080,1660,paypal,completed,274.13,2024-09-28
2081,1661,paypal,completed,1423.85,2024-05-11
2082,1662,paypal,completed,794.47,2025-12-09
2083,1662,google_pay,completed,949.77,2025-12-10
2084,1663,credit_card,completed,3433.17,2025-07-29
2085,1664,debit_card,completed,356.43,2025-03-16
2086,1664,apple_pay,completed,618.76,2025-03-18
2087,1665,paypal,failed,5247.21,2025-06-16
2088,1666,google_pay,failed,1402.02,2025-07-26
2089,1667,apple_pay,refunded,593.5,2025-06-26
2090,1667,paypal,refunded,423.47,2025-06-26
2091,1668,google_pay,completed,1590.14,2022-10-16
2092,1668,credit_card,completed,2717.15,2022-10-17
2093,1669,paypal,completed,2583.0,2025-12-11
2094,1670,google_pay,completed,1284.85,2025-11-15
2095,1671,paypal,completed,1476.41,2025-10-24
2096,1672,paypal,completed,2932.6,2022-07-13
2097,1673,apple_pay,completed,904.7,2025-12-19
2098,1674,bank_transfer,failed,6154.04,2025-11-03
2099,1675,bank_transfer,completed,2766.36,2025-12-07
2100,1676,debit_card,completed,3326.83,2024-04-01
2101,1677,apple_pay,completed,348.29,2025-08-05
2102,1677,bank_transfer,completed,338.98,2025-08-07
2103,1678,apple_pay,completed,1099.65,2025-12-08
2104,1678,bank_transfer,completed,887.96,2025-12-10
2105,1679,paypal,completed,1884.5,2025-08-28
2106,1679,debit_card,completed,4041.96,2025-08-28
2107,1680,debit_card,completed,3660.43,2025-09-23
2108,1681,credit_card,completed,2313.49,2025-11-13
2109,1682,debit_card,completed,8141.12,2025-12-17
2110,1683,debit_card,completed,2575.98,2025-06-20
2111,1684,apple_pay,completed,170.54,2025-12-27
2112,1684,google_pay,completed,317.61,2025-12-28
2113,1685,debit_card,failed,1582.06,2023-01-21
2114,1686,apple_pay,completed,3437.44,2025-03-18
2115,1687,paypal,completed,1605.04,2022-10-13
2116,1687,paypal,completed,1802.2,2022-10-13
2117,1688,apple_pay,completed,127.63,2025-12-22
2118,1688,bank_transfer,completed,97.5,2025-12-23
2119,1689,bank_transfer,completed,427.22,2025-09-23
2120,1690,paypal,completed,374.48,2025-09-07
2121,1690,apple_pay,completed,290.67,2025-09-07
2122,1691,apple_pay,completed,4074.73,2025-12-13
2123,1692,google_pay,completed,5338.48,2022-07-17
2124,1693,paypal,completed,127.67,2024-12-25
2125,1694,bank_transfer,completed,476.65,2024-12-14
2126,1695,paypal,completed,9643.93,2025-10-25
2127,1696,apple_pay,completed,3376.77,2025-04-24
2128,1697,bank_transfer,completed,2323.72,2024-07-23
2129,1698,credit_card,failed,3403.55,2025-01-20
2130,1699,debit_card,completed,265.05,2025-01-15
2131,1700,paypal,completed,2867.7,2023-06-02
2132,1700,paypal,completed,1244.36,2023-06-04
2133,1701,apple_pay,completed,4086.64,2024-05-26
2134,1702,google_pay,completed,1291.73,2025-12-31
2135,1703,bank_transfer,failed,1635.18,2025-05-13
2136,1703,apple_pay,failed,3366.34,2025-05-15
2137,1704,bank_transfer,pending,2754.52,2025-11-12
2138,1705,google_pay,pending,2470.63,2025-09-24
2139,1706,apple_pay,failed,7474.19,2025-11-20
2140,1707,apple_pay,completed,6348.93,2024-04-01
2141,1708,google_pay,completed,4906.83,2025-09-08
2142,1709,debit_card,completed,4421.72,2025-02-05
2143,1710,paypal,refunded,1792.39,2025-04-02
2144,1711,bank_transfer,completed,3918.72,2025-10-11
2145,1712,credit_card,completed,268.29,2023-02-27
2146,1713,bank_transfer,completed,6634.38,2024-09-12
2147,1714,credit_card,completed,7412.65,2024-03-25
2148,1715,bank_transfer,completed,3373.44,2025-08-10
2149,1716,google_pay,completed,10994.73,2025-09-24
2150,1717,credit_card,failed,1913.21,2025-04-10
2151,1718,google_pay,pending,2249.55,2025-10-06
2152,1719,credit_card,completed,3663.02,2025-12-16
2153,1720,google_pay,completed,1520.65,2024-05-24
2154,1721,apple_pay,completed,70.25,2024-08-01
2155,1721,credit_card,completed,132.69,2024-08-02
2156,1722,google_pay,completed,2725.25,2025-11-23
2157,1722,debit_card,completed,1444.61,2025-11-23
2158,1723,google_pay,completed,916.83,2025-09-17
2159,1723,google_pay,completed,1787.38,2025-09-18
2160,1724,paypal,completed,4077.79,2025-03-08
2161,1725,bank_transfer,completed,1585.77,2025-10-04
2162,1725,google_pay,completed,2298.37,2025-10-04
2163,1726,apple_pay,completed,1724.01,2024-07-16
2164,1727,google_pay,completed,3425.67,2022-08-27
2165,1728,apple_pay,completed,5767.09,2023-07-06
2166,1729,paypal,completed,2636.75,2024-11-27
2167,1729,apple_pay,completed,5105.47,2024-11-29
2168,1730,bank_transfer,refunded,788.93,2025-01-18
2169,1731,credit_card,failed,4416.19,2024-12-05
2170,1732,paypal,completed,126.69,2025-05-18
2171,1733,credit_card,pending,8119.61,2025-06-22
2172,1734,google_pay,pending,6321.67,2025-04-02
2173,1735,apple_pay,pending,5912.97,2025-07-16
2174,1736,bank_transfer,pending,93.34,2025-10-30
2175,1736,google_pay,pending,138.81,2025-11-01
2176,1737,debit_card,completed,778.9,2025-05-27
2177,1738,debit_card,pending,489.35,2025-02-22
2178,1738,debit_card,pending,550.75,2025-02-24
2179,1739,paypal,completed,1652.05,2025-09-22
2180,1740,apple_pay,failed,2947.61,2025-12-24
2181,1741,apple_pay,completed,5713.96,2025-02-24
2182,1742,paypal,completed,2935.19,2024-02-19
2183,1742,bank_transfer,completed,3761.79,2024-02-20
2184,1743,debit_card,completed,1441.98,2025-08-30
2185,1743,paypal,completed,1046.59,2025-08-30
2186,1744,google_pay,completed,91.55,2024-01-03
2187,1745,paypal,completed,3470.23,2025-11-18
2188,1746,google_pay,refunded,3523.04,2024-11-11
2189,1746,credit_card,refunded,4810.06,2024-11-13
2190,1747,credit_card,completed,2592.17,2024-05-28
2191,1748,paypal,pending,216.69,2025-11-19
2192,1748,debit_card,pending,364.43,2025-11-21
2193,1749,credit_card,completed,2669.58,2023-07-27
2194,1750,apple_pay,completed,2367.05,2024-03-07
2195,1750,apple_pay,completed,3097.31,2024-03-08
2196,1751,paypal,completed,3506.19,2025-11-29
2197,1752,debit_card,completed,5164.91,2025-11-05
2198,1753,bank_transfer,refunded,118.73,2025-07-07
2199,1753,credit_card,refunded,120.26,2025-07-08
2200,1754,bank_transfer,completed,148.92,2025-04-20
2201,1754,bank_transfer,completed,313.44,2025-04-22
2202,1755,bank_transfer,refunded,989.71,2025-05-15
2203,1756,apple_pay,completed,238.99,2024-09-08
2204,1757,apple_pay,completed,421.22,2025-06-18
2205,1757,apple_pay,completed,506.2,2025-06-19
2206,1758,apple_pay,completed,7292.83,2023-12-31
2207,1759,credit_card,completed,408.94,2025-12-18
2208,1760,paypal,completed,1672.07,2025-06-15
2209,1760,google_pay,completed,1184.82,2025-06-15
2210,1761,credit_card,completed,1510.13,2024-08-05
2211,1762,debit_card,refunded,297.63,2025-01-22
2212,1762,google_pay,refunded,129.59,2025-01-22
2213,1763,credit_card,completed,1404.26,2024-12-20
2214,1763,credit_card,completed,1642.38,2024-12-22
2215,1764,apple_pay,completed,4413.59,2025-07-24
2216,1765,debit_card,completed,1717.88,2025-11-21
2217,1766,paypal,refunded,1638.62,2024-02-16
2218,1767,bank_transfer,completed,3115.78,2025-06-13
2219,1768,paypal,pending,1281.81,2024-10-05
2220,1769,debit_card,completed,1850.71,2024-03-10
2221,1769,debit_card,completed,977.29,2024-03-11
2222,1770,paypal,failed,226.69,2025-01-20
2223,1770,paypal,failed,162.14,2025-01-22
2224,1771,bank_transfer,completed,2803.77,2025-01-03
2225,1771,google_pay,completed,2401.33,2025-01-04
2226,1772,google_pay,completed,2297.7,2025-02-24
2227,1773,apple_pay,completed,3347.15,2024-07-12
2228,1774,bank_transfer,completed,323.61,2024-12-29
2229,1774,debit_card,completed,698.75,2024-12-30
2230,1775,apple_pay,failed,5467.81,2024-06-16
2231,1776,bank_transfer,completed,1164.36,2024-03-12
2232,1777,bank_transfer,completed,4239.69,2024-03-03
2233,1778,bank_transfer,completed,1837.76,2023-08-12
2234,1779,apple_pay,completed,327.23,2024-10-10
2235,1780,credit_card,completed,593.15,2025-10-14
2236,1780,bank_transfer,completed,1123.05,2025-10-16
2237,1781,debit_card,completed,1239.53,2025-05-10
2238,1782,bank_transfer,completed,2784.08,2024-10-13
2239,1783,paypal,completed,616.37,2024-09-04
2240,1783,credit_card,completed,604.14,2024-09-04
2241,1784,paypal,completed,11008.87,2025-04-02
2242,1785,google_pay,completed,2621.2,2025-12-06
2243,1786,google_pay,completed,2144.53,2025-12-24
2244,1786,debit_card,completed,2619.31,2025-12-24
2245,1787,bank_transfer,completed,914.71,2024-11-21
2246,1788,apple_pay,completed,3463.15,2024-06-09
2247,1789,debit_card,pending,2105.77,2025-12-22
2248,1790,credit_card,completed,11484.33,2025-09-22
2249,1791,credit_card,completed,3170.91,2022-10-15
2250,1792,debit_card,failed,4277.34,2025-04-17
2251,1793,apple_pay,completed,2709.17,2025-03-21
2252,1794,paypal,completed,8610.05,2025-06-28
2253,1795,google_pay,completed,604.55,2025-05-02
2254,1795,apple_pay,completed,1300.4,2025-05-03
2255,1796,apple_pay,failed,3206.52,2025-12-08
2256,1797,bank_transfer,completed,1693.86,2025-06-01
2257,1798,credit_card,completed,1325.26,2025-10-03
2258,1799,paypal,completed,1469.32,2025-12-13
2259,1800,bank_transfer,completed,5086.69,2025-10-06
2260,1801,bank_transfer,completed,5922.21,2025-10-06
2261,1802,apple_pay,completed,5420.26,2024-05-16
2262,1803,apple_pay,completed,187.07,2024-10-25
2263,1803,debit_card,completed,243.39,2024-10-26
2264,1804,debit_card,completed,2336.7,2025-06-15
2265,1805,bank_transfer,failed,2360.63,2023-08-15
2266,1806,bank_transfer,failed,2277.85,2024-11-22
2267,1807,credit_card,completed,566.2,2025-06-22
2268,1807,bank_transfer,completed,969.68,2025-06-24
2269,1808,google_pay,completed,2254.44,2023-04-02
2270,1809,bank_transfer,completed,3988.56,2025-11-23
2271,1810,paypal,completed,1244.96,2025-08-26
2272,1810,google_pay,completed,1867.35,2025-08-27
2273,1811,debit_card,completed,1001.53,2023-06-17
2274,1812,apple_pay,completed,78.97,2025-05-20
2275,1812,google_pay,completed,163.62,2025-05-22
2276,1813,bank_transfer,completed,2709.55,2025-12-24
2277,1814,paypal,completed,2908.28,2025-12-01
2278,1815,bank_transfer,completed,3647.5,2023-07-14
2279,1816,apple_pay,completed,2606.85,2025-12-28
2280,1817,bank_transfer,completed,3347.33,2025-10-14
2281,1817,apple_pay,completed,4277.84,2025-10-15
2282,1818,credit_card,completed,438.79,2025-11-17
2283,1818,credit_card,completed,463.69,2025-11-18
2284,1819,apple_pay,completed,2207.12,2025-12-26
2285,1820,paypal,completed,1937.39,2025-08-09
2286,1821,apple_pay,refunded,4404.41,2023-11-07
2287,1822,credit_card,completed,7309.8,2024-10-29
2288,1823,paypal,completed,416.12,2025-12-08
2289,1824,apple_pay,pending,1845.15,2024-10-16
2290,1824,bank_transfer,pending,4001.01,2024-10-16
2291,1825,debit_card,completed,5084.72,2025-11-15
2292,1826,google_pay,completed,94.79,2025-05-03
2293,1827,bank_transfer,completed,430.92,2024-01-12
2294,1828,credit_card,completed,1099.96,2025-12-30
2295,1828,bank_transfer,completed,757.96,2025-12-31
2296,1829,debit_card,completed,2615.63,2024-10-31
2297,1829,paypal,completed,2584.25,2024-11-01
2298,1830,google_pay,completed,867.83,2025-07-23
2299,1830,bank_transfer,completed,1307.61,2025-07-23
2300,1831,google_pay,completed,1456.15,2025-06-06
2301,1831,bank_transfer,completed,984.33,2025-06-07
2302,1832,credit_card,completed,1040.1,2024-10-19
2303,1833,bank_transfer,completed,1031.52,2024-05-19
2304,1833,credit_card,completed,927.82,2024-05-20
2305,1834,apple_pay,completed,1712.52,2025-11-27
2306,1835,debit_card,completed,7899.08,2025-12-28
2307,1836,bank_transfer,completed,298.1,2025-08-15
2308,1837,debit_card,completed,10347.31,2025-11-20
2309,1838,apple_pay,completed,170.14,2025-12-30
2310,1839,apple_pay,refunded,1655.58,2025-11-27
2311,1839,bank_transfer,refunded,2046.91,2025-11-28
2312,1840,apple_pay,completed,2240.45,2025-08-31
2313,1841,apple_pay,failed,4916.64,2025-10-05
2314,1841,paypal,failed,3995.84,2025-10-05
2315,1842,google_pay,completed,3811.19,2024-05-06
2316,1843,debit_card,completed,1883.96,2025-04-30
2317,1844,paypal,completed,1160.89,2025-11-13
2318,1844,bank_transfer,completed,2573.19,2025-11-14
2319,1845,paypal,completed,1486.76,2025-04-30
2320,1845,bank_transfer,completed,864.19,2025-04-30
2321,1846,debit_card,completed,1687.69,2025-10-13
2322,1847,google_pay,completed,57.48,2025-03-25
2323,1848,credit_card,refunded,4661.54,2024-08-18
2324,1849,paypal,completed,701.71,2023-10-01
2325,1849,debit_card,completed,943.98,2023-10-02
2326,1850,google_pay,failed,2021.27,2025-09-07
2327,1850,google_pay,failed,2686.28,2025-09-08
2328,1851,google_pay,completed,1461.66,2025-08-14
2329,1852,apple_pay,completed,1295.38,2023-09-18
2330,1853,debit_card,completed,3958.4,2025-02-10
2331,1854,apple_pay,completed,1059.22,2025-12-23
2332,1855,bank_transfer,refunded,1560.08,2024-11-12
2333,1856,debit_card,failed,3645.12,2023-05-03
2334,1856,paypal,failed,1616.76,2023-05-05
2335,1857,debit_card,completed,1303.05,2025-09-08
2336,1857,paypal,completed,1320.78,2025-09-08
2337,1858,google_pay,completed,5308.79,2024-03-19
2338,1858,bank_transfer,completed,2340.15,2024-03-20
2339,1859,apple_pay,completed,804.21,2025-11-30
2340,1859,google_pay,completed,538.99,2025-12-01
2341,1860,google_pay,completed,715.23,2025-07-12
2342,1860,credit_card,completed,910.46,2025-07-14
2343,1861,apple_pay,completed,6224.9,2025-12-20
2344,1862,credit_card,completed,501.92,2025-02-09
2345,1863,credit_card,completed,1025.85,2025-10-20
2346,1863,google_pay,completed,1291.08,2025-10-22
2347,1864,paypal,completed,2707.91,2025-07-17
2348,1865,credit_card,completed,1281.81,2025-11-20
2349,1866,debit_card,completed,8306.62,2025-12-09
2350,1867,debit_card,failed,997.73,2025-12-05
2351,1868,debit_card,completed,143.64,2024-04-02
2352,1869,debit_card,failed,84.17,2025-11-08
2353,1869,bank_transfer,failed,180.88,2025-11-09
2354,1870,google_pay,completed,511.91,2025-04-17
2355,1870,bank_transfer,completed,415.51,2025-04-18
2356,1871,credit_card,completed,3871.8,2024-10-10
2357,1872,bank_transfer,completed,507.06,2025-12-26
2358,1872,apple_pay,completed,441.15,2025-12-27
2359,1873,credit_card,completed,2092.08,2025-10-14
2360,1874,bank_transfer,completed,570.08,2025-08-10
2361,1874,google_pay,completed,773.12,2025-08-11
2362,1875,debit_card,completed,2374.88,2025-07-23
2363,1876,paypal,failed,3494.65,2025-12-29
2364,1877,apple_pay,completed,5331.25,2025-04-08
2365,1878,apple_pay,completed,5945.77,2024-10-29
2366,1878,debit_card,completed,2793.65,2024-10-31
2367,1879,debit_card,completed,7688.99,2023-03-13
2368,1880,credit_card,completed,3078.43,2023-03-26
2369,1880,apple_pay,completed,2168.12,2023-03-27
2370,1881,credit_card,completed,5825.69,2025-01-24
2371,1882,credit_card,completed,4192.98,2023-06-22
2372,1883,bank_transfer,completed,748.3,2025-07-08
2373,1884,debit_card,completed,881.27,2022-03-06
2374,1885,apple_pay,completed,1230.04,2024-04-16
2375,1886,paypal,pending,501.92,2025-11-24
2376,1887,debit_card,completed,3153.93,2023-11-16
2377,1888,bank_transfer,completed,5388.89,2025-08-22
2378,1889,credit_card,failed,1047.68,2022-12-28
2379,1889,credit_card,failed,925.27,2022-12-29
2380,1890,apple_pay,completed,9485.33,2024-05-25
2381,1891,credit_card,completed,3959.07,2023-07-01
2382,1892,credit_card,completed,4693.54,2025-08-24
2383,1893,bank_transfer,completed,2370.89,2023-05-13
2384,1893,debit_card,completed,3542.16,2023-05-14
2385,1894,google_pay,refunded,86.97,2025-05-07
2386,1895,debit_card,completed,1021.45,2023-04-17
2387,1896,apple_pay,completed,5901.72,2025-05-22
2388,1897,google_pay,completed,2398.21,2023-07-06
2389,1897,paypal,completed,3801.55,2023-07-06
2390,1898,credit_card,failed,1709.77,2024-08-04
2391,1899,apple_pay,completed,5610.3,2025-01-24
2392,1900,credit_card,completed,353.18,2023-10-22
2393,1900,paypal,completed,392.28,2023-10-24
2394,1901,credit_card,completed,2291.65,2025-03-13
2395,1901,bank_transfer,completed,4342.66,2025-03-14
2396,1902,credit_card,completed,1106.14,2024-08-17
2397,1903,credit_card,failed,3460.76,2024-01-22
2398,1904,debit_card,completed,5348.01,2023-09-28
2399,1905,credit_card,pending,1255.33,2024-11-04
2400,1906,paypal,completed,4039.96,2024-12-18
2401,1907,apple_pay,completed,6470.35,2025-10-08
2402,1908,paypal,pending,5784.76,2023-01-11
2403,1909,apple_pay,completed,6842.24,2023-05-20
2404,1910,paypal,completed,2878.49,2025-01-03
2405,1911,paypal,completed,883.84,2025-05-19
2406,1912,credit_card,completed,2651.53,2025-06-10
2407,1913,apple_pay,completed,1413.9,2025-05-02
2408,1914,google_pay,refunded,1082.66,2025-09-01
2409,1914,debit_card,refunded,699.1,2025-09-02
2410,1915,google_pay,refunded,1299.46,2025-12-31
2411,1916,debit_card,failed,1041.39,2025-05-23
2412,1916,apple_pay,failed,516.41,2025-05-24
2413,1917,bank_transfer,completed,3456.36,2025-12-28
2414,1918,apple_pay,completed,2013.35,2025-05-25
2415,1919,debit_card,pending,5144.5,2023-10-16
2416,1920,paypal,completed,3968.22,2024-07-31
2417,1921,paypal,completed,547.9,2024-12-27
2418,1922,debit_card,failed,2861.38,2024-09-22
2419,1923,credit_card,completed,8866.86,2025-08-13
2420,1924,apple_pay,completed,416.28,2025-09-28
2421,1924,credit_card,completed,325.66,2025-09-28
2422,1925,apple_pay,completed,3625.86,2025-08-16
2423,1925,paypal,completed,3600.93,2025-08-18
2424,1926,google_pay,completed,1432.98,2025-10-09
2425,1926,bank_transfer,completed,1953.48,2025-10-09
2426,1927,google_pay,completed,2175.98,2024-04-18
2427,1928,paypal,completed,729.69,2025-06-23
2428,1929,debit_card,completed,2625.73,2025-10-25
2429,1930,google_pay,completed,952.76,2023-09-25
2430,1931,bank_transfer,completed,3400.63,2025-08-25
2431,1932,google_pay,completed,7681.07,2025-01-30
2432,1933,bank_transfer,pending,6131.64,2024-10-16
2433,1934,debit_card,completed,2375.78,2024-11-11
2434,1934,credit_card,completed,1167.78,2024-11-11
2435,1935,apple_pay,completed,1122.34,2024-02-05
2436,1935,apple_pay,completed,1218.12,2024-02-06
2437,1936,apple_pay,completed,4865.15,2024-07-15
2438,1937,credit_card,refunded,6452.77,2025-04-05
2439,1938,bank_transfer,completed,4738.19,2025-11-01
2440,1939,debit_card,completed,277.16,2025-12-03
2441,1939,apple_pay,completed,638.59,2025-12-05
2442,1940,bank_transfer,completed,4519.58,2023-09-30
2443,1941,bank_transfer,refunded,3906.65,2024-11-08
2444,1942,credit_card,completed,8259.35,2025-10-10
2445,1943,paypal,completed,2265.19,2025-02-27
2446,1944,debit_card,completed,5639.86,2024-11-30
2447,1945,paypal,completed,292.75,2023-06-19
2448,1945,debit_card,completed,495.06,2023-06-20
2449,1946,bank_transfer,completed,2497.56,2024-10-05
2450,1947,credit_card,failed,1175.81,2025-09-05
2451,1947,paypal,failed,1109.95,2025-09-07
2452,1948,apple_pay,completed,854.44,2025-12-12
2453,1949,paypal,completed,1386.85,2025-08-16
2454,1950,bank_transfer,completed,1079.39,2025-07-19
2455,1950,credit_card,completed,2302.32,2025-07-19
2456,1951,apple_pay,completed,1693.23,2024-02-17
2457,1952,apple_pay,completed,3310.69,2025-06-06
2458,1953,apple_pay,completed,3677.22,2025-12-26
2459,1954,bank_transfer,completed,1833.63,2025-10-10
2460,1955,credit_card,completed,3287.73,2024-03-26
2461,1956,google_pay,completed,3930.78,2024-06-30
2462,1957,debit_card,completed,5603.18,2025-06-20
2463,1958,debit_card,completed,2073.44,2025-01-05
2464,1959,google_pay,completed,9699.03,2025-01-26
2465,1960,paypal,failed,1604.47,2025-06-23
2466,1960,google_pay,failed,2630.55,2025-06-24
2467,1961,bank_transfer,completed,1091.35,2025-04-15
2468,1962,paypal,completed,457.49,2025-07-29
2469,1963,debit_card,failed,3689.65,2025-06-18
2470,1963,bank_transfer,failed,3849.44,2025-06-20
2471,1964,apple_pay,completed,720.77,2025-08-17
2472,1964,google_pay,completed,898.55,2025-08-19
2473,1965,credit_card,completed,60.29,2025-12-01
2474,1966,debit_card,completed,8103.38,2023-03-09
2475,1967,bank_transfer,completed,5264.6,2025-06-10
2476,1968,apple_pay,completed,7673.15,2025-12-23
2477,1969,credit_card,completed,687.43,2025-11-16
2478,1969,debit_card,completed,380.04,2025-11-18
2479,1970,paypal,completed,1535.98,2024-12-30
2480,1971,bank_transfer,completed,4861.12,2025-09-25
2481,1972,credit_card,completed,3957.69,2025-12-10
2482,1973,credit_card,completed,825.09,2024-09-19
2483,1974,bank_transfer,completed,1402.05,2023-11-23
2484,1975,debit_card,pending,9832.1,2023-01-17
2485,1976,bank_transfer,completed,2324.7,2025-01-05
2486,1977,credit_card,completed,9520.22,2025-12-07
2487,1978,apple_pay,completed,5651.88,2022-06-16
2488,1979,bank_transfer,completed,1723.29,2025-04-20
2489,1980,bank_transfer,refunded,667.41,2025-06-02
2490,1981,google_pay,completed,2999.6,2023-08-31
2491,1981,google_pay,completed,3922.53,2023-09-01
2492,1982,bank_transfer,completed,4820.58,2023-08-26
2493,1983,debit_card,completed,4063.75,2025-11-28
2494,1984,bank_transfer,failed,5138.02,2025-09-14
2495,1984,credit_card,failed,3330.51,2025-09-15
2496,1985,paypal,completed,2863.81,2025-12-13
2497,1986,debit_card,completed,97.27,2024-05-17
2498,1987,debit_card,refunded,1408.09,2024-11-27
2499,1988,apple_pay,pending,5761.99,2024-08-21
2500,1989,apple_pay,completed,2207.53,2025-11-03
2501,1990,google_pay,completed,951.01,2024-07-04
2502,1991,google_pay,completed,921.39,2024-02-08
2503,1991,google_pay,completed,1618.67,2024-02-08
2504,1992,bank_transfer,completed,1249.87,2024-11-22
2505,1992,apple_pay,completed,972.1,2024-11-23
2506,1993,google_pay,completed,2252.62,2024-09-29
2507,1994,apple_pay,completed,2265.06,2025-12-30
2508,1995,google_pay,completed,1368.43,2022-12-01
2509,1996,google_pay,completed,3573.02,2024-09-18
2510,1996,apple_pay,completed,4205.86,2024-09-20
2511,1997,bank_transfer,completed,4929.42,2025-09-11
2512,1998,apple_pay,completed,3567.76,2023-03-30
2513,1999,paypal,completed,2692.9,2022-03-26
2514,2000,paypal,completed,3207.4,2025-12-09
